league,player,team,season,pos,age,minutes,nineties,goals_per90,assists_per90,ga_per90,shots_per90,sot_per90,g_per_sh,crosses_per90,fouls_drawn_per90,fouls_committed_per90,offsides_per90,season_end_year,us_position,us_minutes,npxg,xg,xa,np_goals,goals_us,key_passes,shots_us,xg_chain,xg_buildup,npxg_per90,xa_per90,npxg_xa_per90,key_passes_per90,key_passes_per100,goals_minus_npxg,goals_minus_npxg_per90,npxg_per_shot,in_bundesliga,crosses_per90_z,fouls_drawn_per90_z,sot_per90_z,npxg_xa_per90_z,winger_score,likely_winger,side_review,sofifa_player_id,fc_overall,fc_potential,fc_age,fc_value_eur,fc_pos,fifa_edition,sofifa_update,sofifa_version_id
GER-Bundesliga,Léo Scienza,Heidenheim,2425,"MF,FW",25,1153,12.8,0.23,0.23,0.47,2.97,1.17,0.08,6.328125,4.921875,1.25,0.390625,2025,,,,,,,,,,,,,,,,,,,,True,2.420784222276483,5.4181807597988465,0.6707312697439977,,2.8365654172731087,True,,,,,,,,,,
GER-Bundesliga,Omar Marmoush,Eintracht Frankfurt,2425,"FW,MF",25,1448,16.1,0.81,0.56,1.37,4.79,2.24,0.17,4.84472049689441,3.416149068322981,0.5590062111801242,0.4347826086956521,2025,F M,1471.0,8.938476577401161,10.454029858112335,6.4370531141757965,13.0,15.0,33.0,77.0,15.567543163895609,4.923579152673483,0.5468816396778412,0.3938373761222445,0.9407190158000858,2.019034670292318,2.2433718558803535,4.061523422598839,0.2484956546797386,0.1160841113948202,True,1.5985586814570345,3.117384881857149,3.158568997332724,2.368770848471081,2.5608208522794973,True,,256675.0,79.0,81.0,25.0,22500000.0,ST,FC 25,"Aug 7, 2024",250001.0
ENG-Premier League,Harry Kane,Tottenham Hotspur,1819,FW,25,2424,26.9,0.48,0.15,0.63,3.79,1.71,0.13,,,,,2019,,,,,,,,,,,,,,,,,,,,False,,,1.926275543480364,,1.926275543480364,True,,202126.0,89.0,92.0,24.0,86000000.0,ST,FIFA 19,"Aug 21, 2018",190002.0
GER-Bundesliga,Matheus Cunha,Hertha BSC,2021,"MF,FW",21,2149,23.9,0.21,0.17,0.38,2.93,1.47,0.07,4.560669456066946,3.0962343096234313,1.9246861924686192,0.2092050209205021,2021,,,,,,,,,,,,,,,,,,,,True,1.4411140868264194,2.6285452181284095,1.3682558662642013,,1.8126383904063432,True,,,,,,,,,,
GER-Bundesliga,Mark Uth,Köln,1920,"MF,FW",27,1162,12.9,0.31,0.39,0.7,3.41,1.39,0.09,6.89922480620155,2.3255813953488373,1.627906976744186,0.2325581395348837,2020,,,,,,,,,,,,,,,,,,,,True,2.7373349985703896,1.4509636867325095,1.182249307192147,,1.7901826641650154,True,,,,,,,,,,
GER-Bundesliga,Daniel Didavi,Stuttgart,1819,"FW,MF",28,956,10.6,0.19,0.19,0.38,2.26,0.94,0.08,7.0754716981132075,2.9245283018867925,1.1320754716981132,0.5660377358490566,2019,,,,,,,,,,,,,,,,,,,,True,2.835025612099216,2.3661731180621772,0.1359624124118417,,1.7790537141910785,True,,193886.0,80.0,80.0,28.0,15000000.0,CAM,FIFA 19,"Aug 21, 2018",190002.0
GER-Bundesliga,Christopher Nkunku,RB Leipzig,2021,"MF,FW",22,1892,21.0,0.29,0.29,0.57,2.62,1.24,0.11,6.857142857142857,2.380952380952381,1.9047619047619049,0.7142857142857143,2021,,,,,,,,,,,,,,,,,,,,True,2.714009699738492,1.5355722683834292,0.8334870089320453,,1.6943563256846554,True,,232411.0,80.0,86.0,22.0,34000000.0,CAM,FIFA 21,"Aug 24, 2020",210001.0
ENG-Premier League,Matheus Cunha,Wolves,2425,MF,25,2597,28.9,0.52,0.21,0.73,3.81,1.52,0.14,4.948096885813149,2.456747404844291,1.4878892733564015,0.2768166089965398,2025,,,,,,,,,,,,,,,,,,,,False,1.6558584315310854,1.6513894133699485,1.484509965684235,,1.597252603528423,True,,,,,,,,,,
GER-Bundesliga,Sébastien Haller,Eintracht Frankfurt,1819,FW,24,2182,24.2,0.49,0.37,0.87,,,,,,,,2019,F S,2176.0,11.421543806791306,13.694875746965408,7.365843757987022,12.0,15.0,38.0,54.0,18.38963846862316,5.616492498666048,0.4723984111264786,0.3046534642549779,0.7770518753814566,1.5716911764705883,1.7463235294117647,0.5784561932086945,0.023925118285286,0.2115100704961353,True,,,,1.5905461832519403,1.5905461832519403,True,,205693.0,78.0,83.0,24.0,14000000.0,ST,FIFA 19,"Aug 21, 2018",190002.0
GER-Bundesliga,Matheus Cunha,Hertha BSC,1920,"FW,MF",20,744,8.3,0.73,0.0,0.73,4.23,1.81,0.17,0.6024096385542168,3.4939759036144573,3.012048192771084,0.2409638554216867,2020,,,,,,,,,,,,,,,,,,,,True,-0.752881085997071,3.236306697617101,2.1587837423204324,,1.547403117980154,True,,,,,,,,,,
GER-Bundesliga,Robert Lewandowski,Bayern Munich,2021,FW,31,2458,27.3,1.21,0.26,1.46,5.02,2.45,0.24,1.0622710622710625,1.0622710622710625,1.5018315018315018,0.7692307692307692,2021,F S,2467.0,25.25734955817461,32.0773394331336,4.815550094470382,33.0,41.0,32.0,135.0,31.7401881814003,5.689343376085162,0.9214274261190576,0.175678763073504,1.0971061891925615,1.1674098094852048,1.2971220105391164,7.74265044182539,0.2824639399125598,0.1870914782087008,True,-0.4979878272628615,-0.4794136453954019,3.6468362148968665,3.112379830375639,1.4454536431535607,True,,188545.0,91.0,91.0,31.0,111000000.0,ST,FIFA 21,"Aug 24, 2020",210001.0
GER-Bundesliga,Robert Lewandowski,Bayern Munich,1920,FW,30,2759,30.7,0.95,0.13,1.08,4.47,2.22,0.21,0.749185667752443,1.4006514657980456,1.0423452768729642,0.5863192182410424,2020,F,2763.0,27.40788171626627,31.196764163672924,7.271126873791218,29.0,34.0,36.0,138.0,39.65042235143483,9.743501517921686,0.8927648767513444,0.2368445235762611,1.1296094003276056,1.1726384364820848,1.3029315960912051,1.5921182837337255,0.0518605304147793,0.1986078385236686,True,-0.6715256635656397,0.037642095780563,3.1120673575647104,3.266930099534234,1.436278472328467,True,,188545.0,89.0,89.0,30.0,64500000.0,ST,FIFA 20,"Aug 20, 2019",200001.0
GER-Bundesliga,Nadiem Amiri,Mainz 05,2324,MF,26,1315,14.6,0.07,0.27,0.34,2.46,0.55,0.03,8.493150684931507,2.191780821917808,0.7534246575342466,0.0684931506849315,2024,,,,,,,,,,,,,,,,,,,,True,3.620820632408704,1.2465122647705602,-0.7708195630644227,,1.3655044447049471,True,,,,,,,,,,
GER-Bundesliga,Milot Rashica,Werder Bremen,1819,FW,22,1550,17.2,0.46,0.29,0.75,3.43,1.45,0.14,6.686046511627907,1.976744186046512,1.9186046511627908,0.4651162790697674,2019,F M S,1571.0,5.643187647685409,6.400966620072722,4.246430315077305,8.0,9.0,30.0,59.0,10.05634217336774,2.0659022964537144,0.3232889167992914,0.2432709919522326,0.566559908751524,1.7186505410566515,1.9096117122851688,2.3568123523145914,0.135017894149149,0.0956472482658543,True,2.619173945277224,0.9179296223317144,1.3217542264961877,0.5896730706472773,1.3621327161881007,True,,229167.0,76.0,83.0,22.0,11000000.0,RW,FIFA 19,"Aug 21, 2018",190002.0
GER-Bundesliga,Harry Kane,Bayern Munich,2324,FW,30,2839,31.5,0.98,0.25,1.24,4.63,2.12,0.21,0.9523809523809524,1.238095238095238,0.3174603174603174,0.4126984126984127,2024,F,2854.0,29.327461294829845,33.116344682872295,6.784328814595938,31.0,36.0,31.0,146.0,38.139976032078266,8.29485059529543,0.924832346368145,0.2139416935226469,1.138774039890792,0.9775753328661528,1.0861948142957254,1.6725387051701546,0.0527429864980076,0.2008730225673277,True,-0.5588980205688291,-0.2107488568915576,2.8795591587246423,3.310507255814182,1.3551048842696094,True,,,,,,,,,,
FRA-Ligue 1,Stevan Jovetić,Monaco,2021,FW,30,802,8.9,0.67,0.0,0.67,5.05,2.24,0.13,2.9213483146067416,1.5730337078651684,1.797752808988764,0.449438202247191,2021,,,,,,,,,,,,,,,,,,,,False,0.5324666415126263,0.3010475028566358,3.158568997332724,,1.3306943805673288,True,,,,,,,,,,
GER-Bundesliga,Rodrigo Zalazar,Schalke 04,2223,"MF,FW",22,1321,14.7,0.07,0.41,0.48,2.59,0.95,0.03,7.82312925170068,2.4489795918367347,1.4965986394557824,0.272108843537415,2023,F M S,1338.0,3.0480029303580523,3.0480029303580523,3.818176798522472,1.0,1.0,35.0,38.0,5.541506182402372,2.16299463622272,0.2050226186339497,0.2568280357750542,0.4618506544090038,2.3542600896860986,2.615844544095665,-2.0480029303580523,-0.1377580446429183,0.080210603430475,True,3.2494393037519016,1.6395199544117025,0.1592132322958485,0.0917886193296541,1.2849902774472768,True,,251377.0,73.0,80.0,22.0,6000000.0,CM,FIFA 23,"Sep 1, 2022",230001.0
GER-Bundesliga,Karim Bellarabi,Leverkusen,1920,"MF,FW",29,1424,15.8,0.25,0.38,0.63,3.48,1.64,0.07,6.962025316455696,0.8860759493670886,1.3924050632911391,0.3797468354430379,2020,,,,,,,,,,,,,,,,,,,,True,2.7721442386659594,-0.7486452372505201,1.7635198042923166,,1.2623396019025852,True,,202857.0,82.0,82.0,29.0,21500000.0,RW,FIFA 20,"Aug 20, 2019",200001.0
GER-Bundesliga,Amine Adli,Leverkusen,2324,"MF,FW",23,898,10.0,0.4,0.6,1.0,2.71,1.5,0.15,2.2,2.8,1.4,0.7,2024,,,,,,,,,,,,,,,,,,,,True,0.1326357074315889,2.175890014317591,1.4380083259162215,,1.248844682555134,True,,255223.0,77.0,84.0,23.0,21500000.0,ST,FC 24,"Aug 11, 2023",240001.0
GER-Bundesliga,Serge Gnabry,Bayern Munich,1920,"MF,FW",24,2193,24.4,0.49,0.41,0.9,3.9,1.68,0.13,2.9098360655737707,0.9836065573770492,0.6147540983606558,0.6557377049180328,2020,F M S,2221.0,14.172484152019024,14.172484152019024,12.498703610152006,12.0,12.0,54.0,95.0,33.750422574579716,12.32283779233694,0.5743014739674526,0.5064760580430799,1.0807775320105326,2.1882035119315626,2.4313372354795137,-2.172484152019024,-0.0880340268715498,0.1491840437054634,True,0.5260856003553657,-0.5996154462629003,1.8565230838283435,3.034738321295322,1.2044328898040328,True,,206113.0,84.0,87.0,23.0,39500000.0,RM,FIFA 20,"Aug 20, 2019",200001.0
GER-Bundesliga,Noah Weißhaupt,St Pauli,2425,"FW,MF",22,1160,12.9,0.08,0.0,0.08,1.4,0.31,0.06,5.5813953488372094,3.255813953488372,0.7751937984496123,0.4651162790697674,2025,,,,,,,,,,,,,,,,,,,,True,2.006884850939911,2.872387858467964,-1.3288392402805858,,1.1834778230424297,True,,,,,,,,,,
GER-Bundesliga,Erik Thommy,Düsseldorf,1920,"MF,FW",24,2259,25.1,0.24,0.16,0.4,2.43,0.84,0.1,5.776892430278884,2.3505976095617527,0.6772908366533864,0.2788844621513944,2020,,,,,,,,,,,,,,,,,,,,True,2.1152455126343312,1.489189237167626,-0.096545786428226,,1.169296321124577,True,,221797.0,72.0,75.0,24.0,3900000.0,LM,FIFA 20,"Aug 20, 2019",200001.0
GER-Bundesliga,Christopher Nkunku,RB Leipzig,1920,"MF,FW",21,1925,21.4,0.23,0.61,0.84,2.43,1.17,0.1,5.700934579439252,1.869158878504673,1.121495327102804,0.2803738317757009,2020,,,,,,,,,,,,,,,,,,,,True,2.0731433854968264,0.7535359389183848,0.6707312697439977,,1.165803531386403,True,,232411.0,77.0,85.0,21.0,13000000.0,CM,FIFA 20,"Aug 20, 2019",200001.0
GER-Bundesliga,Leon Bailey,Leverkusen,1819,"FW,MF",20,1914,21.3,0.24,0.05,0.28,2.68,0.85,0.09,7.746478873239436,1.596244131455399,0.9389671361502347,0.2816901408450704,2019,,,,,,,,,,,,,,,,,,,,True,3.206953320493547,0.3365137492685613,-0.0732949665442192,,1.156724034405963,True,,229906.0,82.0,89.0,20.0,31500000.0,LM,FIFA 19,"Aug 21, 2018",190002.0
ITA-Serie A,Nicolás González,Fiorentina,2223,"FW,MF",24,1354,15.0,0.27,0.07,0.33,3.99,1.26,0.07,2.066666666666667,3.6666666666666665,1.0666666666666669,0.2666666666666666,2023,F M S,1338.0,5.536081410944462,7.058677390217781,1.6205474324524405,4.0,6.0,20.0,60.0,9.070842418819666,3.887412182986736,0.3723821576868472,0.1090054326761731,0.4813875903630203,1.3452914798206277,1.4947683109118086,-1.5360814109444618,-0.1033238617227216,0.092268023515741,False,0.0587313395536816,3.50018353431779,0.879988648700059,0.1846852472253515,1.1558971924492203,True,,,,,,,,,,
GER-Bundesliga,Donyell Malen,Dortmund,2223,"MF,FW",23,1706,19.0,0.47,0.32,0.79,3.32,1.53,0.14,3.5789473684210527,2.0526315789473686,0.6842105263157895,0.1578947368421052,2023,,,,,,,,,,,,,,,,,,,,True,0.8969624594320507,1.0338879100259224,1.5077607855682422,,1.1462037183420717,True,,231447.0,79.0,85.0,23.0,28000000.0,ST,FIFA 23,"Sep 1, 2022",230001.0
GER-Bundesliga,Tiago Tomás,Stuttgart,2223,"FW,MF",20,1291,14.3,0.21,0.21,0.42,2.37,0.91,0.09,2.3776223776223775,3.4265734265734262,0.9090909090909092,0.2097902097902098,2023,,,,,,,,,,,,,,,,,,,,True,0.2310887289752344,3.133313624258563,0.0662099527598215,,1.1435374353312062,True,,,,,,,,,,
GER-Bundesliga,Loïs Openda,RB Leipzig,2324,FW,23,2697,30.0,0.73,0.23,0.97,4.04,2.07,0.18,1.0666666666666669,2.1333333333333333,1.2666666666666666,1.1,2024,,,,,,,,,,,,,,,,,,,,True,-0.4955514195306228,1.1572026912405151,2.763305059304608,,1.1416521103381667,True,,243580.0,82.0,86.0,23.0,44000000.0,ST,FC 24,"Aug 11, 2023",240001.0
GER-Bundesliga,Leon Bailey,Leverkusen,2021,"FW,MF",22,2141,23.8,0.38,0.34,0.71,2.44,0.88,0.16,6.5966386554621845,1.8487394957983192,1.0084033613445378,0.6302521008403361,2021,,,,,,,,,,,,,,,,,,,,True,2.569616712077875,0.7223344894563518,-0.0035425068921988,,1.0961362315473426,True,,229906.0,80.0,85.0,22.0,32500000.0,LM,FIFA 21,"Aug 24, 2020",210001.0
GER-Bundesliga,Kingsley Coman,Bayern Munich,1819,"MF,FW",22,1378,15.3,0.39,0.26,0.65,2.02,1.24,0.19,3.660130718954248,2.679738562091503,1.1111111111111112,0.196078431372549,2019,F M S,1404.0,4.4566447623074055,4.4566447623074055,4.450503762811422,6.0,6.0,28.0,31.0,13.87202325463295,6.537648890167475,0.285682356558167,0.2852887027443219,0.5709710593024889,1.794871794871795,1.9943019943019944,1.5433552376925943,0.0989330280572176,0.1437627342679808,True,0.9419609909572986,1.9921268109389811,0.8334870089320453,0.6106477522600635,1.094555640772097,True,,213345.0,83.0,87.0,22.0,34000000.0,LM,FIFA 19,"Aug 21, 2018",190002.0
GER-Bundesliga,Robert Lewandowski,Bayern Munich,1819,FW,29,2957,32.9,0.58,0.21,0.79,4.38,1.55,0.13,0.303951367781155,1.4285714285714286,0.790273556231003,0.8814589665653496,2019,F,2959.0,30.112291682511568,33.143249057233334,9.613416269421576,19.0,22.0,47.0,144.0,41.92331736534834,8.940881442278624,0.9158858571902808,0.2923986023142757,1.2082844595045563,1.4295370057451842,1.5883744508279822,-11.112291682511568,-0.3379879186975468,0.2091131366841081,True,-0.918311359792694,0.0803046639876068,1.5542624253362558,3.6410239551027503,1.0893199211584796,True,,188545.0,90.0,90.0,29.0,77000000.0,ST,FIFA 19,"Aug 21, 2018",190002.0
GER-Bundesliga,Breel Embolo,Gladbach,2021,"FW,MF",23,1440,16.0,0.31,0.12,0.44,2.56,1.31,0.12,0.3125,3.4375,2.125,0.6875,2021,,,,,,,,,,,,,,,,,,,,True,-0.9135730003400356,3.1500097670100446,0.996242748120093,,1.077559838263367,True,,222357.0,78.0,84.0,23.0,22500000.0,ST,FIFA 21,"Aug 24, 2020",210001.0
GER-Bundesliga,Nicolás González,Stuttgart,2021,"FW,MF",22,934,10.4,0.29,0.19,0.48,4.72,1.25,0.06,1.25,3.173076923076923,1.25,0.673076923076923,2021,,,,,,,,,,,,,,,,,,,,True,-0.3939329136985003,2.7459631124241852,0.8567378288160521,,1.0695893425139122,True,,240690.0,75.0,83.0,22.0,12500000.0,ST,FIFA 21,"Aug 24, 2020",210001.0
ENG-Premier League,Erling Haaland,Manchester City,2324,"FW,MF",23,2552,28.4,0.71,0.18,0.88,4.27,2.08,0.17,0.176056338028169,1.0563380281690142,0.6338028169014085,0.2112676056338028,2024,F S,2581.0,25.564646281301975,31.65399668365717,4.7517555598169565,20.0,27.0,29.0,122.0,30.19725350290537,3.128645434975624,0.8914444654464075,0.1656946921284487,1.0571391575748563,1.0112359550561798,1.1235955056179776,-5.564646281301975,-0.1940403585111111,0.2095462809942785,False,-0.9892013697573484,-0.4884795053361124,2.786555879188615,2.9223396688567473,1.0578036682379754,True,,,,,,,,,,
ESP-La Liga,Robert Lewandowski,Barcelona,2223,FW,33,2847,31.6,0.73,0.22,0.95,4.27,1.83,0.17,0.6329113924050632,1.4556962025316456,1.2341772151898731,0.6962025316455696,2023,F S,2862.0,25.196005009114742,25.93928100913763,6.353777157142758,23.0,23.0,36.0,135.0,36.746243976056576,9.871428990736604,0.7923272015444888,0.1998043131176968,0.9921315146621856,1.1320754716981132,1.257861635220126,-2.1960050091147423,-0.0690567612929164,0.1866370741415906,False,-0.7359744897157134,0.1217521590495131,2.2052853820884457,2.613233326477955,1.05107409447505,True,,,,,,,,,,
FRA-Ligue 1,Loïs Openda,Lens,2223,FW,22,2517,28.0,0.72,0.14,0.86,3.72,1.82,0.19,1.1071428571428572,1.6785714285714286,1.5,0.7857142857142857,2023,F M S,2564.0,18.228005489334464,18.988100608810782,5.77396771684289,20.0,21.0,24.0,103.0,24.04535267688334,3.765678361058235,0.6398285858190725,0.2026743738361389,0.8425029596552114,0.842433697347894,0.93603744149766,1.771994510665536,0.0621994953041724,0.1769709270809171,False,-0.4731161649962581,0.4623124101415102,2.182034562204439,1.901761055198068,1.01824796563694,True,,203106.0,77.0,79.0,25.0,11000000.0,CAM,FIFA 20,"Aug 20, 2019",200001.0
GER-Bundesliga,Andrej Kramarić,Hoffenheim,2021,"FW,MF",29,2379,26.4,0.57,0.19,0.76,3.63,1.66,0.16,3.484848484848485,1.590909090909091,0.1893939393939394,0.3409090909090909,2021,,,,,,,,,,,,,,,,,,,,True,0.844805070618695,0.3283616420096222,1.8100214440603304,,0.9943960522295492,True,,216354.0,82.0,82.0,29.0,30500000.0,ST,FIFA 21,"Aug 24, 2020",210001.0
GER-Bundesliga,Marcus Thuram,Gladbach,1920,"MF,FW",21,2202,24.5,0.41,0.33,0.74,2.29,1.55,0.18,1.3877551020408163,2.489795918367347,2.122448979591837,0.8163265306122449,2020,,,,,,,,,,,,,,,,,,,,True,-0.3175776356613768,1.7018885660286664,1.5542624253362558,,0.979524451901182,True,,228093.0,75.0,81.0,21.0,9000000.0,LM,FIFA 20,"Aug 20, 2019",200001.0
GER-Bundesliga,Christian Pulisic,Dortmund,1819,"MF,FW",19,932,10.4,0.39,0.39,0.77,2.61,0.97,0.15,3.75,2.5,0.8653846153846153,0.673076923076923,2019,,,,,,,,,,,,,,,,,,,,True,0.9917739840122606,1.717480718932907,0.2057148720638621,,0.97165652500301,True,,227796.0,79.0,88.0,19.0,19000000.0,RM,FIFA 19,"Aug 21, 2018",190002.0
GER-Bundesliga,Antonio Nusa,RB Leipzig,2526,"FW,MF",20,2027,22.5,0.18,0.13,0.31,2.71,0.89,0.07,3.022222222222222,2.844444444444445,0.4,0.0444444444444444,2026,,,,,,,,,,,,,,,,,,,,True,0.5883793093453501,2.2438025025227297,0.0197083129918079,,0.9506300416199626,True,,262863.0,76.0,88.0,20.0,18000000.0,LM,FC 26,"Aug 7, 2025",260001.0
GER-Bundesliga,Thorgan Hazard,Gladbach,1819,"FW,MF",25,2873,31.9,0.22,0.34,0.56,2.41,0.81,0.09,5.736677115987461,1.974921630094044,0.8463949843260189,0.5015673981191223,2019,,,,,,,,,,,,,,,,,,,,True,2.092954857271439,0.9151447003651476,-0.1662982460802462,,0.9472671038521135,True,,203486.0,81.0,83.0,25.0,21500000.0,LM,FIFA 19,"Aug 21, 2018",190002.0
GER-Bundesliga,Matheus Pereira,Nürnberg,1819,"MF,FW",22,1232,13.7,0.22,0.15,0.37,2.12,0.73,0.1,1.8248175182481752,3.5036496350364965,2.1167883211678835,0.072992700729927,2019,,,,,,,,,,,,,,,,,,,,True,-0.0753214737139093,3.251088458966826,-0.3523048051523006,,0.9411540600335389,True,,,,,,,,,,
GER-Bundesliga,Serge Gnabry,Bayern Munich,2021,MF,25,1644,18.3,0.55,0.11,0.66,3.23,1.48,0.17,3.66120218579235,1.2021857923497268,1.2021857923497268,0.3825136612021858,2021,M S,1653.0,7.765031499788165,7.765031499788165,6.910004418343306,10.0,10.0,38.0,59.0,19.873918997123837,8.74215896986425,0.422778484561969,0.3762252859352072,0.7990037704971762,2.068965517241379,2.2988505747126435,2.234968500211835,0.1216861252383939,0.1316107033862401,True,0.9425548865525888,-0.2656196026310723,1.3915066861482082,1.694925756229511,0.9408419315748088,True,,206113.0,85.0,87.0,24.0,70000000.0,RM,FIFA 21,"Aug 24, 2020",210001.0
FRA-Ligue 1,Mathias Pereira Lage,Brest,2324,"MF,FW",26,1187,13.2,0.23,0.15,0.38,2.73,1.21,0.08,5.075757575757576,1.590909090909091,1.4393939393939394,0.4545454545454546,2024,,,,,,,,,,,,,,,,,,,,False,1.7266185509800884,0.3283616420096222,0.7637345492800249,,0.9395715807565784,True,,,,,,,,,,
GER-Bundesliga,Karim Onisiwo,Mainz 05,1819,"FW,MF",26,1161,12.9,0.54,0.23,0.78,3.02,1.32,0.18,1.7054263565891472,2.558139534883721,1.7054263565891472,0.2325581395348837,2019,F M S,1136.0,4.853994380682707,4.853994380682707,3.4238012190908194,7.0,7.0,21.0,39.0,9.384746996685864,2.397985400632024,0.3845594139625384,0.2712518571462797,0.6558112711088181,1.6637323943661972,1.8485915492957743,2.146005619317293,0.170018050826194,0.1244613943764796,True,-0.1414979362085555,1.806319729666373,1.0194935680040995,1.0140564344257252,0.9245929489719108,True,,229071.0,72.0,72.0,26.0,3300000.0,RM,FIFA 19,"Aug 21, 2018",190002.0
ENG-Premier League,Erling Haaland,Manchester City,2223,"FW,MF",22,2769,30.8,0.94,0.26,1.2,4.0,1.95,0.24,0.422077922077922,0.7792207792207793,1.0064935064935066,0.2597402597402597,2023,F S,2803.0,27.433209866285324,32.761399537324905,5.8491098545491695,29.0,36.0,29.0,123.0,31.963398084044456,3.285816218703985,0.8808379907119797,0.1878058818799234,1.068643872591903,0.9311452015697468,1.0346057795219408,1.566790133714676,0.0503072108577669,0.2230342265551652,False,-0.8528358473559602,-0.911923248100454,2.484295220696527,2.9770437039470043,0.9241449572967794,True,,,,,,,,,,
GER-Bundesliga,Harry Kane,Bayern Munich,2526,"FW,MF",32,2377,26.4,0.98,0.19,1.17,4.51,2.54,0.22,0.4545454545454546,1.2121212121212122,0.946969696969697,0.7575757575757576,2026,,,,,,,,,,,,,,,,,,,,True,-0.834839653879197,-0.2504379733750801,3.8560935938529273,,0.92360532219955,True,,202126.0,89.0,89.0,31.0,87000000.0,ST,FC 26,"Aug 7, 2025",260001.0
GER-Bundesliga,Leon Bailey,Leverkusen,1920,"MF,FW",21,1090,12.1,0.41,0.25,0.66,2.39,0.91,0.17,6.528925619834711,1.487603305785124,1.322314049586777,0.4958677685950413,2020,,,,,,,,,,,,,,,,,,,,True,2.5320845438643045,0.170507201450158,0.0662099527598215,,0.9229338993580948,True,,229906.0,82.0,88.0,21.0,30500000.0,LW,FIFA 20,"Aug 20, 2019",200001.0
ENG-Premier League,Sadio Mané,Liverpool,2021,FW,28,2810,31.2,0.35,0.22,0.58,3.01,1.15,0.12,1.9230769230769231,2.5,1.7307692307692308,0.9935897435897436,2021,F M S,2805.0,14.828551573678851,14.828551573678851,7.787754092365503,11.0,11.0,61.0,94.0,24.998916164040565,6.057659732177854,0.475782403433546,0.2498744628566471,0.7256568662901932,1.9572192513368984,2.1746880570409983,-3.828551573678851,-0.1228412269629577,0.1577505486561579,False,-0.0208579796994493,1.717480718932907,0.6242296299759841,1.3461668677602736,0.9167548092424288,True,,208722.0,90.0,90.0,28.0,120500000.0,LW,FIFA 21,"Aug 24, 2020",210001.0
GER-Bundesliga,Marco Richter,Mainz 05,2324,MF,25,717,8.0,0.13,0.0,0.13,4.77,1.13,0.03,4.625,2.125,1.25,0.5,2024,M S,679.0,2.0621123649179935,2.0621123649179935,1.9792995369061828,1.0,1.0,12.0,38.0,3.9209891632199287,1.1464222418144343,0.2733285903425912,0.262351926835871,0.5356805171784622,1.5905743740795288,1.7673048600883652,-1.0621123649179935,-0.1407807258359638,0.0542661148662629,True,1.4767713982110269,1.144469099702052,0.5777279902079705,0.4428439386196156,0.9104531066851664,True,,,,,,,,,,
GER-Bundesliga,Andrej Kramarić,Hoffenheim,2324,"MF,FW",32,2199,24.4,0.41,0.25,0.65,2.82,1.39,0.14,4.59016393442623,1.4344262295081969,0.3278688524590164,0.3278688524590164,2024,,,,,,,,,,,,,,,,,,,,True,1.4574623676691558,0.0892509812277452,1.182249307192147,,0.9096542186963492,True,,216354.0,81.0,81.0,32.0,21000000.0,CF,FC 24,"Aug 11, 2023",240001.0
GER-Bundesliga,Nadiem Amiri,Leverkusen,1920,MF,22,1857,20.6,0.05,0.1,0.15,2.04,0.87,0.02,5.485436893203883,1.8932038834951457,1.3106796116504853,0.145631067961165,2020,,,,,,,,,,,,,,,,,,,,True,1.953696733394002,0.7902774515690636,-0.0267933267762056,,0.9057269527289534,True,,225309.0,78.0,85.0,22.0,14500000.0,CAM,FIFA 20,"Aug 20, 2019",200001.0
GER-Bundesliga,Kingsley Coman,Bayern Munich,2223,MF,26,1409,15.7,0.51,0.32,0.83,3.13,1.15,0.16,4.840764331210191,1.337579617834395,0.5732484076433121,0.3184713375796179,2023,M S,1422.0,6.010770929977298,6.010770929977298,5.7907725758850574,8.0,8.0,41.0,49.0,18.71786822378635,8.904668807983398,0.3804285398719808,0.3665045934104466,0.7469331332824275,2.5949367088607596,2.8832630098452885,1.9892290700227024,0.1259005740520697,0.1226687944893326,True,1.596365847026191,-0.0587336421648601,0.6242296299759841,1.4473338809725351,0.9022989289524626,True,,213345.0,86.0,87.0,26.0,80000000.0,LM,FIFA 23,"Sep 1, 2022",230001.0
GER-Bundesliga,Florian Wirtz,Leverkusen,2425,MF,21,2351,26.1,0.31,0.46,0.77,2.99,1.49,0.1,3.908045977011494,1.4942528735632183,0.842911877394636,0.421455938697318,2025,,,,,,,,,,,,,,,,,,,,True,1.079376144212366,0.1806679470493875,1.4147575060322148,,0.8916005324313229,True,,256630.0,88.0,92.0,21.0,133500000.0,CAM,FC 25,"Aug 7, 2024",250001.0
ENG-Premier League,Matheus Pereira,West Brom,2021,MF,24,2577,28.6,0.24,0.21,0.45,2.27,0.98,0.11,5.0,1.818181818181818,1.2237762237762235,0.4895104895104895,2021,,,,,,,,,,,,,,,,,,,,False,1.684627432867641,0.6756414112404432,0.2289656919478689,,0.8630781786853178,True,,,,,,,,,,
GER-Bundesliga,Omar Marmoush,Eintracht Frankfurt,2324,"FW,MF",24,2301,25.6,0.39,0.23,0.63,3.05,1.29,0.13,1.25,2.890625,1.09375,0.46875,2024,F M S,2343.0,9.890889197587969,11.406442493200302,4.691447583958507,10.0,12.0,41.0,78.0,15.56265939772129,2.8945334600284696,0.3799317233388463,0.1802092541853459,0.5601409775241923,1.5749039692701663,1.749893299189074,0.109110802412033,0.0041911959953405,0.1268062717639483,True,-0.3939329136985003,2.3143678222983812,0.9497411083520794,0.5591515463347143,0.8573318908216686,True,,256675.0,75.0,80.0,24.0,8500000.0,ST,FC 24,"Aug 11, 2023",240001.0
GER-Bundesliga,Dodi Lukebakio,Düsseldorf,1819,"MF,FW",20,1972,21.9,0.27,0.14,0.41,2.56,1.41,0.11,1.8721461187214616,2.2831050228310503,1.3698630136986305,0.6392694063926941,2019,,,,,,,,,,,,,,,,,,,,True,-0.0490880464599775,1.386058473411256,1.2287509469601603,,0.8552404579704797,True,,231416.0,70.0,80.0,20.0,2900000.0,RM,FIFA 19,"Aug 21, 2018",190002.0
GER-Bundesliga,Sadio Mané,Bayern Munich,2223,"MF,FW",30,1425,15.8,0.38,0.32,0.69,3.41,1.39,0.11,1.3924050632911391,1.5189873417721518,1.0126582278481011,1.3924050632911391,2023,F M S,1449.0,10.26893113553524,11.784473165869713,4.721706811338663,6.0,7.0,25.0,54.0,19.7928506731987,6.392940312623978,0.6378218096605739,0.293273714989979,0.9310955246505528,1.5527950310559004,1.725327812284334,-4.26893113553524,-0.2651510022071577,0.1901653913988007,True,-0.3150002423099127,0.2184629808606277,1.182249307192147,2.323011888187859,0.8521809834826802,True,,208722.0,89.0,89.0,30.0,99500000.0,LM,FIFA 23,"Sep 1, 2022",230001.0
GER-Bundesliga,Timo Werner,RB Leipzig,1920,FW,23,2795,31.1,0.81,0.26,1.06,3.96,2.06,0.2,2.797427652733119,0.932475884244373,0.5787781350482315,1.4147909967845658,2020,,,,,,,,,,,,,,,,,,,,True,0.4637795551417616,-0.6777446990738828,2.7400542394206013,,0.84202969849616,True,,212188.0,83.0,87.0,23.0,34500000.0,ST,FIFA 20,"Aug 20, 2019",200001.0
GER-Bundesliga,Noah Weißhaupt,Freiburg,2324,MF,21,759,8.4,0.12,0.24,0.36,0.47,0.12,0.25,5.9523809523809526,3.6904761904761902,0.9523809523809524,0.238095238095238,2024,D M S,693.0,0.3708160705864429,0.3708160705864429,2.047544148750603,1.0,1.0,16.0,4.0,4.09987820032984,2.900294376537204,0.0481579312449925,0.2659148245130653,0.3140727557580579,2.0779220779220777,2.3088023088023086,0.629183929413557,0.0817121986251372,0.0927040176466107,True,2.212515774852693,3.5365652244276853,-1.7706048180767144,-0.6108839233093953,0.8418980644735671,True,,262672.0,69.0,77.0,21.0,3100000.0,LM,FC 24,"Aug 11, 2023",240001.0
GER-Bundesliga,Kingsley Coman,Bayern Munich,1920,"MF,FW",23,1505,16.7,0.24,0.18,0.42,2.21,0.9,0.11,4.730538922155689,1.9760479041916168,0.6586826347305389,0.2395209580838323,2020,F M S,1507.0,5.28508859500289,5.28508859500289,5.059591472148895,4.0,4.0,32.0,37.0,16.030744828283787,7.476638101041317,0.3156323646650697,0.3021653832072997,0.6177977478723694,1.911081619110816,2.12342402123424,-1.2850885950028896,-0.0767471622762177,0.1428402322973753,True,1.5352698031742655,0.916865682083409,0.0429591328758147,0.8333050550173877,0.8320999182877192,True,,213345.0,84.0,88.0,23.0,40500000.0,LM,FIFA 20,"Aug 20, 2019",200001.0
GER-Bundesliga,Serhou Guirassy,Stuttgart,2324,FW,27,2208,24.5,0.98,0.12,1.1,3.71,1.83,0.26,0.0408163265306122,2.2448979591836733,0.7346938775510204,0.6938775510204082,2024,,,,,,,,,,,,,,,,,,,,True,-1.0641625764688072,1.327676896326883,2.2052853820884457,,0.8229332339821739,True,,215441.0,77.0,77.0,27.0,11500000.0,ST,FC 24,"Aug 11, 2023",240001.0
GER-Bundesliga,Cauly Oliveira Souza,Paderborn 07,1920,"MF,FW",23,717,8.0,0.25,0.0,0.25,1.76,1.0,0.14,4.875,1.75,1.125,0.125,2020,,,,,,,,,,,,,,,,,,,,True,1.615342087982103,0.5714574804711969,0.2754673317158825,,0.8207556333897275,True,,238486.0,69.0,76.0,23.0,1500000.0,RM,FIFA 20,"Aug 20, 2019",200001.0
GER-Bundesliga,Loïs Openda,RB Leipzig,2425,FW,24,2453,27.3,0.33,0.18,0.51,2.86,1.21,0.12,0.9890109890109888,2.8205128205128203,1.0622710622710625,0.9890109890109888,2025,,,,,,,,,,,,,,,,,,,,True,-0.5385946228001732,2.2072342396430393,0.7637345492800249,,0.8107913887076302,True,,243580.0,85.0,87.0,24.0,71000000.0,ST,FC 25,"Aug 7, 2024",250001.0
GER-Bundesliga,André Silva,Eintracht Frankfurt,2021,FW,24,2760,30.7,0.68,0.23,0.91,3.75,2.02,0.18,0.4234527687296417,1.1074918566775245,0.5537459283387622,0.9446254071661238,2021,F,2787.0,20.294785987585783,25.599131893366575,5.467085654847324,21.0,28.0,31.0,114.0,26.746589360758662,4.0964294988662,0.6553752202664946,0.1765474377238102,0.8319226579903048,1.0010764262648009,1.112307140294223,0.705214012414217,0.0227733265580479,0.1780244384875945,True,-0.8520737935605271,-0.4103148703933952,2.647050959884574,1.8514525345015571,0.8090287076080522,True,,,,,,,,,,
GER-Bundesliga,Amine Adli,Leverkusen,2223,"FW,MF",22,1435,15.9,0.31,0.19,0.5,2.32,1.07,0.14,1.1320754716981132,2.9559748427672954,2.452830188679245,0.2515723270440251,2023,,,,,,,,,,,,,,,,,,,,True,-0.4592964466093853,2.414224406886567,0.4382230709039301,,0.797717010393704,True,,255223.0,74.0,84.0,22.0,9500000.0,ST,FIFA 23,"Sep 1, 2022",230001.0
GER-Bundesliga,Jamie Gittens,Dortmund,2425,MF,19,1776,19.7,0.41,0.15,0.56,2.64,1.22,0.15,2.487309644670051,2.233502538071066,1.269035532994924,0.1522842639593908,2025,,,,,,,,,,,,,,,,,,,,True,0.2918864899908357,1.310264339784076,0.7869853691640317,,0.7963787329796479,True,,,,,,,,,,
GER-Bundesliga,Davie Selke,Werder Bremen,2021,FW,25,813,9.0,0.22,0.11,0.33,3.21,1.44,0.07,1.3333333333333333,3.0,2.3333333333333335,1.0,2021,F S,786.0,3.004448665305972,3.762144638225436,0.3887912072241306,2.0,3.0,8.0,28.0,3.169440370053053,0.6270286981016397,0.3440208395388518,0.0445180771630683,0.3885389167019202,0.9160305343511452,1.0178117048346056,-1.004448665305972,-0.1150132059510655,0.1073017380466418,True,-0.3477426837748084,2.481496211240714,1.298503406612181,-0.2568030551371814,0.7938634697352263,True,,212626.0,73.0,77.0,25.0,4300000.0,ST,FIFA 21,"Aug 24, 2020",210001.0
GER-Bundesliga,Harry Kane,Bayern Munich,2425,FW,31,2381,26.5,0.64,0.34,0.98,4.31,2.04,0.15,0.5283018867924528,0.7924528301886793,0.3396226415094339,0.6037735849056604,2025,F S,2400.0,18.018512774258852,24.83850298821926,5.889719098806381,17.0,26.0,36.0,114.0,30.19251061975956,8.705299209803343,0.6756942290347069,0.2208644662052392,0.8965586952399462,1.35,1.5,-1.018512774258852,-0.0381942290347069,0.1580571295987618,True,-0.7939577351131162,-0.8917042642314897,2.693552599652588,2.158791920532454,0.7916706302101091,True,,202126.0,90.0,90.0,30.0,117500000.0,ST,FC 25,"Aug 7, 2024",250001.0
GER-Bundesliga,Marco Richter,Augsburg,2021,"MF,FW",22,1416,15.7,0.19,0.06,0.25,3.5,1.21,0.05,4.076433121019108,2.2929936305732483,1.2738853503184715,0.445859872611465,2021,F M S,1403.0,4.99990101531148,4.99990101531148,1.3199817165732384,3.0,3.0,15.0,55.0,6.450926210731268,0.7611310109496117,0.3207349190149915,0.0846745220895163,0.4054094411045079,0.962223806129722,1.069137562366358,-1.9999010153114796,-0.1282901577890471,0.0909072911874814,True,1.1727102349872325,1.4011685724360443,0.7637345492800249,-0.1765850090975574,0.790257086901436,True,,238068.0,74.0,82.0,22.0,9500000.0,RM,FIFA 21,"Aug 24, 2020",210001.0
GER-Bundesliga,Kai Pröger,Paderborn 07,1920,"MF,FW",27,2079,23.1,0.09,0.26,0.35,2.21,0.61,0.04,8.181818181818182,1.0822510822510822,0.5194805194805194,0.4329004329004329,2020,,,,,,,,,,,,,,,,,,,,True,3.4482543935904277,-0.4488835557926923,-0.631314643760382,,0.7893520646791178,True,,246845.0,69.0,69.0,27.0,1100000.0,RM,FIFA 20,"Aug 20, 2019",200001.0
GER-Bundesliga,Nadiem Amiri,Mainz 05,2425,MF,27,2473,27.5,0.18,0.18,0.36,2.26,0.95,0.08,6.0,1.8545454545454545,1.6,0.0727272727272727,2025,M,2501.0,4.194904129952192,5.710457522422075,8.261441332288086,5.0,7.0,62.0,62.0,16.05507216975093,10.064808908849956,0.1509561662117942,0.2972929707740614,0.4482491369858557,2.2311075569772094,2.4790083966413436,0.8050958700478077,0.0289718625766904,0.0676597440314869,True,2.238910191951945,0.7312061743173746,0.1592132322958485,0.0271144500613008,0.7891110121566173,True,,225309.0,78.0,79.0,27.0,16000000.0,CM,FC 25,"Aug 7, 2024",250001.0
FRA-Ligue 1,Mathias Pereira Lage,Brest,2425,"MF,FW",27,1571,17.5,0.11,0.4,0.52,2.06,0.86,0.06,5.6571428571428575,1.6,1.6571428571428573,0.1142857142857142,2025,,,,,,,,,,,,,,,,,,,,False,2.0488703888373268,0.342252832778855,-0.0500441466602124,,0.7803596916519897,True,,,,,,,,,,
GER-Bundesliga,Roland Sallai,Freiburg,1920,MF,22,1162,12.9,0.15,0.0,0.15,2.63,0.93,0.06,3.255813953488372,3.255813953488372,2.3255813953488373,0.6976744186046512,2020,F M S,1170.0,3.173120791092515,3.173120791092515,0.91549701243639,2.0,2.0,12.0,34.0,4.2775292079895735,1.7039513187482953,0.2440862146994242,0.0704228471104915,0.3145090618099158,0.9230769230769232,1.0256410256410255,-1.173120791092515,-0.0902400608532703,0.0933270820909563,True,0.7178551786508311,2.872387858467964,0.1127115925278351,-0.608809321588661,0.7735363270144924,True,,234171.0,72.0,79.0,22.0,4400000.0,LM,FIFA 20,"Aug 20, 2019",200001.0
GER-Bundesliga,Roland Sallai,Freiburg,2021,"MF,FW",23,1661,18.5,0.38,0.16,0.54,2.55,1.08,0.15,2.5405405405405403,3.027027027027027,2.6486486486486487,0.6486486486486487,2021,F M S,1694.0,6.080245697870851,6.838023686781526,1.383343892171979,7.0,8.0,15.0,47.0,8.550057578831911,3.147823303937912,0.3230354857192305,0.0734952481083105,0.3965307338275411,0.7969303423848878,0.885478158205431,0.9197543021291494,0.0488653407270504,0.1293669297419329,True,0.3213914578224599,2.522794345960055,0.461473890787937,-0.2188025793472896,0.7717142788057907,True,,234171.0,72.0,77.0,23.0,3500000.0,RM,FIFA 21,"Aug 24, 2020",210001.0
ESP-La Liga,Robert Lewandowski,Barcelona,2425,FW,35,2667,29.6,0.81,0.07,0.88,3.88,1.62,0.21,0.1689189189189189,1.3175675675675675,1.0135135135135134,0.5743243243243243,2025,F S,2716.0,26.441228091716766,29.41433861851692,2.4752993676811457,24.0,27.0,18.0,115.0,29.242779716849327,6.6593545116484165,0.876182079622426,0.0820239113001852,0.9582059909226112,0.5964653902798233,0.6627393225331369,-2.4412280917167664,-0.0808948925826616,0.2299237225366675,False,-0.9931575181139646,-0.0893126750382577,1.7170181645243034,2.4519200702734185,0.7716170104113749,True,,,,,,,,,,
GER-Bundesliga,Eric Maxim Choupo-Moting,Bayern Munich,2324,MF,34,717,8.0,0.25,0.25,0.5,3.26,1.51,0.08,1.375,0.875,1.25,0.25,2024,M S,695.0,5.640835586935282,5.640835586935282,2.1856860015541315,2.0,2.0,16.0,26.0,10.652611684054136,4.074539352208376,0.7304679177326264,0.2830384750213983,1.0135063927540249,2.0719424460431655,2.302158273381295,-3.6408355869352818,-0.4714751119772307,0.2169552148821262,True,-0.3246475688129623,-0.7655696310674651,1.4612591458002286,2.7148692278847597,0.7714777934511402,True,,183569.0,78.0,78.0,34.0,7000000.0,ST,FC 24,"Aug 11, 2023",240001.0
GER-Bundesliga,Virgil Misidjan,Nürnberg,1819,"MF,FW",25,1543,17.1,0.06,0.06,0.12,1.34,0.47,0.04,2.923976608187134,3.157894736842105,2.046783625730994,0.5847953216374269,2019,,,,,,,,,,,,,,,,,,,,True,0.5339234593300499,2.722764261443179,-0.9568261221364772,,0.7666205328789172,True,,,,,,,,,,
GER-Bundesliga,Leonardo Bittencourt,Hoffenheim,1819,MF,24,1069,11.9,0.08,0.25,0.34,1.94,0.84,0.04,3.613445378151261,2.6050420168067228,1.4285714285714286,0.2521008403361344,2019,M S,1070.0,3.278507376089692,3.278507376089692,2.7456207796931267,1.0,1.0,22.0,23.0,10.35918240994215,5.3902182802557945,0.2757623026617498,0.2309400655816648,0.5067023682434146,1.8504672897196264,2.0560747663551404,-2.278507376089692,-0.1916501531290395,0.1425437989604214,True,0.9160841114482274,1.8779881753000935,-0.096545786428226,0.3050550691130955,0.7506453923582976,True,,203106.0,79.0,82.0,24.0,16000000.0,LM,FIFA 19,"Aug 21, 2018",190002.0
GER-Bundesliga,Nathan Tella,Leverkusen,2324,MF,24,819,9.1,0.55,0.22,0.77,2.31,1.21,0.24,2.967032967032967,1.978021978021978,1.208791208791209,0.4395604395604395,2024,,,,,,,,,,,,,,,,,,,,True,0.5577888567072421,0.91988212806212,0.7637345492800249,,0.7471351780164622,True,,258626.0,68.0,68.0,27.0,1300000.0,RM,FC 25,"Aug 7, 2024",250001.0
GER-Bundesliga,Sven Schipplock,Arminia,2021,FW,31,744,8.3,0.12,0.0,0.12,1.94,0.6,0.06,1.325301204819277,3.4939759036144573,4.578313253012047,0.36144578313253,2021,,,,,,,,,,,,,,,,,,,,True,-0.3521947541288992,3.236306697617101,-0.654565463644389,,0.7431821599479376,True,,,,,,,,,,
GER-Bundesliga,Marvin Ducksch,Werder Bremen,2425,FW,30,2418,26.9,0.26,0.3,0.56,2.64,1.08,0.1,6.282527881040893,0.6319702602230484,0.2230483271375465,0.5204460966542751,2025,F S,2477.0,8.931332174688578,10.446885596960785,10.059994157403708,7.0,8.0,61.0,71.0,19.355842046439648,4.983372114598751,0.3245134823261897,0.3655225975641234,0.6900360798903131,2.2163907953169155,2.4626564392410173,-1.9313321746885777,-0.0701735549947404,0.1257934109111067,True,2.395510525373534,-1.1369266036297168,0.461473890787937,1.1767927679868904,0.724212645129661,True,,197031.0,77.0,77.0,30.0,10500000.0,ST,FC 25,"Aug 7, 2024",250001.0
GER-Bundesliga,Deniz Undav,Stuttgart,2324,"FW,MF",27,2089,23.2,0.78,0.43,1.21,4.65,2.33,0.17,0.3879310344827586,1.1637931034482758,1.25,0.1724137931034483,2024,,,,,,,,,,,,,,,,,,,,True,-0.8717628784263489,-0.3242848208551974,3.367826376288785,,0.7239262256690795,True,,244176.0,75.0,76.0,26.0,6500000.0,ST,FC 24,"Aug 11, 2023",240001.0
GER-Bundesliga,Jhon Córdoba,Köln,1920,FW,26,1998,22.2,0.59,0.09,0.68,2.75,1.13,0.21,0.4954954954954955,2.927927927927928,2.612612612612613,1.1711711711711712,2020,,,,,,,,,,,,,,,,,,,,True,-0.8121417521967931,2.3713678519891386,0.5777279902079705,,0.7123180300001053,True,,210287.0,76.0,79.0,26.0,9500000.0,ST,FIFA 20,"Aug 20, 2019",200001.0
ITA-Serie A,Krzysztof Piątek,Genoa,1819,FW,23,1593,17.7,0.62,0.0,0.62,4.29,1.75,0.14,0.5084745762711864,1.9774011299435028,1.7514124293785311,0.6214689265536724,2019,,,,,,,,,,,,,,,,,,,,False,-0.8049476714940651,0.9189334529614706,2.0192788230163914,,0.711088201494599,True,,223113.0,70.0,76.0,23.0,2500000.0,ST,FIFA 19,"Aug 21, 2018",190002.0
ESP-La Liga,Dodi Lukebakio,Sevilla,2324,"MF,FW",25,1125,12.5,0.4,0.08,0.48,3.36,1.36,0.12,2.88,1.76,1.92,0.32,2024,F M S,1122.0,6.540482584387064,6.540482584387064,0.6361335068941116,5.0,5.0,13.0,42.0,9.135638374835253,3.597939668223262,0.5246376404588554,0.051026751889902,0.5756643923487574,1.0427807486631016,1.1586452762923352,-1.540482584387064,-0.1235681217422778,0.1557257758187396,False,0.5095479836089157,0.5867377903173531,1.112496847540127,0.6329641899356527,0.7104367028505121,True,,,,,,,,,,
GER-Bundesliga,Roland Sallai,Freiburg,2223,"MF,FW",25,1002,11.1,0.09,0.27,0.36,2.87,0.99,0.03,3.153153153153154,2.702702702702702,2.612612612612613,0.2702702702702703,2023,D F M S,996.0,3.211693041957915,3.211693041957915,1.432769381441176,1.0,1.0,16.0,32.0,4.082279880531132,0.7020894680172205,0.2902132266829441,0.1294671127808291,0.4196803394637732,1.4457831325301205,1.6064257028112447,-2.211693041957915,-0.1998517808998116,0.1003654075611848,True,0.6609520669912232,2.027216729327964,0.2522165118318757,-0.1087279849593663,0.7079143307979241,True,,234171.0,76.0,77.0,25.0,9000000.0,RM,FIFA 23,"Sep 1, 2022",230001.0
GER-Bundesliga,Thomas Müller,Bayern Munich,1920,MF,29,2255,25.1,0.32,0.84,1.16,2.16,0.76,0.15,4.183266932270916,0.99601593625498,0.6772908366533864,0.4382470119521912,2020,M S,2258.0,8.575404800474644,8.575404800474644,15.50623968243599,8.0,8.0,83.0,53.0,36.35653913021088,18.292041327804327,0.3418008999303445,0.6180520688304867,0.9598529687608311,3.308237378210806,3.6758193091231175,-0.5754048004746437,-0.022934646608821,0.1618000905749932,True,1.2319263746513762,-0.5806535308375878,-0.2825523455002802,2.459751323226783,0.7071179553850728,True,,189596.0,86.0,86.0,29.0,43500000.0,CAM,FIFA 20,"Aug 20, 2019",200001.0
GER-Bundesliga,Dani Olmo,RB Leipzig,2223,MF,24,1282,14.2,0.14,0.35,0.49,3.02,1.12,0.05,0.7746478873239437,2.8169014084507045,1.1971830985915493,0.0704225352112676,2023,,,,,,,,,,,,,,,,,,,,True,-0.657412394249138,2.201715890113912,0.5544771703239642,,0.699593555396246,True,,,,,,,,,,
GER-Bundesliga,Erik Thommy,Stuttgart,1819,"MF,FW",23,794,8.8,0.11,0.11,0.23,2.83,0.57,0.04,5.113636363636363,2.0454545454545454,0.9090909090909092,0.5681818181818181,2019,,,,,,,,,,,,,,,,,,,,True,1.7476141100363116,1.0229211804712646,-0.7243179232964093,,0.6820724557370555,True,,221797.0,75.0,79.0,23.0,8500000.0,LM,FIFA 19,"Aug 21, 2018",190002.0
GER-Bundesliga,Robin Hack,Gladbach,2324,"FW,MF",24,1348,15.0,0.67,0.13,0.8,2.87,1.47,0.23,2.933333333333333,1.4666666666666666,1.1333333333333333,0.6,2024,,,,,,,,,,,,,,,,,,,,True,0.5391097307600786,0.1385153681634395,1.3682558662642013,,0.6819603217292398,True,,239367.0,72.0,76.0,24.0,3400000.0,LM,FC 24,"Aug 11, 2023",240001.0
GER-Bundesliga,Moanes Dabbur,Hoffenheim,1920,FW,27,766,8.5,0.47,0.0,0.47,2.82,1.29,0.17,0.5882352941176471,2.588235294117647,2.7058823529411766,0.4705882352941176,2020,,,,,,,,,,,,,,,,,,,,True,-0.7607376807395841,1.852306982281344,0.9497411083520794,,0.6804368032979463,True,,223790.0,78.0,78.0,28.0,14500000.0,ST,FC 24,"Aug 11, 2023",240001.0
GER-Bundesliga,Ritsu Doan,Arminia,2021,"MF,FW",22,2768,30.8,0.16,0.07,0.23,2.24,0.68,0.07,4.48051948051948,2.0779220779220777,1.0064935064935066,0.1623376623376623,2021,,,,,,,,,,,,,,,,,,,,True,1.3966883372394308,1.0725325760756672,-0.4685589045723344,,0.6668873362475879,True,,,,,,,,,,
FRA-Ligue 1,Breel Embolo,Monaco,2223,FW,25,1859,20.7,0.58,0.1,0.68,1.98,1.02,0.29,0.144927536231884,2.705314009661836,2.4154589371980677,0.6280193236714976,2023,F S,1855.0,9.970424357801676,10.730522338300943,4.767423424869776,12.0,12.0,29.0,42.0,15.112155560404062,2.4591194596141577,0.4837402653380867,0.2313035623926037,0.7150438277306904,1.4070080862533694,1.5633423180592994,2.029575642198324,0.0984699772495143,0.2373910561381351,False,-1.0064555279039815,2.031206887271862,0.3219689714838961,1.295702685647718,0.6606057541248735,True,,,,,,,,,,
GER-Bundesliga,Randal Kolo Muani,Eintracht Frankfurt,2223,FW,23,2631,29.2,0.44,0.38,0.82,2.63,1.09,0.17,0.8904109589041096,2.4315068493150687,1.7123287671232876,0.7191780821917808,2023,F M S,2671.0,13.125744855031371,14.64113382063806,7.074136344715953,13.0,15.0,41.0,77.0,21.198371678590775,3.378522824496031,0.4422751916708436,0.2383647589009493,0.680639950571793,1.381505054286784,1.5350056158742045,-0.1257448550313711,-0.0042370037262536,0.1704642188965113,True,-0.5932469195336098,1.612821062452386,0.4847247106719438,1.1321148957239695,0.6591034373286724,True,,237679.0,78.0,84.0,23.0,22500000.0,ST,FIFA 23,"Sep 1, 2022",230001.0
GER-Bundesliga,Nadiem Amiri,Mainz 05,2526,MF,28,2083,23.1,0.17,0.09,0.26,2.33,0.95,0.07,5.887445887445887,1.1255411255411254,0.8658008658008658,0.1298701298701298,2026,,,,,,,,,,,,,,,,,,,,True,2.176523387899166,-0.3827350283201551,0.1592132322958485,,0.6510005306249532,True,,225309.0,81.0,81.0,28.0,25500000.0,CM,FC 26,"Aug 7, 2025",260001.0
GER-Bundesliga,Kingsley Coman,Bayern Munich,2021,MF,24,1752,19.5,0.26,0.51,0.77,2.67,0.98,0.1,4.769230769230769,1.7435897435897436,0.6666666666666666,0.358974358974359,2021,M S,1785.0,4.1304193660616875,4.1304193660616875,5.677491904236376,5.0,5.0,45.0,52.0,14.61808417364955,6.595101764425635,0.208256438624959,0.2862600960119181,0.4945165346368771,2.26890756302521,2.5210084033613445,0.8695806339383125,0.0438444017111754,0.0794311416550324,True,1.5567160269251092,0.5616624100569942,0.2289656919478689,0.2471123675139396,0.648614124110978,True,,213345.0,84.0,88.0,24.0,60500000.0,LM,FIFA 21,"Aug 24, 2020",210001.0
GER-Bundesliga,Serge Gnabry,Bayern Munich,1819,"MF,FW",23,1762,19.6,0.51,0.26,0.77,3.27,1.63,0.16,1.683673469387755,0.7653061224489796,1.2755102040816326,0.6632653061224489,2019,F M S,1782.0,9.336768036708236,9.336768036708236,7.477373942732811,10.0,10.0,27.0,63.0,23.93461725302041,9.198959412053227,0.4715539412478907,0.3776451486228692,0.8491990898707599,1.3636363636363635,1.5151515151515151,0.6632319632917643,0.0334965638026143,0.1482026672493371,True,-0.1535551865445928,-0.9331852747880556,1.7402689844083097,1.9336006393805132,0.6467822906140437,True,,206113.0,82.0,88.0,22.0,30500000.0,LM,FIFA 19,"Aug 21, 2018",190002.0
FRA-Ligue 1,Alexis Claude-Maurice,Nice,2021,"MF,FW",22,1910,21.2,0.19,0.24,0.42,1.65,0.8,0.11,2.688679245283019,2.5,1.179245283018868,0.0471698113207547,2021,,,,,,,,,,,,,,,,,,,,False,0.403502187814296,1.717480718932907,-0.189549065964253,,0.6438112802609833,True,,,,,,,,,,
ESP-La Liga,Dani Olmo,Barcelona,2425,MF,26,1212,13.5,0.59,0.22,0.82,3.12,1.26,0.19,1.5555555555555556,1.9259259259259256,1.5555555555555556,0.074074074074074,2025,M S,1221.0,5.151577670127153,6.638132888823748,3.851693106815219,8.0,10.0,27.0,42.0,17.126844070851803,9.938899960368872,0.3797231697882423,0.2839085828119326,0.6636317526001749,1.9901719901719903,2.211302211302211,2.8484223298728466,0.2099574198923474,0.1226566111935036,False,-0.2245687373116295,0.8402777462832028,0.879988648700059,1.0512422224519389,0.6367349700308929,True,,,,,,,,,,
GER-Bundesliga,Donyell Malen,Dortmund,2324,"MF,FW",24,1781,19.8,0.66,0.05,0.71,3.64,1.82,0.18,1.9191919191919191,1.2121212121212122,0.5555555555555556,0.1515151515151515,2024,,,,,,,,,,,,,,,,,,,,True,-0.0230113703718825,-0.2504379733750801,2.182034562204439,,0.6361950728191587,True,,231447.0,82.0,84.0,24.0,39500000.0,RM,FC 24,"Aug 11, 2023",240001.0
GER-Bundesliga,Karim Onisiwo,Mainz 05,1920,"FW,MF",27,1728,19.2,0.21,0.31,0.52,2.14,1.25,0.1,1.1979166666666667,2.760416666666667,1.71875,0.5729166666666667,2020,F M S,1728.0,4.738797688856721,4.738797688856721,3.733342070132494,4.0,4.0,31.0,41.0,9.808763418346643,2.011385388672352,0.2468123796279542,0.1944448994860674,0.4412572791140216,1.6145833333333337,1.7939814814814814,-0.7387976888567209,-0.0384790462946208,0.1155804314355297,True,-0.4228018074008078,2.11540545450989,0.8567378288160521,-0.0061312963826723,0.6358025448856155,True,,229071.0,75.0,76.0,27.0,8000000.0,ST,FIFA 20,"Aug 20, 2019",200001.0
FRA-Ligue 1,Serhou Guirassy,Rennes,2021,FW,24,1764,19.6,0.46,0.05,0.51,2.65,1.28,0.17,0.2040816326530612,2.8061224489795915,1.9387755102040816,0.3571428571428571,2021,F S,1766.0,7.385230831801891,8.145257823169231,2.8140995800495148,9.0,10.0,26.0,52.0,8.88998200185597,1.8485849108546972,0.3763707671926218,0.1434139083830443,0.5197846755756662,1.3250283125707814,1.4722536806342017,1.614769168198109,0.0822928794664947,0.142023669842344,False,-0.9736674321285126,2.185245306060135,0.9264902884680726,0.3672604343311497,0.6263321491827112,True,,,,,,,,,,
GER-Bundesliga,Dodi Lukebakio,Hertha BSC,2223,"FW,MF",24,2397,26.6,0.23,0.11,0.34,2.4,1.01,0.09,2.481203007518797,2.218045112781955,1.2406015037593985,0.6390977443609023,2023,,,,,,,,,,,,,,,,,,,,True,0.288501686301912,1.2866449149999335,0.2987181515998893,,0.6246215843005782,True,,231416.0,74.0,78.0,24.0,6000000.0,RM,FIFA 23,"Sep 1, 2022",230001.0
ITA-Serie A,Nicolás González,Fiorentina,2324,MF,25,1913,21.3,0.52,0.09,0.61,4.09,1.65,0.13,1.8779342723004695,1.6901408450704225,0.9859154929577464,0.0938967136150234,2024,M S,1915.0,8.570913629606366,10.854810073971748,2.028881089761853,11.0,12.0,22.0,85.0,10.353842929005625,3.541329130530358,0.402810562226931,0.0953521138791471,0.4981626761060782,1.0339425587467364,1.1488250652741514,2.429086370393634,0.1141607171464371,0.100834277995369,False,-0.0458797727242012,0.479990837025896,1.7867706241763233,0.264449489779,0.6213327945642545,True,,223113.0,80.0,86.0,24.0,20500000.0,ST,FIFA 20,"Aug 20, 2019",200001.0
GER-Bundesliga,Roland Sallai,Freiburg,2324,"MF,FW",26,1840,20.4,0.15,0.1,0.24,2.74,0.93,0.05,3.6764705882352944,2.058823529411765,2.0098039215686274,0.5392156862745099,2024,D F M S,1875.0,6.325953006744385,7.083729654550552,4.516578245908022,3.0,3.0,30.0,56.0,14.219031397253277,4.067937880754471,0.3036457443237305,0.216795755803585,0.5204415001273156,1.4400000000000002,1.6,-3.3259530067443848,-0.1596457443237304,0.1129634465490068,True,0.9510178987854736,1.043349402190725,0.1127115925278351,0.3703835845585418,0.619365619515644,True,,234171.0,76.0,77.0,26.0,9000000.0,RM,FC 24,"Aug 11, 2023",240001.0
GER-Bundesliga,Leonardo Bittencourt,Werder Bremen,1920,"FW,MF",25,1889,21.0,0.19,0.1,0.29,2.0,0.52,0.1,4.0476190476190474,2.380952380952381,2.4761904761904763,0.5238095238095238,2020,,,,,,,,,,,,,,,,,,,,True,1.156739090882589,1.5355722683834292,-0.840572022716443,,0.6172464455165251,True,,,,,,,,,,
ENG-Premier League,Christian Pulisic,Chelsea,1920,"FW,MF",20,1722,19.1,0.47,0.21,0.68,3.29,1.36,0.14,1.7801047120418847,1.5706806282722512,0.6806282722513088,0.1570680628272251,2020,F M S,1738.0,8.925187893211842,8.925187893211842,4.296079449355602,9.0,9.0,30.0,63.0,16.746657617390156,7.069775715470314,0.4621788897520517,0.2224667148688171,0.6846456046208689,1.5535097813578826,1.726121979286536,0.0748121067881584,0.0038740446553131,0.1416696490986006,False,-0.1001050113043338,0.2974519243293916,1.112496847540127,1.151161472656592,0.6152513083054442,True,,227796.0,79.0,86.0,20.0,18000000.0,LW,FIFA 20,"Aug 20, 2019",200001.0
GER-Bundesliga,Dominik Szoboszlai,RB Leipzig,2223,"MF,FW",21,2444,27.2,0.18,0.29,0.48,2.21,1.07,0.08,4.338235294117647,1.4338235294117647,0.9191176470588236,0.0735294117647058,2023,,,,,,,,,,,,,,,,,,,,True,1.317822665826557,0.0883300368059661,0.4382230709039301,,0.6147919245121511,True,,236772.0,79.0,87.0,21.0,39500000.0,CAM,FIFA 23,"Sep 1, 2022",230001.0
GER-Bundesliga,Hugo Ekitike,Eintracht Frankfurt,2425,FW,22,2563,28.5,0.49,0.28,0.77,4.11,1.69,0.12,0.5964912280701754,0.5964912280701754,1.368421052631579,0.6666666666666666,2025,F M S,2623.0,20.81734884157777,23.090678934007883,7.497596137225628,14.0,15.0,43.0,117.0,32.08109536021948,6.5742603074759245,0.714281889341212,0.2572564439002312,0.9715383332414432,1.4754098360655736,1.639344262295082,-6.817348841577768,-0.2339158962035833,0.1779260584750236,True,-0.756161558889559,-1.1911396640634804,1.8797739037123504,2.5153143326227285,0.6119467533455099,True,,257289.0,76.0,82.0,22.0,12000000.0,ST,FC 25,"Aug 7, 2024",250001.0
GER-Bundesliga,Ishak Belfodil,Hoffenheim,1819,"FW,MF",26,1863,20.7,0.77,0.14,0.92,4.25,1.79,0.18,0.9661835748792272,0.7246376811594203,1.3043478260869563,1.0628019323671498,2019,F M S,1867.0,12.273318383842708,12.273318383842708,5.104060221463442,16.0,16.0,30.0,89.0,18.454886622726917,3.812878400087357,0.5916436285730282,0.2460446812703319,0.8376883098433602,1.4461703267273702,1.6068559185859668,3.7266816161572938,0.1796472123482358,0.1379024537510416,True,-0.5512474648878862,-0.995327913174523,2.1122821025524186,1.878867765632481,0.6111436225306226,True,,194728.0,76.0,78.0,26.0,9500000.0,ST,FIFA 19,"Aug 21, 2018",190002.0
GER-Bundesliga,Martin Harnik,Werder Bremen,1819,"FW,MF",31,828,9.2,0.43,0.22,0.65,3.04,1.85,0.14,1.0869565217391306,0.6521739130434783,1.847826086956522,0.8695652173913044,2019,F M S,829.0,6.108242196030915,6.108242196030915,1.4193743076175451,4.0,4.0,13.0,28.0,7.418506788089871,1.670839998871088,0.6631384772530547,0.1540937125278396,0.8172321897808944,1.411338962605549,1.5681544028950545,-2.108242196030915,-0.2288803349128858,0.2181515070011041,True,-0.4843051026796368,-1.1060547961176834,2.2517870218564595,1.7816004879946117,0.6107569027634376,True,,177666.0,77.0,77.0,31.0,8000000.0,ST,FIFA 19,"Aug 21, 2018",190002.0
GER-Bundesliga,Max Kruse,Werder Bremen,1819,"FW,MF",30,2832,31.5,0.25,0.29,0.54,2.89,1.3,0.09,5.365079365079365,1.0476190476190477,0.7619047619047619,0.1904761904761904,2019,F M,2840.0,8.571802706457675,10.845133722759783,5.906608497723937,8.0,11.0,78.0,91.0,19.77341654151678,9.382066175341606,0.2716416350637995,0.1871812552095614,0.4588228902733609,2.471830985915493,2.746478873239437,-0.5718027064576745,-0.0181205083032361,0.0941956341368975,True,1.8869846306285776,-0.5018023777707221,0.9729919282360862,0.0773918337268976,0.6088915037052097,True,,183574.0,82.0,82.0,30.0,21500000.0,CF,FIFA 19,"Aug 21, 2018",190002.0
GER-Bundesliga,Christoph Baumgartner,Hoffenheim,1920,"MF,FW",19,1493,16.6,0.42,0.12,0.54,3.38,1.39,0.13,1.0240963855421683,1.7469879518072289,2.228915662650602,0.36144578313253,2020,F M S,1499.0,9.307568302378058,9.307568302378058,2.262524298392236,7.0,7.0,18.0,56.0,11.336936973035336,1.6164424158632755,0.5588266492421783,0.1358420192497006,0.6946686684918789,1.0807204803202135,1.200800533689126,-2.3075683023780584,-0.1385464624509841,0.1662065768281796,True,-0.5191473924073041,0.5668549775054869,1.182249307192147,1.198820370499711,0.6071943156975101,True,,242187.0,63.0,79.0,19.0,800000.0,CAM,FIFA 20,"Aug 20, 2019",200001.0
FRA-Ligue 1,Breel Embolo,Monaco,2425,"FW,MF",27,1841,20.5,0.29,0.2,0.49,2.44,0.93,0.12,0.2926829268292683,2.097560975609756,1.3170731707317074,0.5365853658536586,2025,F M S,1853.0,12.377913488075135,12.377913488075135,5.882575495168567,6.0,6.0,31.0,50.0,21.313080810010433,5.423037210479379,0.601193855330147,0.285716025129612,0.8869098804597589,1.5056664867781977,1.6729627630868862,-6.377913488075137,-0.3097745353085603,0.2475582697615027,False,-0.9245572623340844,1.102541420246136,0.1127115925278351,2.1129125483330844,0.6009020746932427,True,,264409.0,69.0,78.0,21.0,3100000.0,LM,FC 24,"Aug 11, 2023",240001.0
GER-Bundesliga,Mathys Tel,Bayern Munich,2324,"MF,FW",18,1050,11.7,0.6,0.43,1.03,3.69,1.54,0.16,1.623931623931624,1.2820512820512822,1.5384615384615383,0.2564102564102564,2024,F M S,965.0,4.882880583405495,4.882880583405495,2.5551925227046013,7.0,7.0,12.0,43.0,11.930157478898764,5.437594532966614,0.4553981891259011,0.2383081109258177,0.6937063000517188,1.1191709844559583,1.243523316062176,2.1171194165945053,0.1974515518067414,0.1135553624047789,True,-0.1866690614768053,-0.1435826597655965,1.531011605452249,1.1942443825815168,0.598751066697841,True,,268421.0,71.0,86.0,18.0,4400000.0,ST,FC 24,"Aug 11, 2023",240001.0
GER-Bundesliga,Karim Bellarabi,Leverkusen,2021,MF,30,798,8.9,0.0,0.0,0.0,3.16,0.9,0.0,6.741573033707865,0.7865168539325842,2.5842696629213484,1.0112359550561798,2021,,,,,,,,,,,,,,,,,,,,True,2.6499513391380582,-0.9007746198747456,0.0429591328758147,,0.5973786173797091,True,,202857.0,82.0,82.0,30.0,29500000.0,RM,FIFA 21,"Aug 24, 2020",210001.0
GER-Bundesliga,Milot Rashica,Werder Bremen,1920,FW,23,2264,25.2,0.24,0.2,0.44,2.9,1.15,0.08,5.158730158730159,1.9047619047619049,1.1111111111111112,0.3174603174603174,2020,F M S,2295.0,4.19179043918848,6.465040408074856,2.692779100500047,6.0,8.0,40.0,73.0,8.431756626814604,4.147261442616582,0.1643839387917051,0.1055991804117665,0.2699831192034717,1.568627450980392,1.7429193899782136,1.8082095608115196,0.0709101788553537,0.0574217868381983,True,1.7726088231984831,0.8079384661855182,0.6242296299759841,-0.8205267542378509,0.5960625412805336,True,,229167.0,79.0,85.0,23.0,17500000.0,LW,FIFA 20,"Aug 20, 2019",200001.0
ENG-Premier League,Harry Kane,Tottenham Hotspur,2021,FW,27,3082,34.2,0.55,0.41,0.96,4.03,1.61,0.14,1.0818713450292397,1.7543859649122806,0.7602339181286549,0.3508771929824561,2021,,,,,,,,,,,,,,,,,,,,False,-0.4871237284568264,0.5781593707545986,1.6937673446402963,,0.5949343289793562,True,,202126.0,88.0,89.0,26.0,109000000.0,ST,FIFA 21,"Aug 24, 2020",210001.0
GER-Bundesliga,Andrej Kramarić,Hoffenheim,1819,"MF,FW",27,2396,26.6,0.45,0.15,0.6,4.17,1.69,0.11,3.4586466165413534,0.7518796992481203,0.3007518796992481,0.4135338345864661,2019,,,,,,,,,,,,,,,,,,,,True,0.8302818267602546,-0.9537012654515304,1.8797739037123504,,0.5854514883403582,True,,216354.0,82.0,83.0,27.0,26000000.0,ST,FIFA 19,"Aug 21, 2018",190002.0
GER-Bundesliga,Moanes Dabbur,Hoffenheim,2021,FW,28,999,11.1,0.36,0.0,0.36,2.52,1.35,0.14,0.7207207207207208,2.2522522522522523,1.7117117117117118,0.4504504504504504,2021,,,,,,,,,,,,,,,,,,,,True,-0.6873032929435714,1.3389144840056155,1.0892460276561202,,0.5802857395727214,True,,189272.0,72.0,72.0,28.0,3100000.0,RM,FIFA 19,"Aug 21, 2018",190002.0
ENG-Premier League,Mathys Tel,Tottenham,2526,"MF,FW",20,1349,15.0,0.27,0.07,0.33,2.34,0.53,0.11,6.133333333333334,1.5333333333333334,1.2666666666666666,0.2,2026,,,,,,,,,,,,,,,,,,,,False,2.3128145598298526,0.2403841004711474,-0.8173212028324363,,0.5786258191561879,True,,,,,,,,,,
GER-Bundesliga,Serge Gnabry,Bayern Munich,2223,"MF,FW",27,1941,21.6,0.6,0.23,0.83,3.8,1.9,0.16,1.6666666666666663,0.4629629629629629,1.5277777777777777,0.4166666666666666,2023,F M S,1950.0,10.79156904667616,11.549345068633556,5.648855604231358,13.0,14.0,36.0,82.0,24.274701070040464,10.335147313773632,0.4980724175388996,0.2607164125029857,0.7587888300418854,1.6615384615384614,1.8461538461538465,2.208430953323841,0.1019275824611003,0.1316045005692214,True,-0.1629817640800402,-1.395174990469269,2.3680411212764927,1.5037068072543132,0.5783977934953741,True,,206113.0,85.0,85.0,26.0,59000000.0,RM,FIFA 23,"Sep 1, 2022",230001.0
GER-Bundesliga,Jhon Córdoba,Hertha BSC,2021,FW,27,1537,17.1,0.41,0.06,0.47,2.81,1.11,0.15,0.8187134502923976,2.573099415204678,2.1637426900584793,0.935672514619883,2021,,,,,,,,,,,,,,,,,,,,True,-0.6329876124263802,1.8291788903229371,0.5312263504399574,,0.5758058761121715,True,,,,,,,,,,
GER-Bundesliga,Julian Brandt,Dortmund,2223,MF,26,2397,26.6,0.34,0.3,0.64,1.58,0.98,0.21,6.2781954887218046,0.7894736842105263,0.3383458646616541,0.18796992481203,2023,,,,,,,,,,,,,,,,,,,,True,2.3931091550054737,-0.8962564915938005,0.2289656919478689,,0.5752727851198474,True,,212194.0,82.0,85.0,26.0,40000000.0,CAM,FIFA 23,"Sep 1, 2022",230001.0
GER-Bundesliga,Karim Bellarabi,Leverkusen,1819,"FW,MF",28,1057,11.7,0.43,0.34,0.77,3.66,0.94,0.12,5.555555555555556,1.1111111111111112,1.4529914529914532,0.2564102564102564,2019,,,,,,,,,,,,,,,,,,,,True,1.992562299025588,-0.4047845374776673,0.1359624124118417,,0.5745800579865875,True,,202857.0,80.0,80.0,28.0,15000000.0,RM,FIFA 19,"Aug 21, 2018",190002.0
ESP-La Liga,Sheraldo Becker,Real Sociedad,2425,"MF,FW",29,995,11.1,0.18,0.09,0.27,1.99,1.18,0.09,5.855855855855856,1.351351351351351,0.7207207207207208,0.8108108108108109,2025,F M S,996.0,1.8835409861057997,1.8835409861057997,1.7872297391295433,2.0,2.0,8.0,22.0,4.543094903230667,1.0016518905758858,0.1701994866963072,0.1614966631743563,0.3316961498706635,0.7228915662650602,0.8032128514056224,0.1164590138942003,0.0105234048699578,0.0856154993684454,False,2.159013578029884,-0.0376900066390815,0.6939820896280046,-0.5270860397010716,0.5720549053294338,True,,,,,,,,,,
GER-Bundesliga,Brajan Gruda,Mainz 05,2324,"MF,FW",19,1641,18.2,0.22,0.16,0.38,1.65,0.66,0.13,2.857142857142857,2.5824175824175826,1.5384615384615383,0.4945054945054945,2024,F M S,1671.0,4.42372371070087,4.42372371070087,5.52777498960495,4.0,4.0,43.0,30.0,15.224408596754074,6.060056267306209,0.238261600217282,0.2977257624562809,0.535987362673563,2.3159784560143626,2.5733093955715143,-0.4237237107008695,-0.0228217438438529,0.1474574570233623,True,0.4968786634012745,1.8434173385440844,-0.5150605443403481,0.4443029653496482,0.5673846057386648,True,,272612.0,62.0,80.0,19.0,1000000.0,CF,FC 24,"Aug 11, 2023",240001.0
GER-Bundesliga,Emil Forsberg,RB Leipzig,1819,"MF,FW",26,1249,13.9,0.07,0.5,0.58,2.16,1.01,0.03,3.525179856115108,1.7266187050359711,0.5035971223021583,0.2158273381294964,2019,,,,,,,,,,,,,,,,,,,,True,0.8671600543620123,0.5357301373057238,0.2987181515998893,,0.5672027810892085,True,,208448.0,82.0,84.0,26.0,27000000.0,CAM,FIFA 19,"Aug 21, 2018",190002.0
GER-Bundesliga,Gonçalo Paciência,Eintracht Frankfurt,1920,FW,24,1283,14.3,0.42,0.21,0.63,3.58,1.26,0.12,1.3286713286713283,1.6783216783216783,1.958041958041958,0.6993006993006993,2020,F S,1274.0,6.64197389036417,7.399673856794834,3.3845053985714912,6.0,7.0,22.0,51.0,9.740148402750492,1.3569464962929487,0.4692132261638739,0.2390937879681587,0.7083070141320326,1.554160125588697,1.726844583987441,-0.6419738903641701,-0.0453513737305928,0.1302347821640033,True,-0.3503267525817282,0.4619307840214763,0.879988648700059,1.263669655107505,0.5638155838118281,True,,,,,,,,,,
ENG-Premier League,Sadio Mané,Liverpool,1920,FW,27,2747,30.5,0.59,0.23,0.82,2.52,1.18,0.23,1.6065573770491803,1.6721311475409837,1.5081967213114753,0.4590163934426229,2020,F M S,2761.0,14.577481213957071,14.577481213957071,7.235698115080595,18.0,18.0,59.0,77.0,25.07319786399603,6.767017947509885,0.4751804814401074,0.2358612207016492,0.7110417021417567,1.9232162260050707,2.1369069177834117,3.4225187860429287,0.1115634519173718,0.1893179378435983,False,-0.196299306975818,0.4524714611773582,0.6939820896280046,1.276672886271701,0.5567067825253114,True,,208722.0,88.0,88.0,27.0,62000000.0,LW,FIFA 20,"Aug 20, 2019",200001.0
GER-Bundesliga,Jean-Luc Dompé,Hamburger SV,2526,"FW,MF",29,1138,12.6,0.16,0.0,0.16,1.98,0.95,0.08,6.507936507936508,0.7142857142857143,0.1587301587301587,0.3174603174603174,2026,,,,,,,,,,,,,,,,,,,,True,2.5204506410106395,-1.0111460393092602,0.1592132322958485,,0.5561726113324094,True,,224970.0,75.0,75.0,29.0,5500000.0,LW,FC 26,"Aug 7, 2025",260001.0
GER-Bundesliga,Ihlas Bebou,Hannover 96,1819,"MF,FW",24,1066,11.8,0.25,0.25,0.51,2.28,1.1,0.11,3.644067796610169,1.7796610169491525,0.9322033898305084,0.423728813559322,2019,D F M,1070.0,3.863719569519162,4.621489631012082,1.8131253868341448,3.0,4.0,17.0,27.0,6.999684115871787,2.084784284234047,0.3249857581838548,0.1525058736589467,0.4774916318428014,1.4299065420560748,1.588785046728972,-0.8637195695191622,-0.0726493095857239,0.143100724797006,True,0.9330575900414654,0.6167804334047108,0.5079755305559506,0.1661602640958737,0.5559934545245001,True,,216258.0,76.0,81.0,24.0,10500000.0,RM,FIFA 19,"Aug 21, 2018",190002.0
ENG-Premier League,Omar Marmoush,Manchester City,2425,"MF,FW",25,1175,13.1,0.54,0.0,0.54,3.75,1.3,0.14,2.213740458015267,1.5267175572519085,1.1450381679389314,0.7633587786259542,2025,F M S,1195.0,5.649778325110674,5.649778325110674,2.676836894825101,7.0,7.0,15.0,49.0,9.663014598190784,2.601844636723399,0.425506317372352,0.2016027786897565,0.6271090960621085,1.1297071129707112,1.2552301255230125,1.350221674889326,0.1016903353473132,0.1153015984716464,False,0.140251806411373,0.2302749896314512,0.9729919282360862,0.8775797995333845,0.5552746309530737,True,,,,,,,,,,
GER-Bundesliga,Alexis Claude-Maurice,Augsburg,2526,"MF,FW",27,2097,23.3,0.17,0.17,0.34,3.05,1.12,0.06,2.7896995708154506,1.8025751072961371,0.9871244635193132,0.0429184549356223,2026,,,,,,,,,,,,,,,,,,,,True,0.4594960125740069,0.6517938734391852,0.5544771703239642,,0.5552556854457187,True,,236477.0,77.0,78.0,27.0,12000000.0,CAM,FC 26,"Aug 7, 2025",260001.0
ESP-La Liga,Alexander Sørloth,Atlético Madrid,2425,FW,28,1566,17.4,1.09,0.11,1.21,4.54,2.41,0.24,0.2873563218390805,0.7471264367816093,1.4942528735632186,0.4597701149425288,2025,,,,,,,,,,,,,,,,,,,,False,-0.927509707644598,-0.9609643977783696,3.5538329353608393,,0.5551196099792906,True,,,,,,,,,,
GER-Bundesliga,Ondrej Duda,Köln,2021,"FW,MF",25,2537,28.2,0.14,0.18,0.32,1.74,0.53,0.08,4.75177304964539,1.9858156028368792,1.9148936170212767,0.1773049645390071,2021,,,,,,,,,,,,,,,,,,,,True,1.5470395139460051,0.9317910282617582,-0.8173212028324363,,0.5538364464584423,True,,,,,,,,,,
GER-Bundesliga,Alassane Pléa,Gladbach,1920,"FW,MF",26,2143,23.8,0.42,0.42,0.84,3.23,1.51,0.13,2.0588235294117645,1.4705882352941175,1.0084033613445378,0.6722689075630252,2020,,,,,,,,,,,,,,,,,,,,True,0.0543840237961574,0.1445076465344811,1.4612591458002286,,0.5533836053769557,True,,206467.0,81.0,83.0,26.0,22000000.0,ST,FIFA 20,"Aug 20, 2019",200001.0
ENG-Premier League,Matheus Cunha,Manchester Utd,2526,"MF,FW",26,2494,27.7,0.36,0.07,0.43,3.25,1.26,0.11,1.7689530685920578,1.9494584837545128,1.0108303249097472,0.0722021660649819,2026,,,,,,,,,,,,,,,,,,,,False,-0.1062861750040282,0.8762362237925422,0.879988648700059,,0.5499795658295242,True,,,,,,,,,,
GER-Bundesliga,Florian Niederlechner,Augsburg,1920,"FW,MF",28,2720,30.2,0.4,0.2,0.6,2.58,1.36,0.15,0.5960264900662252,2.0860927152317883,1.52317880794702,1.2913907284768211,2020,F M S,2762.0,12.569648077711465,14.085201999172568,5.857988929376006,12.0,13.0,29.0,78.0,17.57950815744698,1.6237762980163095,0.409583029324414,0.1908830570759741,0.6004660864003882,0.944967414916727,1.0499637943519189,-0.569648077711463,-0.018562030048527,0.1611493343296341,True,-0.7564191551526397,1.0850175630489614,1.112496847540127,0.7508943376783758,0.5479973982787061,True,,211899.0,74.0,74.0,28.0,6000000.0,ST,FIFA 20,"Aug 20, 2019",200001.0
GER-Bundesliga,Fares Chaïbi,Eintracht Frankfurt,2324,"MF,FW",20,1912,21.2,0.09,0.19,0.28,1.88,0.66,0.05,8.20754716981132,0.5188679245283019,0.7075471698113208,0.4245283018867924,2024,,,,,,,,,,,,,,,,,,,,True,3.4625155280437117,-1.309750477003686,-0.5150605443403481,,0.5459015022332259,True,,246618.0,76.0,83.0,21.0,15500000.0,ST,FC 25,"Aug 7, 2024",250001.0
GER-Bundesliga,Vincenzo Grifo,Freiburg,2223,"MF,FW",29,2408,26.8,0.3,0.19,0.49,2.47,1.23,0.12,5.037313432835821,1.1567164179104477,0.2611940298507462,0.1865671641791044,2023,F M S,2461.0,5.556354703381658,11.618569439277053,6.470908637158573,8.0,15.0,55.0,66.0,12.240157168358564,6.598483877256513,0.2031986685511374,0.2366443630005166,0.4398430315516541,2.011377488825681,2.2348638764729785,2.4436452966183424,0.089365329823507,0.0841871924754796,True,1.7053096253707865,-0.33509821562538,0.8102361890480385,-0.0128559347734044,0.5418979160050101,True,,212096.0,81.0,81.0,29.0,25500000.0,LM,FIFA 23,"Sep 1, 2022",230001.0
GER-Bundesliga,Danel Sinani,St Pauli,2526,"MF,FW",28,2069,23.0,0.09,0.13,0.22,2.13,0.78,0.04,5.869565217391305,1.173913043478261,1.6956521739130437,0.4347826086956521,2026,,,,,,,,,,,,,,,,,,,,True,2.1666124407670364,-0.3088212389269282,-0.2360507057322666,,0.5405801653692804,True,,,,,,,,,,
GER-Bundesliga,Kevin Volland,Leverkusen,1819,"FW,MF",26,2814,31.3,0.45,0.29,0.74,2.81,1.47,0.16,1.5974440894568689,1.6613418530351438,1.34185303514377,0.6709265175718849,2019,,,,,,,,,,,,,,,,,,,,True,-0.2013506451668132,0.4359850848702919,1.3682558662642013,,0.5342967686558934,True,,200610.0,81.0,83.0,25.0,22000000.0,ST,FIFA 19,"Aug 21, 2018",190002.0
GER-Bundesliga,Patrick Herrmann,Gladbach,2021,"MF,FW",29,876,9.7,0.0,0.31,0.31,1.95,0.82,0.0,4.639175257731959,1.5463917525773196,1.3402061855670104,0.8247422680412372,2021,,,,,,,,,,,,,,,,,,,,True,1.4846284991774283,0.2603377696860591,-0.1430474261962397,,0.5339729475557492,True,,198077.0,78.0,78.0,29.0,14000000.0,RW,FIFA 21,"Aug 24, 2020",210001.0
FRA-Ligue 1,Serhou Guirassy,Amiens,1819,FW,22,1111,12.3,0.24,0.08,0.32,2.19,0.81,0.11,0.8943089430894309,3.089430894308943,1.3008130081300813,0.6504065040650406,2019,F,1117.0,4.613033048808575,4.613033048808575,1.5656059850007296,3.0,3.0,13.0,27.0,5.087581605650485,1.0682332636788487,0.3716857425181483,0.1261455135631742,0.4978312560813226,1.0474485228290062,1.1638316920322291,-1.613033048808575,-0.1299668526345315,0.170853075881799,False,-0.591086334104503,2.618149388726663,-0.1662982460802462,0.2628736130504606,0.5309096053980936,True,,,,,,,,,,
GER-Bundesliga,Luca Waldschmidt,Freiburg,1819,"FW,MF",22,1717,19.1,0.31,0.05,0.37,3.35,1.57,0.09,1.832460732984293,1.413612565445026,1.6753926701570678,0.1047120418848167,2019,,,,,,,,,,,,,,,,,,,,True,-0.0710849715617001,0.0574470576358396,1.6007640651042694,,0.5290420503928029,True,,220085.0,69.0,78.0,22.0,1600000.0,CF,FIFA 19,"Aug 21, 2018",190002.0
GER-Bundesliga,Mergim Berisha,Augsburg,2223,FW,24,1679,18.7,0.32,0.21,0.54,3.0,0.86,0.11,4.11764705882353,1.6577540106951871,1.4438502673796791,0.8021390374331551,2023,,,,,,,,,,,,,,,,,,,,True,1.195554410146196,0.4305027506069223,-0.0500441466602124,,0.525337671364302,True,,223113.0,70.0,76.0,23.0,2500000.0,ST,FIFA 19,"Aug 21, 2018",190002.0
ESP-La Liga,Robert Lewandowski,Barcelona,2324,FW,34,2750,30.6,0.49,0.26,0.75,3.04,1.41,0.16,0.5882352941176471,1.7973856209150323,0.7516339869281046,0.7843137254901961,2024,F S,2777.0,14.941590474918485,17.914700919762254,5.09992503747344,15.0,19.0,27.0,92.0,25.661629386246204,9.227330034598708,0.4842431194608079,0.1652838506923333,0.6495269701531413,0.8750450126035291,0.9722722362261434,0.0584095250815153,0.0018929986522637,0.1624085921186791,False,-0.7607376807395841,0.6438641774546162,1.2287509469601603,0.9841750667006054,0.5240131275939495,True,,212096.0,77.0,79.0,25.0,11000000.0,LM,FIFA 19,"Aug 21, 2018",190002.0
ITA-Serie A,Ivan Perišić,Inter,1819,"MF,FW",29,2701,30.0,0.2,0.1,0.3,3.27,1.03,0.06,6.766666666666667,0.4333333333333333,0.9333333333333332,0.3333333333333333,2019,,,,,,,,,,,,,,,,,,,,False,2.663860307249912,-1.4404499826060275,0.3452197913679029,,0.5228767053372624,True,,181458.0,86.0,86.0,29.0,43500000.0,LM,FIFA 19,"Aug 21, 2018",190002.0
GER-Bundesliga,Moussa Diaby,Leverkusen,1920,"MF,FW",20,1771,19.7,0.25,0.25,0.51,2.08,1.17,0.12,4.568527918781726,1.015228426395939,0.6598984771573604,0.4568527918781726,2020,,,,,,,,,,,,,,,,,,,,True,1.445469897222129,-0.5512962506105803,0.6707312697439977,,0.5216349721185155,True,,241852.0,74.0,85.0,19.0,9500000.0,LM,FIFA 20,"Aug 20, 2019",200001.0
ITA-Serie A,Ante Rebić,Milan,2223,"MF,FW",28,980,10.9,0.28,0.18,0.46,2.48,1.19,0.11,3.4862385321100917,1.3761467889908257,1.6513761467889907,0.7339449541284403,2023,,,,,,,,,,,,,,,,,,,,False,0.8455755498501161,0.0001981903511394,0.7172329095120114,,0.5210022165710889,True,,,,,,,,,,
GER-Bundesliga,Franck Honorat,Gladbach,2324,"MF,FW",26,2345,26.1,0.12,0.35,0.46,1.07,0.38,0.11,9.080459770114942,0.5747126436781609,0.3448275862068965,0.2298850574712643,2024,,,,,,,,,,,,,,,,,,,,True,3.9463559325794577,-1.2244180158155444,-1.166083501092538,,0.5186181385571249,True,,220876.0,76.0,76.0,26.0,8000000.0,RM,FC 24,"Aug 11, 2023",240001.0
ITA-Serie A,Christian Pulisic,Milan,2324,"MF,FW",24,2602,28.9,0.42,0.28,0.69,2.25,1.07,0.18,3.4602076124567476,1.5570934256055364,0.6574394463667821,0.1384083044982699,2024,,,,,,,,,,,,,,,,,,,,False,0.8311470598831586,0.2766902576603995,0.4382230709039301,,0.5153534628158295,True,,200610.0,81.0,81.0,27.0,28000000.0,ST,FIFA 21,"Aug 24, 2020",210001.0
GER-Bundesliga,Jan Thielmann,Köln,2223,"MF,FW",20,869,9.7,0.21,0.21,0.41,1.35,0.72,0.15,3.814432989690722,1.9587628865979383,1.4432989690721651,0.9278350515463918,2023,,,,,,,,,,,,,,,,,,,,True,1.0274880793140844,0.8904536396306423,-0.3755556250363075,,0.514128697969473,True,,254660.0,73.0,82.0,20.0,6500000.0,RM,FIFA 23,"Sep 1, 2022",230001.0
GER-Bundesliga,Breel Embolo,Gladbach,1920,"FW,MF",22,1550,17.2,0.46,0.29,0.75,2.67,1.05,0.17,0.2906976744186046,2.7325581395348837,2.441860465116279,0.7558139534883721,2020,,,,,,,,,,,,,,,,,,,,True,-0.9256576535177458,2.0728367618667707,0.3917214311359165,,0.5129668464949805,True,,222357.0,76.0,85.0,22.0,12000000.0,ST,FIFA 20,"Aug 20, 2019",200001.0
ENG-Premier League,Sadio Mané,Liverpool,1819,"FW,MF",26,3077,34.2,0.64,0.03,0.67,2.54,1.23,0.25,1.1403508771929824,1.871345029239766,1.023391812865497,0.7602339181286549,2019,F M S,3100.0,16.76279866695404,16.76279866695404,5.123735151253641,22.0,22.0,45.0,87.0,28.401348166167736,8.485083559527993,0.4866618967825367,0.1487536011654283,0.6354154979479649,1.3064516129032258,1.4516129032258065,5.2372013330459595,0.1520477806368181,0.1926758467465981,False,-0.4547095320191477,0.7568764449786469,0.8102361890480385,0.9170761016638056,0.5073698009178358,True,,208722.0,86.0,87.0,26.0,52000000.0,LW,FIFA 19,"Aug 21, 2018",190002.0
GER-Bundesliga,Nathan Tella,Leverkusen,2526,MF,26,868,9.6,0.1,0.41,0.52,2.49,0.83,0.04,3.229166666666667,1.9791666666666667,1.5625,0.5208333333333334,2026,,,,,,,,,,,,,,,,,,,,True,0.7030850469891856,0.9216312477789418,-0.1197966063122328,,0.5016398961519648,True,,237328.0,78.0,79.0,25.0,17000000.0,RM,FC 26,"Aug 7, 2025",260001.0
GER-Bundesliga,Marvin Ducksch,Werder Bremen,2324,FW,29,2696,30.0,0.23,0.3,0.53,2.67,1.27,0.09,5.233333333333333,0.6333333333333333,0.2,0.6,2024,F M S,2734.0,7.9902367405593395,12.536896999925377,8.121447345241904,7.0,12.0,58.0,80.0,17.139057140797377,7.284846526570618,0.2630290075531604,0.2673483032449785,0.530377310798139,1.9092904169714704,2.121433796634967,-0.9902367405593396,-0.0325974055048795,0.0998779592569917,True,1.8139600766539787,-1.134843785682905,0.9032394685840658,0.4176276001453272,0.4999958399251166,True,,197031.0,77.0,77.0,29.0,10500000.0,ST,FC 24,"Aug 11, 2023",240001.0
ENG-Premier League,Harry Kane,Tottenham Hotspur,2223,FW,29,3405,37.8,0.66,0.08,0.74,3.49,1.69,0.19,0.978835978835979,1.4814814814814816,0.8465608465608466,0.3968253968253968,2023,,,,,,,,,,,,,,,,,,,,False,-0.5442344555136887,0.1611528642318193,1.8797739037123504,,0.4988974374768271,True,,199439.0,75.0,75.0,31.0,4800000.0,ST,FC 26,"Aug 7, 2025",260001.0
ITA-Serie A,Marcus Thuram,Inter,2526,FW,27,1900,21.1,0.62,0.28,0.9,3.51,1.37,0.18,0.995260663507109,1.943127962085308,2.037914691943128,0.7109004739336492,2026,,,,,,,,,,,,,,,,,,,,False,-0.535130535977085,0.8665629905332168,1.1357476674241338,,0.4890600406600885,True,,,,,,,,,,
GER-Bundesliga,Dapo Afolayan,St Pauli,2425,"FW,MF",26,1639,18.2,0.16,0.05,0.22,2.09,0.71,0.08,2.7472527472527473,2.307692307692308,1.153846153846154,0.4945054945054945,2025,,,,,,,,,,,,,,,,,,,,True,0.435968470095307,1.423628606506828,-0.3988064449203143,,0.4869302105606068,True,,,,,,,,,,
GER-Bundesliga,Lucas Höler,Freiburg,2021,"FW,MF",26,2089,23.2,0.17,0.17,0.34,1.9,0.6,0.09,0.9913793103448276,3.318965517241379,1.1637931034482758,0.603448275862069,2021,F M S,2100.0,8.56891804561019,8.56891804561019,2.5385501235723495,4.0,4.0,21.0,44.0,12.476927936077118,3.4745119884610176,0.3672393448118652,0.1087950052959578,0.4760343501078231,0.9,1.0,-4.568918045610189,-0.1958107733832938,0.1947481374002315,True,-0.5372819031168549,2.9688854046094875,-0.654565463644389,0.1592310015240912,0.4840672598430837,True,,234875.0,71.0,73.0,25.0,2400000.0,ST,FIFA 21,"Aug 24, 2020",210001.0
GER-Bundesliga,Thomas Müller,Bayern Munich,2223,"MF,FW",32,1665,18.5,0.38,0.43,0.81,2.54,1.24,0.15,1.7837837837837838,0.5945945945945946,0.4864864864864865,0.2162162162162162,2023,F M S,1681.0,9.138495799154043,9.138495799154043,8.518348589539528,7.0,7.0,39.0,46.0,25.59187649935484,11.05475202202797,0.4892710421914717,0.4560686335862924,0.945339675777764,2.088042831647829,2.3200475907198097,-2.138495799154043,-0.1144941236905793,0.1986629521555226,True,-0.0980657652683649,-1.194037778780627,0.8334870089320453,2.390741731294735,0.4830312990444472,True,,189596.0,87.0,87.0,32.0,63000000.0,CAM,FIFA 23,"Sep 1, 2022",230001.0
GER-Bundesliga,Patrick Herrmann,Gladbach,1920,"MF,FW",28,1453,16.1,0.37,0.37,0.74,2.48,1.05,0.15,4.037267080745341,1.3043478260869563,2.111801242236025,0.8695652173913043,2020,,,,,,,,,,,,,,,,,,,,True,1.1510011741218815,-0.1095128496292399,0.3917214311359165,,0.4777365852095194,True,,198077.0,77.0,77.0,28.0,9000000.0,RM,FIFA 20,"Aug 20, 2019",200001.0
GER-Bundesliga,Hugo Ekitike,Eintracht Frankfurt,2324,FW,21,716,8.0,0.5,0.25,0.75,3.77,1.26,0.13,1.25,1.5,1.5,0.75,2024,F S,710.0,3.668045934289694,3.668045934289694,1.8413986042141912,4.0,4.0,12.0,30.0,4.456916220486164,0.8664532341063023,0.4649635691353133,0.2334167244778552,0.6983802936131686,1.5211267605633805,1.6901408450704225,0.3319540657103061,0.0420786843858134,0.1222681978096564,True,-0.3939329136985003,0.1894497343172934,0.879988648700059,1.2164688624941724,0.4729935829532561,True,,,,,,,,,,
GER-Bundesliga,Sebastian Kerk,Nürnberg,1819,"MF,FW",24,1179,13.1,0.0,0.08,0.08,1.37,0.53,0.0,7.251908396946565,0.916030534351145,0.6106870229007634,0.0763358778625954,2019,,,,,,,,,,,,,,,,,,,,True,2.932821432332296,-0.7028737032635802,-0.8173212028324363,,0.4708755087454264,True,,,,,,,,,,
GER-Bundesliga,Thomas Müller,Bayern Munich,2324,MF,33,1654,18.4,0.27,0.49,0.76,1.9,0.71,0.14,3.0434782608695654,1.1956521739130437,0.6521739130434783,0.8152173913043479,2024,M S,1675.0,5.793734209612012,5.793734209612012,10.090841444209218,5.0,5.0,51.0,35.0,23.43874228745699,10.763331964612007,0.3113051217104962,0.5421944656590028,0.8534995873694989,2.7402985074626867,3.044776119402985,-0.7937342096120119,-0.0426484052925857,0.1655352631317717,True,0.6001611650940022,-0.2756031740439799,-0.3988064449203143,1.9540491742401775,0.4699501800924714,True,,189596.0,84.0,84.0,33.0,26500000.0,CAM,FC 24,"Aug 11, 2023",240001.0
GER-Bundesliga,Michael Gregoritsch,Freiburg,2223,FW,28,2150,23.9,0.42,0.17,0.59,2.8,1.55,0.15,0.5857740585774059,1.799163179916318,1.0460251046025104,0.5439330543933055,2023,F S,2200.0,9.705382015556095,9.705382015556095,3.3593770395964384,10.0,10.0,25.0,66.0,16.562423076480627,4.920723516494036,0.3970383551818404,0.1374290607107634,0.5344674158926037,1.0227272727272727,1.1363636363636365,0.2946179844439029,0.0120525539090687,0.1470512426599408,True,-0.7621019011655853,0.6465803426855631,1.5542624253362558,0.4370757353037307,0.468954150539991,True,,199439.0,75.0,75.0,28.0,6000000.0,ST,FIFA 23,"Sep 1, 2022",230001.0
ENG-Premier League,Ondrej Duda,Norwich City,1920,MF,24,724,8.0,0.0,0.0,0.0,1.24,0.5,0.0,5.375,1.625,1.125,0.25,2020,,,,,,,,,,,,,,,,,,,,False,1.892483467524255,0.3804536073942451,-0.8870736624844567,,0.4619544708113478,True,,,,,,,,,,
GER-Bundesliga,Florian Niederlechner,Freiburg,1819,FW,27,970,10.8,0.37,0.09,0.46,2.88,1.67,0.13,0.5555555555555555,1.759259259259259,2.1296296296296293,1.0185185185185184,2019,F S,979.0,4.557640217244625,4.557640217244625,0.7296587992459536,4.0,4.0,10.0,31.0,6.074768953025341,1.1601455751806498,0.4189863325352566,0.0670779284291479,0.4860642609644046,0.919305413687436,1.0214504596527068,-0.5576402172446251,-0.0512641670602821,0.1470206521691814,True,-0.778851496395934,0.5856059155139338,1.8332722639443368,0.2069224562570076,0.461737284829836,True,,211899.0,75.0,75.0,27.0,7000000.0,ST,FIFA 19,"Aug 21, 2018",190002.0
GER-Bundesliga,Brajan Gruda,RB Leipzig,2526,"MF,FW",21,753,8.4,0.36,0.36,0.72,2.63,1.2,0.14,2.9761904761904763,1.4285714285714286,1.1904761904761905,0.119047619047619,2026,,,,,,,,,,,,,,,,,,,,True,0.5628647061494061,0.0803046639876068,0.7404837293960181,,0.4612176998443436,True,,184789.0,76.0,76.0,31.0,7000000.0,ST,FIFA 20,"Aug 20, 2019",200001.0
FRA-Ligue 1,Arnaud Kalimuendo,Lens,2021,FW,18,1218,13.5,0.52,0.22,0.74,2.36,1.26,0.22,1.5555555555555556,1.851851851851852,1.2592592592592593,0.0,2021,,,,,,,,,,,,,,,,,,,,False,-0.2245687373116295,0.7270902659413057,0.879988648700059,,0.4608367257765784,True,,,,,,,,,,
GER-Bundesliga,Marvin Ducksch,Werder Bremen,2223,FW,28,2852,31.7,0.38,0.19,0.57,2.97,1.39,0.13,5.110410094637224,0.5362776025236593,0.1261829652996845,0.3785488958990536,2023,F M,2888.0,10.132894050329924,10.8906710408628,5.1176732471212745,12.0,12.0,51.0,94.0,16.19248654320836,3.878561289049685,0.3157757841169297,0.1594842770917294,0.4752600612086592,1.5893351800554016,1.7659279778393353,1.8671059496700764,0.0581854347196353,0.1077967452162757,True,1.7458258447539208,-1.2831479495945992,1.182249307192147,0.1555493173583297,0.4501191299274495,True,,197031.0,75.0,75.0,28.0,6000000.0,ST,FIFA 23,"Sep 1, 2022",230001.0
GER-Bundesliga,Sargis Adamyan,Hoffenheim,1920,"MF,FW",26,746,8.3,0.6,0.12,0.72,2.53,1.45,0.24,1.325301204819277,0.8433734939759036,1.4457831325301205,0.8433734939759036,2020,F M S,739.0,5.757601015269756,5.757601015269756,0.7083777952939272,5.0,5.0,6.0,21.0,5.669006304815412,0.5078851003199816,0.701196334741919,0.0862706381278125,0.7874669728697314,0.7307171853856563,0.8119079837618403,-0.7576010152697563,-0.0922653469205386,0.2741714769176074,True,-0.3521947541288992,-0.8138959122074169,1.3217542264961877,1.6400691707942512,0.4489331827385306,True,,218534.0,74.0,75.0,26.0,6500000.0,CAM,FIFA 20,"Aug 20, 2019",200001.0
GER-Bundesliga,André Silva,Eintracht Frankfurt,1920,FW,23,1575,17.5,0.63,0.17,0.8,3.14,1.2,0.2,0.6285714285714286,1.2,0.8,0.6857142857142857,2020,F S,1575.0,10.780132565647364,11.537909541279078,4.55522895604372,11.0,12.0,32.0,54.0,14.233418745920062,1.5503290751948953,0.6160075751798494,0.2602987974882126,0.8763063726680619,1.8285714285714283,2.0317460317460316,0.2198674343526363,0.0125638533915792,0.1996320845490252,True,-0.7383800568437466,-0.2689595610673907,0.7404837293960181,2.0624936842884436,0.448909448943331,True,,,,,,,,,,
ENG-Premier League,Matheus Cunha,Wolves,2324,"FW,MF",24,2440,27.1,0.41,0.26,0.66,2.69,1.4,0.15,0.8856088560885609,1.8450184501845015,1.1439114391143912,0.1476014760147601,2024,,,,,,,,,,,,,,,,,,,,False,-0.5959086423316187,0.7166486164632707,1.2055001270761536,,0.4420800337359352,True,,224425.0,76.0,79.0,25.0,10000000.0,RM,FIFA 21,"Aug 24, 2020",210001.0
ENG-Premier League,Erling Haaland,Manchester City,2425,FW,24,2736,30.4,0.62,0.1,0.72,3.59,1.97,0.17,0.0986842105263157,0.4276315789473684,0.7894736842105263,0.131578947368421,2025,F,2749.0,20.909917432814837,23.95459282770753,3.5812273556366563,19.0,22.0,29.0,109.0,22.845245644450188,3.5353690683841705,0.6845735063489761,0.117246439435176,0.8018199457841522,0.9494361586031284,1.054929065114587,-1.9099174328148365,-0.0625291265745126,0.1918341048882095,False,-1.0320874060652985,-1.4491624399744505,2.530796860464541,1.7083164531299369,0.4394658668886823,True,,233061.0,73.0,82.0,22.0,6000000.0,LM,FIFA 20,"Aug 20, 2019",200001.0
GER-Bundesliga,Tiago Tomás,Stuttgart,2526,"MF,FW",23,1020,11.3,0.44,0.26,0.71,3.09,0.88,0.14,1.0619469026548671,2.566371681415929,1.0619469026548671,0.2654867256637168,2026,,,,,,,,,,,,,,,,,,,,True,-0.4981675033493098,1.8188987046374832,-0.0035425068921988,,0.4390628981319915,True,,216549.0,76.0,78.0,26.0,9500000.0,ST,FIFA 23,"Sep 1, 2022",230001.0
GER-Bundesliga,Serge Gnabry,Bayern Munich,2425,"MF,FW",29,1242,13.8,0.51,0.36,0.87,3.55,1.3,0.14,1.5942028985507246,0.4347826086956521,1.3768115942028984,0.5797101449275363,2025,F M S,1216.0,7.611410014331341,8.36918669193983,5.2104566488415,7.0,7.0,24.0,49.0,17.931560218334198,8.162198606878519,0.5633444911922867,0.3856423506543873,0.948986841846674,1.7763157894736843,1.9736842105263157,-0.6114100143313408,-0.0452523859291288,0.15533489825166,True,-0.2031471814049898,-1.4382354449471646,0.9729919282360862,2.408083725452611,0.4349232568341356,True,,206113.0,82.0,82.0,28.0,30500000.0,RM,FC 25,"Aug 7, 2024",250001.0
GER-Bundesliga,Nathan N'Goumou,Gladbach,2425,MF,24,828,9.2,0.22,0.11,0.33,2.61,1.41,0.08,2.2826086956521743,1.3043478260869563,0.7608695652173914,0.7608695652173914,2025,,,,,,,,,,,,,,,,,,,,True,0.1784242831820315,-0.1095128496292396,1.2287509469601603,,0.4325541268376507,True,,,,,,,,,,
GER-Bundesliga,Kevin Paredes,Wolfsburg,2324,"MF,DF",20,1432,15.9,0.19,0.0,0.19,1.19,0.5,0.16,2.0754716981132075,3.333333333333333,0.6918238993710691,0.3144654088050314,2024,D F M S,1432.0,4.302366063930094,4.302366063930094,1.2557124756276608,3.0,3.0,17.0,19.0,10.85318410396576,5.547144521027803,0.2704001017833159,0.0789204768201742,0.3493205786034902,1.068435754189944,1.1871508379888267,-1.3023660639300942,-0.0818526157497964,0.2264403191542154,True,0.0636118166776942,2.9908398727792513,-0.8870736624844567,-0.4432832365531682,0.4310236976048301,True,,255272.0,69.0,82.0,20.0,3400000.0,LW,FC 24,"Aug 11, 2023",240001.0
ESP-La Liga,Dodi Lukebakio,Sevilla,2425,"MF,FW",26,3092,34.4,0.29,0.06,0.35,2.74,1.14,0.11,3.6918604651162794,1.5988372093023258,1.1337209302325582,0.7848837209302326,2025,F M S,3117.0,8.499406362883747,9.242684002034366,5.390696790069342,10.0,11.0,54.0,94.0,14.772395074367523,3.354012044146657,0.2454111558099253,0.1556505329182678,0.4010616887281931,1.5591915303176132,1.7324350336862366,1.5005936371162534,0.0433280164711141,0.0904192166264228,False,0.9595482422050338,0.3404760525641858,0.6009788100919773,-0.1972582372657706,0.4259362168988565,True,,,,,,,,,,
GER-Bundesliga,Vincenzo Grifo,Freiburg,1920,MF,26,1618,18.0,0.17,0.44,0.61,2.73,1.0,0.06,5.611111111111111,0.8333333333333334,0.5555555555555556,0.3333333333333333,2020,F M S,1640.0,2.4342013858258724,3.1918978970497847,6.503954468294978,3.0,4.0,41.0,49.0,8.498551793396473,3.618954658508301,0.1335842223928832,0.3569243305771634,0.4905085529700467,2.25,2.5,0.5657986141741276,0.0310499239485801,0.0496775793025688,True,2.023355785641382,-0.8292375887597823,0.2754673317158825,0.2280547229379086,0.4244100628838477,True,,,,,,,,,,
GER-Bundesliga,Serhou Guirassy,Stuttgart,2223,FW,26,1646,18.3,0.49,0.0,0.49,2.68,1.15,0.18,0.4371584699453552,2.349726775956284,0.9289617486338796,0.5464480874316939,2023,,,,,,,,,,,,,,,,,,,,True,-0.8444769596754964,1.4878585764360253,0.6242296299759841,,0.4225370822455043,True,,223113.0,75.0,76.0,27.0,6500000.0,ST,FIFA 23,"Sep 1, 2022",230001.0
GER-Bundesliga,Nick Woltemade,Stuttgart,2425,"FW,MF",22,1622,18.0,0.55,0.11,0.67,2.72,1.44,0.2,0.3333333333333333,1.9444444444444444,1.3333333333333333,0.3333333333333333,2025,,,,,,,,,,,,,,,,,,,,True,-0.9020254428591128,0.8685746163686773,1.298503406612181,,0.4216841933739152,True,,254022.0,69.0,76.0,22.0,2900000.0,ST,FC 25,"Aug 7, 2024",250001.0
GER-Bundesliga,Karim Adeyemi,Dortmund,2324,"FW,MF",21,913,10.1,0.3,0.1,0.39,2.27,0.99,0.13,2.376237623762376,1.8811881188118813,1.98019801980198,0.099009900990099,2024,,,,,,,,,,,,,,,,,,,,True,0.2303211837850602,0.771916990829186,0.2522165118318757,,0.4181515621487073,True,,251852.0,80.0,87.0,21.0,43000000.0,LM,FC 24,"Aug 11, 2023",240001.0
GER-Bundesliga,Dani Olmo,RB Leipzig,1920,"MF,FW",21,747,8.3,0.36,0.12,0.48,2.53,0.72,0.14,2.048192771084337,2.4096385542168672,1.2048192771084336,0.0,2020,,,,,,,,,,,,,,,,,,,,True,0.0484915777392725,1.5794056299616164,-0.3755556250363075,,0.4174471942215271,True,,,,,,,,,,
ESP-La Liga,Justin Kluivert,Valencia,2223,"FW,MF",23,1447,16.1,0.31,0.0,0.31,2.74,1.06,0.11,3.975155279503105,1.1801242236024845,1.4906832298136643,0.6211180124223602,2023,F M S,1453.0,5.868930700235069,6.611951711587608,2.7358507309108973,5.0,6.0,23.0,44.0,10.047239660285411,2.255819134414196,0.3635263338067145,0.1694608160922097,0.5329871498989243,1.424638678596008,1.5829318651066755,-0.8689307002350688,-0.0538222732423648,0.1333847886417061,False,1.1165736735576393,-0.2993303632460864,0.4149722510199233,0.43003718434952,0.415563186420249,True,,192663.0,76.0,76.0,32.0,6000000.0,ST,FIFA 21,"Aug 24, 2020",210001.0
GER-Bundesliga,Thorgan Hazard,Dortmund,1920,"MF,FW",26,2380,26.4,0.26,0.49,0.76,1.89,0.79,0.14,4.204545454545455,1.5151515151515151,1.4015151515151516,0.4545454545454546,2020,,,,,,,,,,,,,,,,,,,,True,1.2437206926869446,0.2126017189326815,-0.2127998858482598,,0.4145075085904554,True,,203486.0,82.0,83.0,26.0,26000000.0,RM,FIFA 20,"Aug 20, 2019",200001.0
GER-Bundesliga,Jonathan Burkardt,Mainz 05,2324,"FW,MF",23,1538,17.1,0.41,0.12,0.53,2.4,0.99,0.17,1.9298245614035088,2.1052631578947367,1.111111111111111,0.175438596491228,2024,F M S,1554.0,6.233509694226086,6.991286312229931,2.5152483489364386,7.0,8.0,14.0,41.0,10.67875086516142,3.765703327953815,0.3610140749551787,0.1456707537994076,0.5066848287545864,0.8108108108108109,0.9009009009009008,0.7664903057739139,0.0443913304502266,0.1520368218103923,True,-0.0171178801104865,1.1143105934267437,0.2522165118318757,0.3049716701926614,0.4135952238351985,True,,244257.0,74.0,82.0,22.0,9500000.0,ST,FC 24,"Aug 11, 2023",240001.0
FRA-Ligue 1,Breel Embolo,Rennes,2526,FW,28,1872,20.8,0.43,0.14,0.58,1.97,0.87,0.22,0.3365384615384615,2.7884615384615383,2.3076923076923075,0.673076923076923,2026,,,,,,,,,,,,,,,,,,,,False,-0.9002488955543554,2.158258887572026,-0.0267933267762056,,0.4104055550804883,True,,205431.0,80.0,80.0,30.0,20500000.0,ST,FC 24,"Aug 11, 2023",240001.0
GER-Bundesliga,Arijon Ibrahimović,Heidenheim,2526,"MF,FW",19,2169,24.1,0.04,0.17,0.21,1.95,0.79,0.02,5.269709543568465,1.120331950207469,0.5394190871369294,0.2074688796680497,2026,,,,,,,,,,,,,,,,,,,,True,1.834122782828138,-0.3906948096342776,-0.2127998858482598,,0.4102093624485334,True,,266236.0,61.0,77.0,19.0,850000.0,LM,FC 26,"Aug 7, 2025",260001.0
GER-Bundesliga,Kingsley Coman,Bayern Munich,2324,MF,27,1113,12.4,0.24,0.24,0.49,2.75,0.65,0.09,4.838709677419355,1.532258064516129,0.4838709677419354,0.0806451612903225,2024,M S,1156.0,3.008565280586481,3.008565280586481,3.5862997490912676,3.0,3.0,29.0,34.0,11.753271628171206,7.292826905846596,0.2342308609453142,0.2792101880780399,0.5134410490233541,2.2577854671280275,2.508650519031142,-0.008565280586481,-0.0006668471044838,0.0884872141348965,True,1.5952269878540437,0.238741056401668,-0.5383113642243549,0.3370969779566994,0.408188414497014,True,,213345.0,85.0,85.0,27.0,57500000.0,LM,FC 24,"Aug 11, 2023",240001.0
GER-Bundesliga,Andrej Kramarić,Hoffenheim,1920,"FW,MF",28,1422,15.8,0.63,0.13,0.76,2.72,1.58,0.23,1.7088607594936709,1.2025316455696202,0.3797468354430379,0.4430379746835443,2020,,,,,,,,,,,,,,,,,,,,True,-0.139594305890829,-0.265091128194946,1.6240148849882765,,0.4064431503008337,True,,216354.0,83.0,83.0,28.0,27000000.0,ST,FIFA 20,"Aug 20, 2019",200001.0
ITA-Serie A,Christian Pulisic,Milan,2425,"MF,FW",25,2478,27.5,0.29,0.33,0.62,2.07,0.87,0.14,4.290909090909091,1.3454545454545457,0.7272727272727273,0.109090909090909,2025,,,,,,,,,,,,,,,,,,,,False,1.2915905673351342,-0.046700508759665,-0.0267933267762056,,0.4060322439330878,True,,,,,,,,,,
ENG-Premier League,Nicolas Jackson,Chelsea,2324,FW,22,2799,31.1,0.45,0.16,0.61,2.57,1.32,0.18,0.1929260450160771,1.2861736334405145,0.932475884244373,0.9003215434083601,2024,F M S,2818.0,19.860593939200044,19.860593939200044,5.2836981769651175,14.0,14.0,36.0,80.0,27.91725537180901,7.270463835448027,0.634298599903479,0.1687483448995247,0.8030469448030038,1.1497515968772178,1.27750177430802,-5.860593939200044,-0.187172978895672,0.2482574242400005,False,-0.9798507820231468,-0.1372835791133763,1.0194935680040995,1.7141507390973434,0.40412748649123,True,,,,,,,,,,
GER-Bundesliga,Marco Richter,Hertha BSC,2223,"MF,FW",24,1836,20.4,0.29,0.25,0.54,2.45,0.74,0.12,4.068627450980393,1.6176470588235294,1.7647058823529411,0.2450980392156863,2023,,,,,,,,,,,,,,,,,,,,True,1.1683836866616717,0.3692180854485422,-0.3290539852682939,,0.4028492622806399,True,,238068.0,74.0,77.0,24.0,6000000.0,RM,FIFA 23,"Sep 1, 2022",230001.0
GER-Bundesliga,Marcel Sabitzer,RB Leipzig,1920,"MF,FW",25,2499,27.8,0.32,0.25,0.58,2.52,0.86,0.13,3.956834532374101,1.474820143884892,0.7194244604316546,0.1079136690647482,2020,,,,,,,,,,,,,,,,,,,,True,1.106418799290489,0.1509741339852455,-0.0500441466602124,,0.4024495955385074,True,,204923.0,81.0,84.0,25.0,22500000.0,CAM,FIFA 20,"Aug 20, 2019",200001.0
GER-Bundesliga,Admir Mehmedi,Wolfsburg,1819,"FW,MF",27,1692,18.8,0.32,0.27,0.59,1.91,0.69,0.17,4.042553191489362,2.021276595744681,1.5425531914893615,0.9574468085106382,2019,F M S,1708.0,4.000787291675806,4.000787291675806,4.055429188534617,6.0,6.0,34.0,36.0,10.254316424950956,5.427408087998629,0.2108143186480225,0.2136935755082643,0.4245078941562869,1.791569086651054,1.9906323185011712,1.999212708324194,0.1053449319374575,0.1111329803243279,True,1.1539311741699028,0.9859765241701136,-0.4453080846883279,-0.0857733336787302,0.4022065699932395,True,,188770.0,75.0,75.0,27.0,7000000.0,RM,FIFA 19,"Aug 21, 2018",190002.0
GER-Bundesliga,Luca Waldschmidt,Köln,2324,MF,27,1146,12.7,0.24,0.0,0.24,3.38,1.26,0.07,3.070866141732284,1.1811023622047243,1.5748031496062993,0.3937007874015748,2024,,,,,,,,,,,,,,,,,,,,True,0.615341795264062,-0.2978357371546146,0.879988648700059,,0.3991649022698354,True,,220085.0,74.0,75.0,27.0,4900000.0,CF,FC 24,"Aug 11, 2023",240001.0
ENG-Premier League,Nathan Tella,Southampton,2021,"FW,MF",21,745,8.3,0.12,0.12,0.24,2.05,0.97,0.06,0.8433734939759036,2.8915662650602405,1.9277108433734935,0.6024096385542168,2021,F M S,734.0,1.9882364720106125,1.9882364720106125,1.090901680290699,1.0,1.0,6.0,17.0,2.907419417053461,0.4839693028479814,0.2437892131893121,0.1337617864116661,0.3775509996009782,0.7356948228882835,0.8174386920980926,-0.9882364720106124,-0.1211734093745982,0.1169550865888595,False,-0.619318975374347,2.3158061044751648,0.2057148720638621,-0.3090497558827569,0.3982880613204808,True,,237328.0,61.0,74.0,20.0,800000.0,RW,FIFA 21,"Aug 24, 2020",210001.0
GER-Bundesliga,Michael Gregoritsch,Freiburg,2324,FW,29,1682,18.7,0.37,0.21,0.59,3.85,1.66,0.1,0.5882352941176471,1.0160427807486632,0.9090909090909092,0.320855614973262,2024,F M S,1681.0,11.299522154033184,11.299522154033184,1.2629597373306751,7.0,7.0,14.0,72.0,11.064708192832768,2.9364843908697367,0.6049714419173031,0.0676183083639267,0.6725897502812298,0.7495538370017847,0.8328375966686495,-4.299522154033184,-0.2301945234164108,0.1569378076949053,True,-0.7607376807395841,-0.5500518919271612,1.8100214440603304,1.0938368124749662,0.3982671709671377,True,,199439.0,79.0,79.0,29.0,17500000.0,ST,FC 24,"Aug 11, 2023",240001.0
GER-Bundesliga,Justin Njinmah,Werder Bremen,2324,FW,22,1016,11.3,0.53,0.18,0.71,2.92,1.24,0.18,0.8849557522123893,1.7699115044247786,0.5309734513274336,0.7964601769911503,2024,F M S,1011.0,4.3166096322238445,4.3166096322238445,2.432547379285097,6.0,6.0,13.0,33.0,8.9449203312397,2.3999127810820937,0.3842679197825381,0.2165472444467445,0.6008151642292827,1.1572700296735905,1.2858555885262115,1.6833903677761557,0.1498567092975806,0.1308063524916316,True,-0.5962706465500718,0.6018828761825695,0.8334870089320453,0.7525541759075522,0.3979133536180238,True,,266183.0,67.0,77.0,22.0,2300000.0,ST,FC 24,"Aug 11, 2023",240001.0
GER-Bundesliga,Daichi Kamada,Eintracht Frankfurt,1920,"MF,FW",22,1969,21.9,0.09,0.18,0.27,2.1,0.82,0.04,4.018264840182649,1.7351598173515983,1.2785388127853885,0.319634703196347,2020,F M S,1970.0,6.370812978595495,6.370812978595495,3.510614726226777,2.0,2.0,38.0,46.0,13.206479104235768,5.602587649598718,0.2910523695805048,0.1603834138885329,0.4514357834690378,1.7360406091370555,1.9289340101522845,-4.370812978595495,-0.1996818112048703,0.1384959343172933,True,1.1404685597940092,0.5487812215670841,-0.1430474261962397,0.0422667090071279,0.3971172660429953,True,,232730.0,73.0,79.0,22.0,5500000.0,CF,FIFA 20,"Aug 20, 2019",200001.0
GER-Bundesliga,Christopher Nkunku,RB Leipzig,2223,"FW,MF",24,1897,21.1,0.62,0.19,0.81,3.51,1.42,0.18,0.8056872037914692,1.753554502369668,0.9004739336492891,0.5687203791469194,2023,,,,,,,,,,,,,,,,,,,,True,-0.6402078362774272,0.5768888702269395,1.2520017668441674,,0.3962276002645599,True,,232411.0,86.0,89.0,24.0,94000000.0,CF,FIFA 23,"Sep 1, 2022",230001.0
GER-Bundesliga,Patrick Wimmer,Wolfsburg,2223,"MF,FW",21,1648,18.3,0.22,0.44,0.66,1.69,0.76,0.13,3.715846994535519,1.7486338797814207,2.295081967213114,0.3825136612021858,2023,F M S,1709.0,4.009688466787338,4.009688466787338,5.654376212507486,4.0,4.0,38.0,31.0,10.894396804273129,2.442955546081066,0.2111597203106263,0.29777288421631,0.5089326045269363,2.0011702750146285,2.2235225277940316,-0.0096884667873382,-0.0005102176775075,0.1293447892512044,True,0.9728435619123866,0.5693700064484979,-0.2825523455002802,0.3156596711160624,0.3938302234941667,True,,254566.0,76.0,85.0,21.0,17000000.0,RM,FIFA 23,"Sep 1, 2022",230001.0
ENG-Premier League,Amine Adli,Bournemouth,2526,MF,25,1093,12.1,0.25,0.08,0.33,1.65,0.74,0.15,3.2231404958677685,1.900826446280992,2.396694214876033,0.4132231404958678,2026,,,,,,,,,,,,,,,,,,,,False,0.6997448444120589,0.8019249636880148,-0.3290539852682939,,0.3908719409439266,True,,228093.0,71.0,79.0,20.0,3600000.0,ST,FIFA 19,"Aug 21, 2018",190002.0
GER-Bundesliga,Marius Bülter,Hoffenheim,2425,"MF,FW",31,1729,19.2,0.36,0.1,0.47,1.98,0.83,0.18,4.479166666666667,1.875,0.5729166666666667,0.3125,2025,D F M S,1772.0,3.648140865378082,3.648140865378082,3.039690352976322,7.0,7.0,22.0,38.0,7.931092381477356,2.67352965567261,0.1852893216049815,0.1543860788757725,0.3396754004807541,1.1173814898419865,1.2415349887133182,3.351859134621918,0.1702411524356504,0.0960037069836337,True,1.395938495844566,0.7624613535481486,-0.1197966063122328,-0.4891453167260487,0.3873644815886082,True,,244390.0,75.0,75.0,31.0,4700000.0,LM,FC 25,"Aug 7, 2024",250001.0
GER-Bundesliga,Timo Werner,RB Leipzig,1819,FW,22,2509,27.9,0.57,0.25,0.83,3.84,1.43,0.15,1.6845878136200718,1.3978494623655917,0.8960573476702509,1.3261648745519714,2019,,,,,,,,,,,,,,,,,,,,True,-0.1530483813007515,0.0333605477167739,1.275252586728174,,0.3851882510480655,True,,212188.0,83.0,87.0,22.0,34500000.0,ST,FIFA 19,"Aug 21, 2018",190002.0
GER-Bundesliga,Vincenzo Grifo,Freiburg,2425,MF,31,2432,27.0,0.3,0.41,0.7,2.44,1.07,0.12,5.814814814814815,0.4444444444444444,0.5555555555555556,0.074074074074074,2025,F M S,2510.0,5.7157554272562265,7.989085482433438,8.86034712381661,8.0,8.0,65.0,66.0,14.169706366956234,6.400352879427373,0.2049474057581914,0.3177016896986035,0.5226490954567949,2.3306772908366535,2.589641434262948,2.2842445727437735,0.0819051838832428,0.0866023549584276,True,2.136265236565963,-1.4234718605547432,0.4382230709039301,0.3808805305663298,0.38297424437037,True,,212096.0,80.0,80.0,31.0,17500000.0,LM,FC 25,"Aug 7, 2024",250001.0
GER-Bundesliga,Marco Richter,Augsburg,1819,"MF,FW",20,1426,15.8,0.25,0.38,0.63,3.47,1.45,0.07,2.2784810126582276,1.6455696202531644,1.3924050632911391,0.5063291139240506,2019,F M S,1434.0,3.430768808349967,3.430768808349967,2.3449832126498222,4.0,4.0,16.0,55.0,8.431046262383461,3.559801877476275,0.2153202180972782,0.1471746786181896,0.3624948967154679,1.00418410041841,1.1157601115760112,0.569231191650033,0.0357258070073242,0.0623776146972721,True,0.1761363796635214,0.4118846244828573,1.3217542264961877,-0.3806403671539706,0.3822837158721489,True,,238068.0,66.0,76.0,20.0,1000000.0,RM,FIFA 19,"Aug 21, 2018",190002.0
ESP-La Liga,Fábio Silva,Las Palmas,2425,FW,22,1866,20.7,0.39,0.14,0.53,2.36,1.16,0.16,0.9178743961352658,2.077294685990338,1.884057971014493,0.9661835748792272,2025,,,,,,,,,,,,,,,,,,,,False,-0.578024409771186,1.0715739017644712,0.6474804498599909,,0.380343313951092,True,,,,,,,,,,
GER-Bundesliga,André Silva,RB Leipzig,2223,FW,26,1738,19.3,0.21,0.16,0.36,3.06,1.19,0.07,0.2072538860103626,2.2797927461139897,1.6580310880829014,0.5181347150259067,2023,,,,,,,,,,,,,,,,,,,,True,-0.971909106785113,1.3809972119579663,0.7172329095120114,,0.3754403382282882,True,,,,,,,,,,
ITA-Serie A,Christian Pulisic,Milan,2526,FW,26,1609,17.9,0.45,0.22,0.67,3.02,1.4,0.15,2.0670391061452515,1.2849162011173183,0.6145251396648045,0.1675977653631285,2026,,,,,,,,,,,,,,,,,,,,False,0.0589377763354635,-0.1392049746642769,1.2055001270761536,,0.37507764291578,True,,239097.0,68.0,72.0,25.0,1200000.0,ST,FIFA 20,"Aug 20, 2019",200001.0
ESP-La Liga,Nicolás González,Atlético Madrid,2526,"MF,DF",27,1448,16.1,0.31,0.0,0.31,2.67,1.31,0.12,1.6770186335403725,1.5527950310559004,1.7391304347826086,0.124223602484472,2026,,,,,,,,,,,,,,,,,,,,False,-0.1572438473193332,0.2701221776044529,0.996242748120093,,0.3697070261350709,True,,,,,,,,,,
GER-Bundesliga,Marius Bülter,Köln,2526,"FW,MF",32,1597,17.7,0.28,0.23,0.51,2.37,0.96,0.12,3.5028248587570623,1.4124293785310735,0.96045197740113,0.3389830508474576,2026,,,,,,,,,,,,,,,,,,,,True,0.8547690647470725,0.0556391113707285,0.1824640521798553,,0.3642907427658854,True,,244390.0,76.0,76.0,32.0,6000000.0,ST,FC 26,"Aug 7, 2025",260001.0
GER-Bundesliga,Danel Sinani,St Pauli,2425,"FW,MF",27,1250,13.9,0.14,0.14,0.29,2.52,0.86,0.06,5.0359712230215825,1.0071942446043165,1.7985611510791366,0.2877697841726618,2025,,,,,,,,,,,,,,,,,,,,True,1.7045656616116809,-0.5635727293242141,-0.0500441466602124,,0.3636495952090847,True,,238072.0,70.0,80.0,21.0,2500000.0,CDM,FIFA 19,"Aug 21, 2018",190002.0
GER-Bundesliga,Amine Harit,Schalke 04,2021,"MF,FW",23,2101,23.3,0.09,0.21,0.3,0.94,0.26,0.09,3.1759656652360513,3.3905579399141628,1.2017167381974247,0.3004291845493562,2021,F M S,2123.0,1.570903996936977,1.570903996936977,4.626862993463874,2.0,2.0,50.0,22.0,7.832757381722331,3.475557617843151,0.0665950823006726,0.196145864065826,0.2627409463664986,2.119642016015073,2.3551577955723033,0.4290960030630231,0.0181905983399303,0.0714047271334989,True,0.6735966491301759,3.0782808447171974,-1.4450933397006196,-0.8549627290895933,0.3629553562642902,True,,232097.0,77.0,83.0,23.0,16500000.0,CAM,FIFA 21,"Aug 24, 2020",210001.0
ENG-Premier League,Leon Bailey,Aston Villa,2324,MF,25,2068,23.0,0.44,0.39,0.83,2.31,0.78,0.19,3.347826086956522,1.1304347826086956,1.1304347826086956,0.4782608695652174,2024,F M S,2112.0,6.4655649326741695,6.4655649326741695,10.29915790259838,10.0,10.0,51.0,53.0,17.98974223807454,6.671372391283512,0.2755212329264561,0.4388845697129992,0.7144058026394553,2.1732954545454546,2.414772727272727,3.5344350673258305,0.1506151307099075,0.1219917911825315,False,0.7688559178587905,-0.3752573686928248,-0.2360507057322666,1.292668925408749,0.3625541922106119,True,,,,,,,,,,
ESP-La Liga,Nicolas Jackson,Villarreal,2223,FW,21,1598,17.8,0.68,0.23,0.9,2.31,1.3,0.29,0.2808988764044943,1.4606741573033708,1.797752808988764,0.7303370786516854,2023,F S,1617.0,8.56287157163024,8.56287157163024,4.143055668100715,12.0,12.0,22.0,41.0,15.196007523685694,3.050466211512685,0.476597675600941,0.2305967904323218,0.7071944660332629,1.2244897959183674,1.3605442176870748,3.4371284283697605,0.1913058494454412,0.2088505261373229,False,-0.9310889583167168,0.1293586281807244,0.9729919282360862,1.2583795744627853,0.3574102931407198,True,,257020.0,72.0,75.0,26.0,3100000.0,ST,FC 25,"Aug 7, 2024",250001.0
GER-Bundesliga,Elias Saad,St Pauli,2425,"FW,MF",24,900,10.0,0.3,0.2,0.5,2.6,0.8,0.12,1.4,2.4,1.7,0.7,2025,,,,,,,,,,,,,,,,,,,,True,-0.3107904998358547,1.5646776204713455,-0.189549065964253,,0.3547793515570792,True,,,,,,,,,,
GER-Bundesliga,Marcus Thuram,Gladbach,2223,FW,24,2513,27.9,0.47,0.21,0.68,3.29,1.58,0.14,0.3942652329749104,1.5770609318996416,1.2186379928315412,0.6451612903225806,2023,,,,,,,,,,,,,,,,,,,,True,-0.8682519414095314,0.3072012259632996,1.6240148849882765,,0.3543213898473481,True,,228093.0,78.0,83.0,24.0,21500000.0,ST,FIFA 23,"Sep 1, 2022",230001.0
GER-Bundesliga,Thomas Müller,Bayern Munich,1819,MF,28,2378,26.4,0.23,0.34,0.57,2.42,1.02,0.09,2.0454545454545454,0.9090909090909092,0.8712121212121212,0.5681818181818182,2019,F M S,2403.0,10.931040298193691,10.931040298193691,10.700433865189552,6.0,6.0,60.0,64.0,26.969426408410072,14.559245770797132,0.4094022583593144,0.4007653133029795,0.8101675716622938,2.247191011235955,2.4968789013732833,-4.931040298193693,-0.1846831572357188,0.1707975046592764,True,0.0469738264821962,-0.7134776656828418,0.3219689714838961,1.7480087721731794,0.3508684761141075,True,,189596.0,86.0,86.0,28.0,46000000.0,CF,FIFA 19,"Aug 21, 2018",190002.0
GER-Bundesliga,Marius Bülter,Schalke 04,2223,"MF,FW",29,2598,28.9,0.24,0.03,0.28,2.36,0.94,0.1,4.013840830449827,1.7301038062283738,0.8996539792387543,0.2422145328719723,2023,F M S,2619.0,5.967683052644134,8.998790411278605,4.248066739179194,7.0,11.0,37.0,68.0,12.15662797447294,2.7311309576034546,0.2050750189912073,0.1459816748858829,0.3510566938770902,1.2714776632302405,1.4127529591447117,1.0323169473558664,0.0354748091874868,0.0877600448918255,True,1.1380164074730847,0.5410554799122358,0.1359624124118417,-0.43502814195004,0.3450015394617806,True,,244390.0,72.0,72.0,29.0,2300000.0,ST,FIFA 23,"Sep 1, 2022",230001.0
GER-Bundesliga,Conrad Harder,RB Leipzig,2526,FW,20,932,10.4,0.29,0.29,0.58,4.06,1.26,0.07,1.25,1.7307692307692306,2.019230769230769,0.3846153846153846,2026,,,,,,,,,,,,,,,,,,,,True,-0.3939329136985003,0.5420722692285888,0.879988648700059,,0.3427093347433825,True,,,,,,,,,,
GER-Bundesliga,Vincenzo Grifo,Freiburg,2021,"MF,FW",27,2313,25.7,0.19,0.39,0.58,2.26,1.05,0.09,5.136186770428016,0.7392996108949417,0.4280155642023346,0.0778210116731517,2021,F M S,2341.0,4.7096494026482105,7.740594930946827,7.838894918560982,5.0,9.0,66.0,57.0,13.716823390685022,5.292960800230503,0.1810629842965992,0.3013671690177225,0.4824301533143217,2.53737718923537,2.8193079880392995,0.2903505973517895,0.0111625603424438,0.0826254281166352,True,1.7601134117312625,-0.9729240302443892,0.3917214311359165,0.1896425538763455,0.3421383416247838,True,,212096.0,78.0,78.0,27.0,15000000.0,LM,FIFA 21,"Aug 24, 2020",210001.0
GER-Bundesliga,Cedric Teuchert,Union Berlin,2021,"FW,MF",23,754,8.4,0.36,0.12,0.48,2.86,1.19,0.13,1.1904761904761905,1.6666666666666663,1.7857142857142856,0.238095238095238,2021,F M S,718.0,3.634605288505554,3.634605288505554,0.9422438852488996,3.0,3.0,8.0,24.0,5.573095675557852,1.439329758286476,0.4555911921525067,0.1181085650033439,0.5736997571558508,1.0027855153203342,1.1142061281337048,-0.6346052885055542,-0.0795466239073814,0.1514418870210647,True,-0.4269259350725661,0.4441215650865622,0.7172329095120114,0.6236225006914535,0.3395127600543652,True,,226050.0,68.0,77.0,23.0,2700000.0,ST,FIFA 21,"Aug 24, 2020",210001.0
GER-Bundesliga,Lars Stindl,Gladbach,2223,MF,33,1734,19.3,0.42,0.36,0.78,2.6,1.14,0.16,0.932642487046632,2.0207253886010363,1.5544041450777202,0.4145077720207253,2023,,,,,,,,,,,,,,,,,,,,True,-0.569838711594426,0.985134262575683,0.6009788100919773,,0.3387581203577448,True,,187072.0,79.0,79.0,33.0,11000000.0,CAM,FIFA 23,"Sep 1, 2022",230001.0
GER-Bundesliga,Nadiem Amiri,Leverkusen,2223,"MF,FW",25,977,10.9,0.28,0.09,0.37,2.21,0.83,0.13,1.4678899082568806,2.293577981651376,1.2844036697247705,0.3669724770642201,2023,,,,,,,,,,,,,,,,,,,,True,-0.2731602941732506,1.402061478989317,-0.1197966063122328,,0.3363681928346112,True,,225309.0,76.0,79.0,25.0,10000000.0,CAM,FIFA 23,"Sep 1, 2022",230001.0
GER-Bundesliga,Anthony Ujah,Mainz 05,1819,FW,27,735,8.2,0.49,0.0,0.49,3.43,1.59,0.14,0.4878048780487805,0.6097560975609757,1.829268292682927,1.2195121951219514,2019,F S,707.0,4.2924178168177605,4.2924178168177605,1.9669224508106709,4.0,4.0,12.0,27.0,5.395477045327425,1.134032106027007,0.5464181096373387,0.2503861677128152,0.7968042773501539,1.5275813295615277,1.6973125884016973,-0.2924178168177604,-0.0372243331168294,0.158978437659917,True,-0.8164045288542202,-1.1708705324746551,1.647265704872283,1.684467335476176,0.3361144947548958,True,,198554.0,73.0,74.0,27.0,4700000.0,ST,FIFA 19,"Aug 21, 2018",190002.0
ENG-Premier League,Mathys Tel,Tottenham Hotspur,2425,FW,19,911,10.1,0.1,0.1,0.2,2.27,0.89,0.04,3.1683168316831685,1.5841584158415842,1.4851485148514851,0.099009900990099,2025,,,,,,,,,,,,,,,,,,,,False,0.6693570325647074,0.3180464013393997,0.0197083129918079,,0.3357039156319716,True,,,,,,,,,,
GER-Bundesliga,Kingsley Coman,Bayern Munich,2425,MF,28,1282,14.2,0.35,0.28,0.63,3.09,1.19,0.11,3.3098591549295775,0.8450704225352114,0.6338028169014085,0.5633802816901409,2025,M S,1276.0,4.042191399261355,4.042191399261355,4.258397921919823,5.0,5.0,32.0,44.0,12.850466405972838,6.604279920458794,0.2851075438350486,0.3003572201981066,0.5854647640331552,2.2570532915360504,2.507836990595611,0.9578086007386446,0.0675570329674592,0.0918679863468489,True,0.7478115020209295,-0.8113029527901153,0.7172329095120114,0.6795642035584573,0.3333264155753207,True,,213345.0,84.0,84.0,28.0,42500000.0,LM,FC 25,"Aug 7, 2024",250001.0
FRA-Ligue 1,Franck Honorat,Brest,2223,"MF,FW",25,2535,28.2,0.21,0.18,0.39,1.67,0.6,0.13,7.4822695035460995,0.6382978723404256,0.8156028368794327,0.3191489361702128,2023,F M S,2562.0,4.384667851030827,4.384667851030827,8.52192741446197,6.0,6.0,89.0,47.0,13.602738115005195,3.3610742576420307,0.1540281446497948,0.2993651316555727,0.4533932763053676,3.126463700234192,3.473848555815769,1.6153321489691734,0.0567446890738585,0.0932908053410814,False,3.0605066220839996,-1.1272578162557354,-0.654565463644389,0.0515744368951152,0.3325644447697476,True,,,,,,,,,,
GER-Bundesliga,Robert Skov,Union Berlin,2425,"MF,DF",28,852,9.5,0.11,0.21,0.32,1.8,0.63,0.06,6.526315789473684,1.0526315789473684,1.4736842105263157,0.1052631578947368,2025,D M S,866.0,1.0390878673642874,1.7968645300716162,2.9618297405540943,1.0,2.0,19.0,17.0,3.018203509971499,1.3240411318838596,0.1079883464928243,0.3078114049074694,0.4157997514002937,1.97459584295612,2.1939953810623556,-0.0390878673642873,-0.0040622494951337,0.061122815727311,True,2.530637959891053,-0.4941430745896917,-0.5848130039923685,-0.1271798827491746,0.3311254996399545,True,,,,,,,,,,
GER-Bundesliga,Jadon Sancho,Dortmund,1819,MF,18,2461,27.3,0.44,0.51,0.95,1.46,0.8,0.3,4.029304029304029,1.391941391941392,0.1831501831501831,0.1465201465201465,2019,,,,,,,,,,,,,,,,,,,,True,1.1465873919982612,0.0243328330493058,-0.189549065964253,,0.327123719694438,True,,233049.0,72.0,87.0,18.0,6500000.0,LM,FIFA 19,"Aug 21, 2018",190002.0
FRA-Ligue 1,Franck Honorat,Brest,2021,MF,23,2458,27.3,0.29,0.15,0.44,1.5,0.88,0.2,6.95970695970696,0.5128205128205128,1.3186813186813189,0.1831501831501831,2021,F M S,2477.0,3.725578421726823,3.725578421726823,7.627052363008261,8.0,8.0,63.0,41.0,12.79016587510705,5.243441419675946,0.1353661921499451,0.27712342053724,0.4124896126871851,2.289059345983044,2.5433992733144932,4.274421578273177,0.1553080105145684,0.090867766383581,False,2.7708592134907284,-1.318991109469915,-0.0035425068921988,-0.1429193377506422,0.3263515648444931,True,,,,,,,,,,
ITA-Serie A,Donyell Malen,Roma,2526,FW,26,1467,16.3,0.67,0.12,0.8,4.29,1.9,0.16,0.3680981595092024,1.0429447852760736,0.7361963190184049,0.8588957055214723,2026,,,,,,,,,,,,,,,,,,,,False,-0.8827558990872658,-0.5089447954610086,2.3680411212764927,,0.3254468089094061,True,,,,,,,,,,
GER-Bundesliga,Victor Boniface,Leverkusen,2324,FW,22,1546,17.2,0.58,0.47,1.05,4.66,1.98,0.13,0.1744186046511628,0.988372093023256,0.9302325581395348,1.0465116279069768,2024,,,,,,,,,,,,,,,,,,,,True,-0.9901091371321998,-0.5923335601372064,2.554047680348547,,0.3238683276930469,True,,247679.0,74.0,81.0,22.0,8500000.0,ST,FC 24,"Aug 11, 2023",240001.0
GER-Bundesliga,Jonathan Burkardt,Mainz 05,2425,FW,24,2109,23.4,0.68,0.09,0.77,3.07,1.28,0.22,1.153846153846154,1.0256410256410258,0.982905982905983,0.4700854700854701,2025,F S,2144.0,14.015687860548496,15.531241215765476,3.2260143337771297,16.0,18.0,20.0,72.0,17.678049380891025,2.2389991842210293,0.5883451060864574,0.1354203778171369,0.7237654839035943,0.8395522388059701,0.9328358208955224,1.984312139451504,0.0832966849583187,0.1946623313965069,True,-0.4472293328412218,-0.5353854763337026,0.9264902884680726,1.3371734899762695,0.3202622423173544,True,,244257.0,76.0,82.0,23.0,12000000.0,ST,FC 25,"Aug 7, 2024",250001.0
GER-Bundesliga,Maximilian Beier,Hoffenheim,2324,"FW,MF",20,2420,26.9,0.6,0.04,0.63,3.05,1.45,0.2,1.412639405204461,1.1895910780669146,0.7806691449814127,0.483271375464684,2024,F M S,2477.0,12.45765060186386,12.45765060186386,2.661381559446454,16.0,16.0,24.0,82.0,15.76284497603774,2.5732957124710083,0.4526397069712343,0.0966993703472672,0.5493390773185015,0.8720226079935406,0.9689140088817118,3.542349398136139,0.1287086983577927,0.1519225683154129,True,-0.3037846954459415,-0.2848647162975902,1.3217542264961877,0.5077893416196897,0.3102235390930864,True,,254117.0,70.0,80.0,20.0,3500000.0,ST,FC 24,"Aug 11, 2023",240001.0
GER-Bundesliga,Yussuf Poulsen,RB Leipzig,2324,FW,29,1217,13.5,0.37,0.15,0.52,2.14,1.18,0.17,0.2222222222222222,2.1481481481481484,1.6296296296296295,0.2962962962962963,2024,,,,,,,,,,,,,,,,,,,,True,-0.963612416090702,1.1798401873088953,0.6939820896280046,,0.3034032869487326,True,,207791.0,76.0,76.0,29.0,7500000.0,ST,FC 24,"Aug 11, 2023",240001.0
GER-Bundesliga,Florian Wirtz,Leverkusen,2223,"FW,MF",19,1090,12.1,0.08,0.5,0.58,0.58,0.33,0.14,3.553719008264463,2.231404958677686,1.0743801652892562,0.0826446280991735,2023,,,,,,,,,,,,,,,,,,,,True,0.8829788143572835,1.3070591734783004,-1.2823376005125722,,0.3025667957743372,True,,256630.0,82.0,91.0,19.0,66000000.0,CAM,FIFA 23,"Sep 1, 2022",230001.0
GER-Bundesliga,Marcus Thuram,Gladbach,2021,"MF,FW",22,1731,19.2,0.42,0.16,0.57,3.02,1.09,0.14,1.1979166666666667,1.9270833333333337,1.9270833333333337,0.8854166666666667,2021,,,,,,,,,,,,,,,,,,,,True,-0.4228018074008078,0.8420463006635454,0.4847247106719438,,0.3013230679782271,True,,228093.0,80.0,86.0,22.0,34000000.0,LW,FIFA 21,"Aug 24, 2020",210001.0
GER-Bundesliga,Julian Brandt,Dortmund,2324,MF,27,2223,24.7,0.28,0.45,0.73,1.34,0.65,0.21,6.680161943319838,0.6072874493927126,0.3238866396761133,0.2024291497975708,2024,,,,,,,,,,,,,,,,,,,,True,2.6159122305194074,-1.1746427033658755,-0.5383113642243549,,0.3009860543097256,True,,212194.0,84.0,85.0,27.0,48500000.0,CAM,FC 24,"Aug 11, 2023",240001.0
GER-Bundesliga,Patrik Schick,Leverkusen,2425,FW,28,1684,18.7,1.07,0.0,1.07,3.63,1.82,0.29,0.053475935828877,1.2299465240641712,1.2299465240641712,0.374331550802139,2025,,,,,,,,,,,,,,,,,,,,True,-1.0571455732980355,-0.2232003444158,2.182034562204439,,0.3005628814968677,True,,234236.0,82.0,82.0,28.0,31000000.0,ST,FC 25,"Aug 7, 2024",250001.0
GER-Bundesliga,Niclas Füllkrug,Werder Bremen,2223,FW,29,2477,27.5,0.4,0.18,0.58,2.91,1.34,0.14,0.8,1.7454545454545454,1.1636363636363636,0.9818181818181818,2023,F,2482.0,9.641273576766253,13.430156659334898,3.750499667599797,11.0,16.0,33.0,80.0,15.179124631918969,4.494084726087749,0.3496029902936997,0.135997167640605,0.4856001579343048,1.1966156325543915,1.3295729250604351,1.3587264232337477,0.0492688872244308,0.1205159197095781,True,-0.6433601552864373,0.5645118850865803,1.065995207772113,0.2047156820425697,0.2979656549037065,True,,205431.0,75.0,75.0,29.0,5500000.0,ST,FIFA 23,"Sep 1, 2022",230001.0
GER-Bundesliga,Sargis Adamyan,Köln,2324,"FW,MF",30,801,8.9,0.11,0.22,0.34,3.48,1.57,0.03,0.449438202247191,1.4606741573033708,2.0224719101123596,0.898876404494382,2024,,,,,,,,,,,,,,,,,,,,True,-0.8376705157744182,0.1293586281807244,1.6007640651042694,,0.2974840591701919,True,,218534.0,70.0,70.0,30.0,1600000.0,ST,FC 24,"Aug 11, 2023",240001.0
GER-Bundesliga,Marco Grüll,Werder Bremen,2425,"FW,MF",26,1181,13.1,0.46,0.08,0.53,1.91,0.76,0.24,1.6030534351145038,2.366412213740458,1.6793893129770994,0.4580152671755725,2025,F M S,1189.0,4.213682193309069,4.213682193309069,2.0658823987469077,6.0,6.0,11.0,25.0,7.891282428056002,2.1898325979709625,0.3189498716550178,0.1563746138664606,0.4753244855214785,0.832632464255677,0.9251471825063078,1.786317806690931,0.1352132906662606,0.1685472877323627,True,-0.1982414815790417,1.5133544423621192,-0.2825523455002802,0.1558556500109777,0.2971040663234437,True,,256548.0,75.0,76.0,25.0,6500000.0,LM,FC 25,"Aug 7, 2024",250001.0
GER-Bundesliga,Sheraldo Becker,Mainz 05,2526,FW,30,946,10.5,0.29,0.29,0.57,2.76,1.43,0.1,2.952380952380953,0.7619047619047619,1.238095238095238,0.9523809523809524,2026,,,,,,,,,,,,,,,,,,,,True,0.5496674975997798,-0.938382659089469,1.275252586728174,,0.2955124750794949,True,,,,,,,,,,
ITA-Serie A,Ante Rebić,Milan,1920,"MF,FW",25,1395,15.5,0.71,0.19,0.9,2.71,1.29,0.26,2.967741935483871,0.967741935483871,1.7419354838709675,0.1935483870967742,2020,,,,,,,,,,,,,,,,,,,,False,0.5581818256963128,-0.6238570800748879,0.9497411083520794,,0.2946886179911681,True,,,,,,,,,,
GER-Bundesliga,Lars Stindl,Gladbach,2021,"MF,FW",31,1961,21.8,0.37,0.37,0.73,2.57,1.29,0.14,1.8348623853211008,1.3761467889908257,1.926605504587156,0.2293577981651376,2021,,,,,,,,,,,,,,,,,,,,True,-0.069753777078093,0.0001981903511394,0.9497411083520794,,0.2933951738750419,True,,187072.0,80.0,80.0,31.0,17500000.0,CAM,FIFA 21,"Aug 24, 2020",210001.0
GER-Bundesliga,Lucas Höler,Freiburg,1819,"FW,MF",24,1006,11.2,0.36,0.0,0.36,2.33,0.98,0.15,0.8928571428571429,2.410714285714286,1.517857142857143,0.3571428571428571,2019,F M S,1003.0,4.337982368655503,4.337982368655503,0.4694009060040116,4.0,4.0,9.0,26.0,4.671012503094971,0.6539997048676014,0.389250661195409,0.0421197223732413,0.4313703835686504,0.8075772681954138,0.897308075772682,-0.3379823686555028,-0.0303274308863362,0.1668454757175193,True,-0.5918910419428947,1.5810493810207993,0.2289656919478689,-0.0531427243099447,0.2912453266789572,True,,234875.0,71.0,75.0,23.0,3100000.0,ST,FIFA 19,"Aug 21, 2018",190002.0
GER-Bundesliga,Lucas Höler,Freiburg,1920,"FW,MF",25,2485,27.6,0.29,0.07,0.36,1.88,0.83,0.15,0.6521739130434783,2.86231884057971,1.3405797101449275,0.3623188405797101,2020,F M S,2502.0,8.36097801104188,9.118673797696829,2.403396101668477,8.0,8.0,31.0,52.0,11.835267841815948,3.1390282306820154,0.3007546047137366,0.0864530971823193,0.3872077018960559,1.1151079136690647,1.2390087929656275,-0.3609780110418796,-0.0129848205410748,0.1607880386738823,True,-0.7252976066293345,2.271115133648709,-0.1197966063122328,-0.2631328791567042,0.2907220103876093,True,,234875.0,72.0,75.0,24.0,4000000.0,ST,FIFA 20,"Aug 20, 2019",200001.0
ESP-La Liga,Sheraldo Becker,Real Sociedad,2324,"FW,MF",28,771,8.6,0.23,0.23,0.47,2.45,1.17,0.1,5.232558139534884,0.5813953488372093,1.2790697674418603,0.6976744186046512,2024,F M S,769.0,1.9461984522640705,1.9461984522640705,1.6168914884328842,2.0,2.0,8.0,21.0,3.5689502712339163,0.4457260128110647,0.2277735509801903,0.1892330740688681,0.4170066250490584,0.9362808842652796,1.0403120936280883,0.0538015477359294,0.0062966700861295,0.0926761167744795,False,1.813530400096549,-1.214206635271468,0.6707312697439977,-0.1214412913687095,0.2871534358000923,True,,219733.0,70.0,75.0,24.0,2400000.0,ST,FIFA 19,"Aug 21, 2018",190002.0
GER-Bundesliga,Tiago Tomás,Wolfsburg,2324,"FW,MF",21,1032,11.5,0.09,0.09,0.17,2.35,0.87,0.04,2.4347826086956523,2.260869565217391,1.0434782608695652,0.2608695652173913,2024,F M S,1007.0,2.9286348149180412,2.9286348149180412,0.9851035736501216,1.0,1.0,9.0,27.0,5.174130156636238,1.692886235192418,0.261744918910252,0.0880430204851151,0.3497879393953671,0.804369414101291,0.893743793445879,-1.9286348149180412,-0.172370539565664,0.1084679561080756,True,0.2627716595644255,1.3520820052204776,-0.0267933267762056,-0.4410609719320313,0.2867498415191665,True,,206626.0,73.0,76.0,25.0,5000000.0,ST,FIFA 19,"Aug 21, 2018",190002.0
GER-Bundesliga,Dawid Kownacki,Düsseldorf,1920,"MF,FW",22,1093,12.1,0.0,0.0,0.0,2.22,0.91,0.0,1.2396694214876034,2.1487603305785123,1.7355371900826446,0.1652892561983471,2020,,,,,,,,,,,,,,,,,,,,True,-0.3996589752592885,1.1807756210307288,0.0662099527598215,,0.2824421995104206,True,,221168.0,73.0,83.0,22.0,6500000.0,ST,FIFA 20,"Aug 20, 2019",200001.0
GER-Bundesliga,Nicolas Jackson,Bayern Munich,2526,FW,24,1007,11.2,0.71,0.09,0.8,3.4,1.88,0.21,0.625,0.8928571428571429,1.3392857142857144,0.7142857142857143,2026,,,,,,,,,,,,,,,,,,,,True,-0.7403596381261905,-0.7382833634850433,2.3215394815084793,,0.2809654932990819,True,,,,,,,,,,
GER-Bundesliga,Jamie Gittens,Dortmund,2324,"MF,FW",18,1058,11.8,0.09,0.34,0.43,3.66,0.94,0.02,1.1864406779661016,2.11864406779661,1.0169491525423728,0.0,2024,,,,,,,,,,,,,,,,,,,,True,-0.4291627500809774,1.1347570383591556,0.1359624124118417,,0.2805189002300066,True,,,,,,,,,,
GER-Bundesliga,Deniz Undav,Stuttgart,2526,"FW,MF",29,2241,24.9,0.76,0.28,1.04,4.98,1.85,0.15,0.642570281124498,0.923694779116466,1.285140562248996,1.0040160642570282,2026,,,,,,,,,,,,,,,,,,,,True,-0.730620734226617,-0.6911624997884919,2.2517870218564595,,0.2766679292804502,True,,244176.0,80.0,80.0,28.0,21500000.0,ST,FC 26,"Aug 7, 2025",260001.0
GER-Bundesliga,Alassane Pléa,Gladbach,2021,FW,27,1803,20.0,0.3,0.05,0.35,3.14,1.25,0.1,1.7,1.45,0.9,1.05,2021,,,,,,,,,,,,,,,,,,,,True,-0.1445056721105634,0.1130481850865127,0.8567378288160521,,0.2750934472640005,True,,206467.0,80.0,81.0,27.0,24500000.0,ST,FIFA 21,"Aug 24, 2020",210001.0
ENG-Premier League,Justin Kluivert,Bournemouth,2425,MF,25,2340,26.0,0.23,0.23,0.46,2.42,1.12,0.1,3.3076923076923075,1.2692307692307692,1.7692307692307692,0.2307692307692307,2025,M S,2390.0,5.87459684535861,10.441609976813195,5.512896118685603,6.0,12.0,44.0,63.0,15.81588026881218,6.402966948226094,0.2212191280678974,0.2075985986115917,0.4288177266794892,1.6569037656903765,1.8410041841004183,0.1254031546413898,0.0047222945262448,0.0932475689739461,False,0.7466104559557413,-0.1631728005940021,0.5544771703239642,-0.0652804114956901,0.2681586035475033,True,,239747.0,70.0,78.0,22.0,3600000.0,ST,FIFA 21,"Aug 24, 2020",210001.0
GER-Bundesliga,Franck Honorat,Gladbach,2425,MF,27,1439,16.0,0.25,0.44,0.69,1.94,0.56,0.13,7.6875,0.3125,0.4375,0.5,2025,,,,,,,,,,,,,,,,,,,,True,3.174262347906709,-1.6250870599137477,-0.7475687431804159,,0.2672021816041818,True,,220876.0,79.0,79.0,27.0,18500000.0,RM,FC 25,"Aug 7, 2024",250001.0
GER-Bundesliga,Tim Skarke,Darmstadt 98,2324,"FW,MF",26,2404,26.7,0.3,0.0,0.3,2.58,0.75,0.12,3.595505617977528,1.49812734082397,1.1610486891385767,0.6367041198501873,2024,,,,,,,,,,,,,,,,,,,,True,0.9061404116818202,0.1865882530726951,-0.3058031653842871,,0.2623084997900761,True,,,,,,,,,,
ENG-Premier League,Nicolas Jackson,Chelsea,2425,FW,23,2220,24.7,0.41,0.2,0.61,3.08,1.42,0.13,0.1214574898785425,1.174089068825911,1.417004048582996,0.931174089068826,2025,F S,2294.0,13.8340708874166,13.8340708874166,3.47239719517529,10.0,10.0,28.0,76.0,16.895098600536585,3.0802767761051655,0.5427490757922817,0.1362317992876094,0.6789808750798911,1.098517872711421,1.2205754141238012,-3.834070887416601,-0.1504212641096312,0.1820272485186395,False,-1.0194645699525482,-0.3085522667416414,1.2520017668441674,1.1242261193577656,0.2620527623769358,True,,219733.0,75.0,79.0,25.0,8500000.0,ST,FIFA 20,"Aug 20, 2019",200001.0
GER-Bundesliga,Amine Harit,Schalke 04,1819,"MF,FW",21,1082,12.0,0.08,0.08,0.17,1.0,0.42,0.08,0.25,4.166666666666667,0.9166666666666666,0.1666666666666666,2019,F M S,1085.0,1.089992326684296,1.089992326684296,1.1912705171853304,1.0,1.0,21.0,12.0,4.492029441520572,2.235346008092165,0.0904141100475453,0.0988150659416403,0.1892291759891856,1.7419354838709675,1.935483870967742,-0.0899923266842961,-0.0074648012917849,0.090832693890358,True,-0.9482156727828048,4.2641990266255965,-1.073080221556511,-1.2045055435190624,0.2595993971918046,True,,232097.0,78.0,85.0,21.0,14500000.0,RW,FIFA 19,"Aug 21, 2018",190002.0
GER-Bundesliga,Vincenzo Grifo,Freiburg,2324,MF,30,2325,25.8,0.08,0.31,0.39,1.9,0.74,0.04,6.666666666666666,0.6201550387596899,0.5038759689922481,0.2325581395348837,2024,M S,2416.0,3.1375391986221075,7.684199303388596,8.20120744034648,2.0,8.0,56.0,49.0,12.51849060319364,5.632112881168723,0.1168785297499957,0.3055085553109202,0.4223870850609159,2.086092715231788,2.3178807947019866,-1.1375391986221075,-0.0423752184917175,0.0640314122167777,True,2.608432031341481,-1.154980628115824,-0.3290539852682939,-0.0958576178179732,0.2571349500348475,True,,212096.0,82.0,82.0,30.0,29500000.0,LM,FC 24,"Aug 11, 2023",240001.0
GER-Bundesliga,Mert Kömür,Augsburg,2526,"MF,FW",20,1464,16.3,0.12,0.25,0.37,2.52,0.98,0.05,3.680981595092024,1.1042944785276072,1.5950920245398772,0.1226993865030674,2026,,,,,,,,,,,,,,,,,,,,True,0.95351827211227,-0.4152005632760017,0.2289656919478689,,0.2557611335947123,True,,274226.0,68.0,82.0,19.0,2900000.0,CAM,FC 26,"Aug 7, 2025",260001.0
GER-Bundesliga,Leonardo Bittencourt,Werder Bremen,2021,MF,26,1514,16.8,0.18,0.06,0.24,2.56,0.65,0.07,4.464285714285714,2.142857142857143,1.607142857142857,0.4166666666666666,2021,F M S,1535.0,3.0539381969720125,3.81171421892941,0.8802236896008253,3.0,4.0,17.0,43.0,5.218877417966723,2.1515041776001453,0.1790582656205088,0.0516092065564001,0.230667472176909,0.996742671009772,1.1074918566775245,-0.0539381969720125,-0.0031625001481961,0.0710218185342328,True,1.3876902405010494,1.1717553672844736,-0.5383113642243549,-1.0074696321231789,0.2534161528594973,True,,203106.0,77.0,78.0,26.0,12500000.0,RM,FIFA 21,"Aug 24, 2020",210001.0
GER-Bundesliga,Robert Skov,Hoffenheim,1920,"MF,DF",23,2608,29.0,0.14,0.24,0.38,2.14,0.66,0.06,5.137931034482759,1.2413793103448276,0.7241379310344828,0.0689655172413793,2020,D F M S,2620.0,5.243510778993368,5.243510778993368,7.45008450653404,4.0,4.0,55.0,62.0,11.267001825384796,4.361553165130317,0.1801205992783981,0.2559189334305586,0.4360395327089568,1.8893129770992367,2.099236641221374,-1.243510778993368,-0.0427160191257263,0.084572754499893,True,1.7610802272240969,-0.2057306927384686,-0.5150605443403481,-0.030941279247246,0.2523369277245085,True,,215449.0,75.0,82.0,23.0,9500000.0,RW,FIFA 20,"Aug 20, 2019",200001.0
GER-Bundesliga,Karim Adeyemi,Dortmund,2223,"MF,FW",20,1386,15.4,0.39,0.32,0.71,2.4,0.91,0.16,1.6233766233766234,1.948051948051948,1.2987012987012987,0.0649350649350649,2023,,,,,,,,,,,,,,,,,,,,True,-0.1869766887157243,0.8740869936580554,0.0662099527598215,,0.2511067525673842,True,,251852.0,75.0,87.0,20.0,13500000.0,ST,FIFA 23,"Sep 1, 2022",230001.0
GER-Bundesliga,Dominick Drexler,Köln,1920,MF,29,1587,17.6,0.17,0.23,0.4,1.13,0.45,0.15,2.7840909090909087,2.215909090909091,1.477272727272727,0.4545454545454545,2020,,,,,,,,,,,,,,,,,,,,True,0.4563872280785573,1.2833810073943803,-1.0033277619044907,,0.2454801578561489,True,,198617.0,75.0,75.0,29.0,6500000.0,CAM,FIFA 20,"Aug 20, 2019",200001.0
GER-Bundesliga,Yorbe Vertessen,Union Berlin,2425,"MF,FW",23,718,8.0,0.13,0.0,0.13,3.38,0.63,0.04,2.875,2.125,1.75,0.25,2025,F M S,713.0,1.427236683666706,1.427236683666706,1.921945774927735,1.0,1.0,15.0,27.0,3.096983138471842,1.279122594743967,0.1801561031276347,0.2426018509726454,0.4227579541002801,1.893408134642356,2.1037868162692845,-0.4272366836667061,-0.0539288941514776,0.0528606179135817,True,0.5067765698134943,1.144469099702052,-0.5848130039923685,-0.0940941640589526,0.2430846253660563,True,,260020.0,74.0,79.0,23.0,6500000.0,ST,FC 25,"Aug 7, 2024",250001.0
GER-Bundesliga,Niclas Füllkrug,Werder Bremen,2021,"FW,MF",27,877,9.7,0.41,0.0,0.41,3.69,1.74,0.11,0.4123711340206186,1.4432989690721651,1.5463917525773196,1.5463917525773196,2021,F M S,875.0,3.5335707664489746,5.049042731523514,0.2071332037448883,4.0,6.0,5.0,35.0,3.1787083223462105,1.0755869951099155,0.363452993120466,0.0213051295280456,0.3847581226485116,0.5142857142857143,0.5714285714285714,0.4664292335510254,0.0479755783081054,0.1009591647556849,True,-0.8582161526222088,0.1028088021999136,1.9960280031323845,-0.2747804400841567,0.2414600531564831,True,,205431.0,76.0,77.0,27.0,9000000.0,ST,FIFA 21,"Aug 24, 2020",210001.0
GER-Bundesliga,Moanes Dabbur,Hoffenheim,2223,FW,30,933,10.4,0.58,0.19,0.77,2.12,1.35,0.27,0.5769230769230769,1.6346153846153846,1.25,0.9615384615384616,2023,,,,,,,,,,,,,,,,,,,,True,-0.7670078476975514,0.3951462130155491,1.0892460276561202,,0.2391281309913726,True,,254117.0,78.0,85.0,21.0,29000000.0,ST,FC 25,"Aug 7, 2024",250001.0
GER-Bundesliga,Robert Skov,Hoffenheim,2223,MF,26,1349,15.0,0.07,0.13,0.2,2.74,0.93,0.02,5.066666666666666,1.4,1.1333333333333333,0.0666666666666666,2023,D M S,1368.0,1.7382657416164875,3.2538157887756824,2.0624763034284115,1.0,3.0,19.0,41.0,4.800878558307886,2.4559556022286415,0.1143595882642426,0.1356892304887113,0.2500488187529538,1.25,1.3888888888888888,-0.7382657416164875,-0.048570114580032,0.0423967254052801,True,1.7215796168065944,0.0366466358557319,0.1127115925278351,-0.9153128197535176,0.238906256359161,True,,215449.0,74.0,75.0,26.0,5000000.0,RW,FIFA 23,"Sep 1, 2022",230001.0
ENG-Premier League,Ivan Perišić,Tottenham Hotspur,2223,MF,33,2108,23.4,0.04,0.34,0.38,1.24,0.34,0.03,8.376068376068377,0.3418803418803419,1.324786324786325,0.2564102564102564,2023,,,,,,,,,,,,,,,,,,,,False,3.5559239272120875,-1.5801929871819858,-1.2590867806285653,,0.2388813864671788,True,,,,,,,,,,
FRA-Ligue 1,Serhou Guirassy,Amiens,1920,FW,23,1921,21.3,0.28,0.09,0.37,2.11,0.89,0.13,0.3755868544600939,2.9577464788732395,1.9248826291079812,0.6572769953051643,2020,F,1932.0,5.67646499723196,8.716841980814934,1.0456335954368114,6.0,9.0,15.0,45.0,7.092637377791107,2.1628199508413672,0.264431599249936,0.0487096395389819,0.313141238788918,0.6987577639751553,0.7763975155279503,0.3235350027680397,0.015071506340126,0.1261436666051546,False,-0.878605044587945,2.4169315217499134,0.0197083129918079,-0.6153132148556438,0.2356803938245331,True,,,,,,,,,,
ENG-Premier League,Dominik Szoboszlai,Liverpool,2526,"MF,DF",24,3231,35.9,0.17,0.19,0.36,1.98,0.64,0.08,5.73816155988858,0.8356545961002786,1.16991643454039,0.0557103064066852,2026,,,,,,,,,,,,,,,,,,,,False,2.093777658932657,-0.8256906273284554,-0.5615621841083617,,0.2355082824986133,True,,,,,,,,,,
GER-Bundesliga,Silas Katompa,Stuttgart,2324,MF,24,900,10.0,0.5,0.2,0.7,2.4,0.9,0.21,2.8,1.5,1.3,0.5,2024,,,,,,,,,,,,,,,,,,,,True,0.4652053628821713,0.1894497343172934,0.0429591328758147,,0.2325380766917598,True,,,,,,,,,,
GER-Bundesliga,Tiago Tomás,Wolfsburg,2425,"MF,FW",22,1884,20.9,0.29,0.05,0.33,2.01,0.96,0.14,1.0047846889952154,2.3923444976076556,1.4354066985645937,0.2870813397129186,2025,F M S,1919.0,5.56389169767499,5.56389169767499,2.606959294527769,6.0,6.0,19.0,42.0,9.028159266337752,2.590786171145737,0.2609433313135743,0.1222648965646165,0.3832082278781908,0.8910891089108911,0.99009900990099,0.4361083023250103,0.0204532293951281,0.1324736118494045,True,-0.5298515328519481,1.5529797756130446,0.1824640521798553,-0.2821500705162194,0.230860556106183,True,,224425.0,75.0,80.0,24.0,8000000.0,RB,FIFA 20,"Aug 20, 2019",200001.0
ITA-Serie A,Krzysztof Piątek,Milan,1920,FW,24,1183,13.1,0.08,0.0,0.08,3.65,1.14,0.02,0.2290076335877862,2.0610687022900764,1.83206106870229,0.4580152671755725,2020,,,,,,,,,,,,,,,,,,,,False,-0.9598513795574752,1.0467800959146036,0.6009788100919773,,0.2293025088163685,True,,,,,,,,,,
GER-Bundesliga,Gerrit Holtmann,Bochum,2223,"MF,FW",27,945,10.5,0.1,0.1,0.19,2.95,1.33,0.03,5.0476190476190474,0.6666666666666666,0.6666666666666666,0.2857142857142857,2023,F M S,923.0,1.9286248944699764,1.9286248944699764,0.980614305473864,1.0,1.0,10.0,30.0,2.917423890903592,0.5224944744259119,0.1880565985940388,0.0956178629389466,0.2836744615329855,0.9750812567713976,1.0834236186348862,-0.9286248944699764,-0.0905484729168991,0.0642874964823325,True,1.7110218499668934,-1.0839094195290513,1.0427443878881066,-0.7554254744480698,0.2286078359694697,True,,228614.0,74.0,74.0,27.0,4500000.0,LW,FIFA 23,"Sep 1, 2022",230001.0
GER-Bundesliga,Chris Führich,Stuttgart,2526,MF,27,1698,18.9,0.37,0.37,0.74,2.39,1.22,0.16,4.550264550264551,0.3703703703703704,0.3174603174603175,0.2645502645502646,2026,,,,,,,,,,,,,,,,,,,,True,1.4353468269302556,-1.5366593408966405,0.7869853691640317,,0.2285576183992156,True,,241925.0,77.0,77.0,27.0,11000000.0,LM,FC 26,"Aug 7, 2025",260001.0
GER-Bundesliga,Jonathan Burkardt,Mainz 05,2021,"MF,FW",20,1373,15.3,0.13,0.0,0.13,1.97,0.79,0.07,0.7189542483660131,2.810457516339869,1.7647058823529411,0.130718954248366,2021,D F M S,1389.0,3.638251444324851,3.638251444324851,1.9553392119705677,2.0,2.0,13.0,29.0,7.114943573251367,2.102234533056617,0.2357398344054979,0.1266958452680713,0.3624356796735692,0.8423326133909287,0.9359251259899208,-1.638251444324851,-0.1061502015761242,0.1254569463560293,True,-0.6882824181141849,2.1918694233070353,-0.2127998858482598,-0.3809219396338769,0.2274662949276784,True,,244257.0,65.0,78.0,19.0,1700000.0,ST,FIFA 21,"Aug 24, 2020",210001.0
GER-Bundesliga,Kai Havertz,Leverkusen,1819,"MF,FW",19,2894,32.2,0.44,0.09,0.53,2.71,1.31,0.16,0.7142857142857142,1.6149068322981366,0.7453416149068323,0.124223602484472,2019,,,,,,,,,,,,,,,,,,,,True,-0.690870106065092,0.3650309344128763,0.996242748120093,,0.2234678588226257,True,,235790.0,79.0,88.0,19.0,19000000.0,CAM,FIFA 19,"Aug 21, 2018",190002.0
GER-Bundesliga,Ádám Szalai,Hoffenheim,1819,FW,30,1627,18.1,0.33,0.17,0.5,3.6,1.11,0.09,0.1104972375690607,1.3259668508287292,1.8232044198895023,0.5524861878453038,2019,F M S,1598.0,9.767587874084713,9.767587874084713,3.53630849160254,6.0,6.0,27.0,66.0,15.872498951852322,3.521761365234852,0.5501144609935068,0.1991663105408189,0.7492807715343257,1.520650813516896,1.6896120150187734,-3.767587874084711,-0.2121920579897522,0.1479937556679501,True,-1.025539648842908,-0.0764783099666393,0.5312263504399574,1.458496720305868,0.2219262779840694,True,,184789.0,76.0,76.0,30.0,7500000.0,ST,FIFA 19,"Aug 21, 2018",190002.0
FRA-Ligue 1,Mathias Pereira Lage,Brest,2223,"MF,FW",25,1264,14.0,0.14,0.07,0.21,1.5,0.64,0.1,2.642857142857143,1.9285714285714288,1.7142857142857142,0.0714285714285714,2023,,,,,,,,,,,,,,,,,,,,False,0.3781037864546379,0.8443201562954137,-0.5615621841083617,,0.2202872528805633,True,,,,,,,,,,
ESP-La Liga,André Silva,Elche,2526,FW,29,1849,20.5,0.34,0.0,0.34,2.77,1.41,0.12,0.1463414634146341,1.6585365853658536,1.170731707317073,0.2926829268292683,2026,,,,,,,,,,,,,,,,,,,,False,-1.0056718124439827,0.431698548951476,1.2287509469601603,,0.2182592278225512,True,,,,,,,,,,
GER-Bundesliga,Fabio Vieira,Hamburger SV,2526,"MF,FW",25,2206,24.5,0.24,0.2,0.45,2.41,0.78,0.1,2.4081632653061225,1.7959183673469388,0.7346938775510204,0.0408163265306122,2026,,,,,,,,,,,,,,,,,,,,True,0.2480170164654644,0.6416221685402812,-0.2360507057322666,,0.2178628264244929,True,,,,,,,,,,
GER-Bundesliga,Ivan Perišić,Bayern Munich,1920,"MF,FW",30,1206,13.4,0.3,0.22,0.52,2.99,0.9,0.1,5.597014925373134,0.4477611940298507,1.343283582089552,0.5223880597014925,2020,,,,,,,,,,,,,,,,,,,,True,2.015542512917972,-1.4184037644200314,0.0429591328758147,,0.2133659604579184,True,,181458.0,84.0,84.0,30.0,29500000.0,LM,FIFA 20,"Aug 20, 2019",200001.0
ENG-Premier League,Timo Werner,Chelsea,2021,"FW,MF",24,2602,28.9,0.21,0.28,0.48,2.77,1.11,0.08,1.2110726643598615,1.0726643598615917,0.9342560553633218,0.8996539792387543,2021,F M S,2605.0,13.432795317843556,13.432795317843556,6.667280228808522,6.0,6.0,36.0,80.0,20.533464793115854,5.242117813788354,0.4640888977373973,0.2303474935096994,0.6944363912470968,1.2437619961612283,1.381957773512476,-7.432795317843556,-0.2567952317105259,0.1679099414730444,False,-0.415509664700917,-0.4635323646447421,0.5312263504399574,1.197715910064976,0.2124750577898185,True,,212188.0,85.0,88.0,24.0,74500000.0,ST,FIFA 21,"Aug 24, 2020",210001.0
GER-Bundesliga,Omar Marmoush,Wolfsburg,2223,"FW,MF",23,1476,16.4,0.3,0.06,0.37,2.93,1.04,0.1,1.524390243902439,1.951219512195122,1.7682926829268295,0.7926829268292683,2023,F M S,1463.0,5.402720060199499,5.402720060199499,1.2215128345414996,5.0,5.0,10.0,48.0,8.300030453130603,2.495272032916546,0.332361452780557,0.0751443302178639,0.4075057829984209,0.6151742993848257,0.683526999316473,-0.4027200601994991,-0.0247743030881441,0.1125566679208229,True,-0.2418431322424412,0.8789271298145829,0.3684706112519098,-0.1666170646195001,0.2097343860511378,True,,256675.0,73.0,81.0,23.0,7000000.0,ST,FIFA 23,"Sep 1, 2022",230001.0
GER-Bundesliga,Andrej Kramarić,Hoffenheim,2526,"MF,FW",34,2207,24.5,0.37,0.24,0.61,2.61,1.35,0.14,3.346938775510204,0.5714285714285714,0.2040816326530612,0.2040816326530612,2026,,,,,,,,,,,,,,,,,,,,True,0.7683640964221584,-1.2294361799686335,1.0892460276561202,,0.209391314703215,True,,216354.0,81.0,81.0,34.0,12000000.0,CAM,FC 26,"Aug 7, 2025",260001.0
GER-Bundesliga,Emil Forsberg,RB Leipzig,2021,"FW,MF",28,1539,17.1,0.29,0.23,0.53,2.05,0.99,0.14,2.39766081871345,1.461988304093567,0.8771929824561403,0.4093567251461988,2021,,,,,,,,,,,,,,,,,,,,True,0.2421956913909424,0.1313666851944774,0.2522165118318757,,0.2085929628057652,True,,208448.0,79.0,79.0,28.0,17500000.0,CAM,FIFA 21,"Aug 24, 2020",210001.0
GER-Bundesliga,Julian Brandt,Leverkusen,1819,MF,22,2666,29.6,0.24,0.37,0.61,2.19,0.84,0.11,5.0,0.7432432432432432,0.4391891891891891,0.1351351351351351,2019,,,,,,,,,,,,,,,,,,,,True,1.684627432867641,-0.966898037824252,-0.096545786428226,,0.2070612028717209,True,,212194.0,82.0,88.0,22.0,30500000.0,LM,FIFA 19,"Aug 21, 2018",190002.0
GER-Bundesliga,Nathan Tella,Leverkusen,2425,"MF,FW",25,1359,15.1,0.13,0.26,0.4,1.85,0.73,0.07,1.6556291390728477,2.119205298013245,1.456953642384106,0.6622516556291391,2025,,,,,,,,,,,,,,,,,,,,True,-0.1690996753282113,1.1356146155196771,-0.3523048051523006,,0.2047367116797217,True,,237328.0,76.0,79.0,24.0,10000000.0,RM,FC 25,"Aug 7, 2024",250001.0
GER-Bundesliga,Benito Raman,Düsseldorf,1819,"MF,FW",23,1681,18.7,0.54,0.21,0.75,2.94,1.39,0.18,1.9251336898395723,1.0160427807486632,1.4438502673796791,0.053475935828877,2019,,,,,,,,,,,,,,,,,,,,True,-0.0197179493434552,-0.5500518919271612,1.182249307192147,,0.2041598219738435,True,,200429.0,73.0,79.0,23.0,5500000.0,LM,FIFA 19,"Aug 21, 2018",190002.0
FRA-Ligue 1,Alexis Claude-Maurice,Nice,1920,"MF,FW",21,1629,18.1,0.06,0.06,0.11,2.1,0.55,0.03,1.5469613259668509,2.430939226519337,0.718232044198895,0.0552486187845303,2020,,,,,,,,,,,,,,,,,,,,False,-0.2293323706002608,1.611953717232934,-0.7708195630644227,,0.2039339278560834,True,,254022.0,79.0,84.0,23.0,27000000.0,ST,FC 26,"Aug 7, 2025",260001.0
ENG-Premier League,Lukas Nmecha,Leeds United,2526,FW,26,1083,12.0,0.33,0.08,0.42,2.49,1.33,0.13,0.8333333333333334,1.5,1.5,0.25,2026,,,,,,,,,,,,,,,,,,,,False,-0.6248840633169606,0.1894497343172934,1.0427443878881066,,0.2024366862961465,True,,,,,,,,,,
GER-Bundesliga,Davie Selke,Köln,2223,FW,27,869,9.7,0.52,0.0,0.52,2.9,1.55,0.18,0.6185567010309279,1.2371134020618555,1.5463917525773196,0.7216494845360826,2023,,,,,,,,,,,,,,,,,,,,True,-0.743931047656373,-0.2122491327723781,1.5542624253362558,,0.1993607483025015,True,,,,,,,,,,
GER-Bundesliga,Deniz Undav,Stuttgart,2425,"FW,MF",28,1726,19.2,0.47,0.16,0.63,3.91,1.62,0.12,0.5729166666666667,1.1458333333333337,1.3020833333333337,0.625,2025,,,,,,,,,,,,,,,,,,,,True,-0.769228531828498,-0.3517279060674028,1.7170181645243034,,0.1986872422094675,True,,,,,,,,,,
GER-Bundesliga,Hendrik Weydandt,Hannover 96,1819,FW,23,1723,19.1,0.31,0.05,0.37,3.24,1.1,0.1,1.099476439790576,1.413612565445026,1.8848167539267011,0.4712041884816753,2019,F M S,1713.0,7.402998764067888,7.402998764067888,3.821833522990346,6.0,6.0,27.0,60.0,11.717004340142012,1.3139902837574482,0.3889491469737944,0.2007968576001932,0.5897460045739877,1.4185639229422065,1.5761821366024518,-1.4029987640678885,-0.0737127196533041,0.1233833127344648,True,-0.4773655279585724,0.0574470576358396,0.5079755305559506,0.6999211730643092,0.1969945583243817,True,,,,,,,,,,
GER-Bundesliga,Thomas Müller,Bayern Munich,2425,"MF,FW",34,1225,13.6,0.07,0.29,0.37,2.2,0.81,0.03,3.3823529411764706,0.8823529411764706,1.0294117647058825,0.2205882352941176,2025,F M S,1205.0,4.421979056671262,4.421979056671262,4.09389933757484,1.0,1.0,35.0,30.0,13.633560847491026,7.82218885794282,0.3302722946891399,0.3057684152545523,0.6360407099436922,2.614107883817427,2.904564315352697,-3.421979056671262,-0.2555834980086419,0.147399301889042,True,0.7879935578783251,-0.7543341091217621,-0.1662982460802462,0.9200489366190772,0.1968525348238485,True,,189596.0,82.0,82.0,34.0,14500000.0,CAM,FC 25,"Aug 7, 2024",250001.0
GER-Bundesliga,Giorgos Masouras,Bochum,2425,FW,30,1055,11.7,0.17,0.09,0.26,2.56,1.28,0.07,2.307692307692308,0.8547008547008548,1.0256410256410258,1.2820512820512822,2025,F S,986.0,4.799098733812571,4.799098733812571,1.1169241517782211,2.0,2.0,7.0,27.0,7.32676961645484,1.6001515593379736,0.4380516085630135,0.101950480385436,0.5400020889484496,0.6389452332657201,0.7099391480730223,-2.7990987338125706,-0.2554958276299506,0.1777443975486137,True,0.1923276968714371,-0.7965873540457734,0.9264902884680726,0.4633926800182654,0.1964058278280004,True,,,,,,,,,,
GER-Bundesliga,Faride Alidou,Köln,2324,"MF,FW",22,1282,14.2,0.28,0.0,0.28,2.32,0.77,0.12,2.8169014084507045,1.619718309859155,1.4788732394366195,0.2112676056338028,2024,,,,,,,,,,,,,,,,,,,,True,0.4745735221906387,0.3723830212078952,-0.2593015256162734,,0.1958850059274201,True,,,,,,,,,,
ENG-Premier League,Christopher Nkunku,Chelsea,2425,"MF,FW",26,921,10.2,0.29,0.2,0.49,2.44,1.17,0.12,0.5882352941176471,1.0784313725490198,1.5686274509803924,0.2941176470588235,2025,F M S,878.0,5.027925219386816,5.027925219386816,2.0136311538517475,3.0,3.0,14.0,25.0,6.769540551118553,1.954516883008182,0.5153909678186941,0.206408660417605,0.7217996282362992,1.4350797266514803,1.5945330296127564,-2.027925219386816,-0.2078738835362339,0.2011170087754726,False,-0.7607376807395841,-0.4547201905696806,0.6707312697439977,1.327825997470219,0.1957748489762379,True,,232432.0,80.0,85.0,22.0,33000000.0,ST,FIFA 21,"Aug 24, 2020",210001.0
GER-Bundesliga,Said El Mala,Köln,2526,"FW,MF",18,1956,21.7,0.55,0.18,0.74,3.4,1.38,0.16,1.7972350230414746,1.0599078341013826,0.6912442396313364,0.8294930875576038,2026,,,,,,,,,,,,,,,,,,,,True,-0.0906099752595089,-0.4830247312623889,1.15899848730814,,0.1951212602620807,True,,71178.0,68.0,84.0,18.0,3100000.0,LM,FC 26,"Aug 7, 2025",260001.0
GER-Bundesliga,Jadon Sancho,Dortmund,2021,MF,20,2062,22.9,0.31,0.48,0.79,2.27,0.79,0.13,4.541484716157205,0.960698689956332,0.0436681222707423,0.3930131004366812,2021,,,,,,,,,,,,,,,,,,,,True,1.4304803162569335,-0.6346193774732231,-0.2127998858482598,,0.1943536843118169,True,,233049.0,87.0,93.0,20.0,124000000.0,RM,FIFA 21,"Aug 24, 2020",210001.0
FRA-Ligue 1,Arnaud Kalimuendo,Rennes,2324,FW,21,2139,23.8,0.34,0.04,0.38,2.57,1.01,0.13,0.4621848739495798,2.100840336134454,1.1764705882352942,0.2521008403361344,2024,,,,,,,,,,,,,,,,,,,,False,-0.8306052554140764,1.1075523847375992,0.2987181515998893,,0.1918884269744707,True,,,,,,,,,,
ITA-Serie A,Ante Rebić,Milan,2021,"MF,FW",26,1776,19.7,0.56,0.2,0.76,2.23,1.27,0.25,3.0456852791878175,0.7614213197969544,1.6751269035532996,0.5583756345177665,2021,,,,,,,,,,,,,,,,,,,,False,0.6013844772967926,-0.9391213736094668,0.9032394685840658,,0.1885008574237971,True,,,,,,,,,,
GER-Bundesliga,Serhou Guirassy,Dortmund,2425,FW,28,2598,28.9,0.62,0.14,0.76,3.08,1.28,0.2,0.0346020761245674,1.833910034602076,0.5536332179930796,0.4152249134948097,2025,,,,,,,,,,,,,,,,,,,,True,-1.0676070283295105,0.6996746132633377,0.9264902884680726,,0.1861859578006332,True,,215441.0,84.0,84.0,28.0,43000000.0,ST,FC 25,"Aug 7, 2024",250001.0
GER-Bundesliga,Paco Alcácer,Dortmund,1819,FW,24,1211,13.5,1.26,0.0,1.26,3.86,2.08,0.33,0.2962962962962963,0.5185185185185185,0.4444444444444444,0.7407407407407407,2019,,,,,,,,,,,,,,,,,,,,True,-0.9225544339363092,-1.310284380212846,2.786555879188615,,0.1845723550131532,True,,,,,,,,,,
GER-Bundesliga,Silas Katompa,Stuttgart,2021,MF,21,1919,21.3,0.38,0.19,0.56,2.11,0.89,0.18,1.408450704225352,1.9248826291079812,1.596244131455399,0.6103286384976525,2021,,,,,,,,,,,,,,,,,,,,True,-0.3061064201816212,0.8386835564192326,0.0197083129918079,,0.1840951497431397,True,,202429.0,78.0,79.0,26.0,15000000.0,RWB,FIFA 21,"Aug 24, 2020",210001.0
GER-Bundesliga,Serhou Guirassy,Dortmund,2526,FW,29,2337,26.0,0.62,0.04,0.65,3.23,1.54,0.19,0.1538461538461538,1.3846153846153846,1.4230769230769231,0.2692307692307692,2026,,,,,,,,,,,,,,,,,,,,True,-1.0015120919255265,0.0131384668616456,1.531011605452249,,0.1808793267961227,True,,215441.0,87.0,87.0,29.0,79500000.0,ST,FC 26,"Aug 7, 2025",260001.0
GER-Bundesliga,Lucas Alario,Leverkusen,1819,FW,25,1265,14.1,0.64,0.21,0.85,2.99,1.28,0.21,0.3546099290780142,1.702127659574468,1.6312056737588654,1.0638297872340423,2019,,,,,,,,,,,,,,,,,,,,True,-0.8902321926658296,0.4983070609949175,0.9264902884680726,,0.1781883855990535,True,,215353.0,79.0,82.0,25.0,16000000.0,ST,FIFA 19,"Aug 21, 2018",190002.0
GER-Bundesliga,Alexander Esswein,Stuttgart,1819,"MF,FW",28,1251,13.9,0.0,0.0,0.0,2.09,0.65,0.0,4.316546762589928,1.223021582733813,1.2949640287769784,0.7194244604316546,2019,,,,,,,,,,,,,,,,,,,,True,1.305801086730886,-0.2337818693352327,-0.5383113642243549,,0.1779026177237661,True,,,,,,,,,,
GER-Bundesliga,Karim Adeyemi,Dortmund,2526,"MF,FW",23,1195,13.3,0.53,0.3,0.83,2.33,1.05,0.23,0.8270676691729323,1.8796992481203008,1.5789473684210529,0.3759398496240601,2026,,,,,,,,,,,,,,,,,,,,True,-0.6283570129352832,0.7696419502803649,0.3917214311359165,,0.177668789493666,True,,251852.0,81.0,86.0,23.0,39000000.0,RM,FC 26,"Aug 7, 2025",260001.0
ITA-Serie A,Ante Rebić,Lecce,2425,"FW,MF",30,788,8.8,0.11,0.0,0.11,1.48,0.57,0.08,3.636363636363636,1.5909090909090908,2.1590909090909087,0.7954545454545454,2025,,,,,,,,,,,,,,,,,,,,False,0.9287873068435896,0.3283616420096218,-0.7243179232964093,,0.1776103418522673,True,,,,,,,,,,
GER-Bundesliga,Jean-Philippe Mateta,Mainz 05,2021,FW,23,997,11.1,0.54,0.09,0.63,2.62,1.26,0.21,0.3603603603603604,0.7207207207207208,0.7207207207207208,1.1711711711711712,2021,F S,1008.0,7.656383937224746,8.414153879508376,1.3461813041940331,6.0,7.0,12.0,28.0,9.505507020279763,1.2976232189685106,0.683605708680781,0.1201947593030386,0.8038004679838195,1.0714285714285714,1.1904761904761905,-1.6563839372247458,-0.1478914229664951,0.2734422834723123,True,-0.8870448277487261,-1.0013131500903694,0.879988648700059,1.7177336838694297,0.1773410886825983,True,,236461.0,76.0,83.0,23.0,15000000.0,ST,FIFA 21,"Aug 24, 2020",210001.0
GER-Bundesliga,Marco Reus,Dortmund,1819,"MF,FW",29,2316,25.7,0.54,0.31,0.85,2.72,1.32,0.2,1.4396887159533074,1.245136186770428,1.3229571984435795,0.5836575875486382,2019,,,,,,,,,,,,,,,,,,,,True,-0.2887917288527422,-0.1999900691547792,1.0194935680040995,,0.1769039233321927,True,,188350.0,85.0,85.0,29.0,37500000.0,LM,FIFA 19,"Aug 21, 2018",190002.0
GER-Bundesliga,Moussa Diaby,Leverkusen,2021,"FW,MF",21,2388,26.5,0.15,0.41,0.57,1.88,0.94,0.08,4.679245283018868,0.6415094339622641,1.018867924528302,0.3773584905660377,2021,,,,,,,,,,,,,,,,,,,,True,1.5068386233500335,-1.1223504505885635,0.1359624124118417,,0.1734835283911039,True,,241852.0,81.0,88.0,20.0,51000000.0,LM,FIFA 21,"Aug 24, 2020",210001.0
GER-Bundesliga,Marcel Sabitzer,RB Leipzig,2021,MF,26,2026,22.5,0.18,0.13,0.31,2.67,1.15,0.07,1.1555555555555554,1.6,0.9777777777777776,0.3111111111111111,2021,,,,,,,,,,,,,,,,,,,,True,-0.4462818409453514,0.342252832778855,0.6242296299759841,,0.1734002072698292,True,,204923.0,83.0,85.0,26.0,44500000.0,CM,FIFA 21,"Aug 24, 2020",210001.0
ITA-Serie A,Marcus Thuram,Inter,2324,FW,25,2687,29.9,0.44,0.23,0.67,2.58,0.97,0.17,0.7023411371237459,1.5050167224080269,1.1705685618729098,0.6688963210702341,2024,F S,2750.0,15.48910939320922,15.48910939320922,4.38146791793406,13.0,13.0,30.0,77.0,25.697542982175943,8.535633765161037,0.5069163074141199,0.1433934954960238,0.6503098029101436,0.9818181818181818,1.090909090909091,-2.489109393209219,-0.0814617619595744,0.2011572648468729,False,-0.6974907792505232,0.1971154415979739,0.2057148720638621,0.9878973762532892,0.1733092276661505,True,,,,,,,,,,
GER-Bundesliga,Kenan Karaman,Schalke 04,2223,"MF,FW",28,976,10.8,0.09,0.18,0.28,2.03,0.83,0.05,2.0370370370370368,2.222222222222222,1.111111111111111,0.6481481481481481,2023,F M S,961.0,2.313896202482283,2.313896202482283,1.2160936631262302,1.0,1.0,8.0,21.0,3.4227208755910397,0.6500499919056892,0.21670203769345,0.1138901453500111,0.3305921830434612,0.7492195629552549,0.8324661810613945,-1.3138962024822831,-0.1230495923240431,0.1101855334515373,True,0.0423081466919242,1.2930276676507917,-0.1197966063122328,-0.5323353170594654,0.1708009727427544,True,,223095.0,65.0,71.0,23.0,750000.0,ST,FIFA 19,"Aug 21, 2018",190002.0
ENG-Premier League,Harry Kane,Tottenham Hotspur,1920,FW,26,2587,28.7,0.56,0.07,0.63,2.85,1.29,0.2,0.7317073170731707,1.5331010452961673,1.289198606271777,0.6968641114982579,2020,,,,,,,,,,,,,,,,,,,,False,-0.6812136120043898,0.240029157153002,0.9497411083520794,,0.1695188845002305,True,,202126.0,89.0,91.0,25.0,83000000.0,ST,FIFA 20,"Aug 20, 2019",200001.0
GER-Bundesliga,Christoph Baumgartner,RB Leipzig,2324,"MF,FW",23,1158,12.9,0.39,0.08,0.47,2.41,0.93,0.16,0.6976744186046512,2.093023255813953,2.093023255813953,0.0775193798449612,2024,,,,,,,,,,,,,,,,,,,,True,-0.7000774608671567,1.0956076437986453,0.1127115925278351,,0.1694139251531079,True,,242187.0,79.0,84.0,23.0,26500000.0,CAM,FC 24,"Aug 11, 2023",240001.0
ITA-Serie A,Franck Ribéry,Fiorentina,1920,FW,36,1409,15.7,0.19,0.19,0.38,1.53,0.83,0.13,0.9554140127388536,2.484076433121019,1.337579617834395,0.1910828025477707,2020,F M S,1466.0,2.8191581666469574,2.8191581666469574,3.1816174052655697,3.0,3.0,35.0,24.0,7.404921734705567,3.6918727066367865,0.173072465892378,0.1953243973218972,0.3683968632142752,2.148703956343793,2.3874488403819916,0.1808418333530426,0.0111021589370899,0.1174649236102898,False,-0.5572168475051824,1.6931490153562252,-0.1197966063122328,-0.3525769703663152,0.1658896477931236,True,,,,,,,,,,
GER-Bundesliga,Georginio Rutter,Hoffenheim,2223,FW,20,1009,11.2,0.18,0.18,0.36,2.41,1.25,0.07,0.9821428571428572,1.6964285714285716,1.517857142857143,1.517857142857143,2023,F S,1023.0,3.2202591560781,3.2202591560781,1.474237971007824,2.0,2.0,9.0,27.0,5.45018583163619,0.938181970268488,0.2833072571329706,0.1296983552206296,0.4130056123536003,0.7917888563049853,0.8797653958944283,-1.2202591560781002,-0.107354177954085,0.1192688576325222,True,-0.5424015098817961,0.4895986777239322,0.8567378288160521,-0.1404657990218413,0.1658672994090866,True,,245637.0,75.0,84.0,20.0,12500000.0,ST,FIFA 23,"Sep 1, 2022",230001.0
GER-Bundesliga,Florian Niederlechner,Augsburg,2021,FW,29,1737,19.3,0.26,0.21,0.47,2.44,0.93,0.11,0.6217616580310881,2.227979274611399,1.2953367875647668,1.1398963730569949,2021,F S,1776.0,6.169159272685647,6.169159272685647,2.51738851564005,5.0,5.0,13.0,47.0,9.264836352318524,1.397705903276801,0.3126263144942051,0.1275703639682457,0.4401966784624508,0.6587837837837838,0.7319819819819819,-1.169159272685647,-0.0592479361158267,0.1312587079294818,True,-0.7421545952475775,1.3018246220815095,0.1127115925278351,-0.011174370911186,0.1653018121126452,True,,211899.0,78.0,78.0,29.0,14000000.0,ST,FIFA 21,"Aug 24, 2020",210001.0
GER-Bundesliga,Patrik Schick,RB Leipzig,1920,FW,23,1298,14.4,0.69,0.14,0.83,3.61,1.39,0.19,0.4861111111111111,1.4583333333333333,1.1111111111111112,0.625,2020,,,,,,,,,,,,,,,,,,,,True,-0.8173433546656773,0.1257817766249761,1.182249307192147,,0.1635625763838152,True,,,,,,,,,,
ITA-Serie A,Marcus Thuram,Inter,2425,FW,26,2290,25.4,0.55,0.16,0.71,2.55,1.06,0.22,0.5118110236220472,1.4173228346456694,1.1811023622047243,0.5118110236220472,2025,F S,2316.0,12.12327221222222,12.12327221222222,4.545049572363496,14.0,14.0,39.0,65.0,20.545659221708775,6.454995878040791,0.471111614464594,0.1766210973716384,0.6477327118362324,1.5155440414507773,1.6839378238341969,1.8767277877777817,0.072929836312608,0.1865118801880341,False,-0.8030983362508904,0.0631164639356878,0.4149722510199233,0.9756435063982652,0.1626584712757465,True,,,,,,,,,,
GER-Bundesliga,Sheraldo Becker,Union Berlin,2223,FW,27,2554,28.4,0.39,0.25,0.63,2.36,0.92,0.16,4.859154929577465,0.9154929577464788,0.9859154929577464,0.8802816901408451,2023,F M S,2638.0,5.706978755071759,5.706978755071759,5.149274218827486,11.0,11.0,43.0,67.0,12.626208378002048,2.6656901137903333,0.1947035966476339,0.1756765275566617,0.3703801242042957,1.4670204700530705,1.6300227445034117,5.293021244928241,0.180580709645012,0.0851787873891307,True,1.6065594386304152,-0.7036951369721145,0.0894607726438283,-0.3431467168893307,0.1622945893531995,True,,223790.0,76.0,77.0,27.0,9000000.0,ST,FIFA 23,"Sep 1, 2022",230001.0
GER-Bundesliga,Jean-Philippe Mateta,Mainz 05,1819,FW,21,2483,27.6,0.51,0.07,0.58,3.48,1.27,0.15,1.0507246376811594,1.0869565217391304,1.1956521739130437,1.3043478260869563,2019,F S,2505.0,13.438382159918548,13.438382159918548,2.8835383150726557,14.0,14.0,30.0,96.0,17.881383119150996,2.674825127236545,0.4828161255060555,0.1036001789846463,0.5864163044907019,1.0778443113772456,1.1976047904191618,0.5616178400814533,0.0201778864699923,0.1399831474991515,True,-0.5043878113421117,-0.4416934984587209,0.9032394685840658,0.6840887052520941,0.1603117160088318,True,,236461.0,71.0,83.0,21.0,4300000.0,ST,FIFA 19,"Aug 21, 2018",190002.0
GER-Bundesliga,Josip Brekalo,Wolfsburg,1920,"MF,FW",21,1670,18.6,0.16,0.22,0.38,2.26,0.86,0.07,4.301075268817204,0.913978494623656,0.913978494623656,0.2150537634408602,2020,F M S,1671.0,3.5778748923912644,3.5778748923912644,5.028641918674111,3.0,3.0,48.0,42.0,10.9573409948498,4.119742022827268,0.192704213234718,0.2708424731781388,0.4635466864128568,2.585278276481149,2.872531418312388,-0.5778748923912644,-0.0311243209546462,0.0851874974378872,True,1.297225504475385,-0.7060092835488457,-0.0500441466602124,0.099853121067898,0.1602562988335562,True,,234711.0,76.0,84.0,21.0,11500000.0,LW,FIFA 20,"Aug 20, 2019",200001.0
GER-Bundesliga,Gerrit Holtmann,Bochum,2425,"MF,DF",29,1136,12.6,0.16,0.08,0.24,2.46,0.63,0.06,7.142857142857143,0.5555555555555556,2.0634920634920637,0.3174603174603174,2025,D F M S,1075.0,1.6647159466519952,1.6647159466519952,2.617210149765014,2.0,2.0,16.0,27.0,5.927908807992935,2.304628198966384,0.1393715676266786,0.2191152683524198,0.3584868359790985,1.3395348837209302,1.4883720930232558,0.3352840533480048,0.0280702928384376,0.0616561461722961,True,2.872376202334008,-1.2536906400418972,-0.5848130039923685,-0.3996983876995783,0.1585435426500409,True,,228614.0,69.0,69.0,29.0,1400000.0,LM,FC 25,"Aug 7, 2024",250001.0
GER-Bundesliga,Fares Chaïbi,Eintracht Frankfurt,2425,MF,21,1013,11.3,0.09,0.27,0.36,2.22,0.53,0.04,6.371681415929203,0.6194690265486725,0.4424778761061946,0.0884955752212389,2025,,,,,,,,,,,,,,,,,,,,True,2.4449267926735447,-1.1560288760300832,-0.8173212028324363,,0.1571922379370084,True,,270670.0,77.0,87.0,21.0,23500000.0,CAM,FC 25,"Aug 7, 2024",250001.0
GER-Bundesliga,Josh Sargent,Werder Bremen,1920,FW,19,1416,15.7,0.25,0.13,0.38,1.91,0.83,0.13,0.3184713375796179,2.356687898089172,1.4649681528662422,0.3821656050955414,2020,,,,,,,,,,,,,,,,,,,,True,-0.9102631908709812,1.4984953867427713,-0.1197966063122328,,0.1561451965198523,True,,242075.0,67.0,84.0,19.0,1600000.0,ST,FIFA 20,"Aug 20, 2019",200001.0
GER-Bundesliga,Ritsu Doan,Frankfurt,2526,MF,27,2364,26.3,0.19,0.19,0.38,1.56,0.57,0.12,4.220532319391634,1.3307984790874523,0.988593155893536,0.1140684410646387,2026,,,,,,,,,,,,,,,,,,,,True,1.2525819362429926,-0.0690954322811658,-0.7243179232964093,,0.1530561935551392,True,,,,,,,,,,
GER-Bundesliga,Moussa Diaby,Leverkusen,2223,"FW,MF",23,2699,30.0,0.3,0.27,0.57,2.67,1.17,0.11,3.1666666666666665,0.8,0.6,0.3333333333333333,2023,,,,,,,,,,,,,,,,,,,,True,0.6684423745464163,-0.8801719549136361,0.6707312697439977,,0.1530005631255926,True,,241852.0,84.0,88.0,22.0,61500000.0,RM,FIFA 23,"Sep 1, 2022",230001.0
GER-Bundesliga,Matheus Cunha,RB Leipzig,1819,"FW,MF",19,853,9.5,0.21,0.0,0.21,3.59,1.16,0.06,1.0526315789473684,1.5789473684210529,3.473684210526316,0.5263157894736842,2019,,,,,,,,,,,,,,,,,,,,True,-0.5033308266756658,0.3100837594185262,0.6474804498599909,,0.1514111275342837,True,,,,,,,,,,
GER-Bundesliga,Breel Embolo,Schalke 04,1819,"FW,MF",21,1345,14.9,0.33,0.07,0.4,1.74,0.87,0.19,0.4026845637583892,2.0805369127516777,2.013422818791946,0.6040268456375839,2019,F M S,1357.0,5.006021460518241,5.006021460518241,2.9739877078682184,5.0,5.0,19.0,26.0,6.738540759310126,0.7916440889239311,0.332013214035845,0.197243105164436,0.529256319200281,1.260132645541636,1.400147383935151,-0.0060214605182409,-0.0003993599459408,0.1925392869430092,True,-0.8635852515132213,1.0765281247149483,-0.0267933267762056,0.4122973713118235,0.1496117294343362,True,,222357.0,76.0,86.0,21.0,12500000.0,ST,FIFA 19,"Aug 21, 2018",190002.0
GER-Bundesliga,Sheraldo Becker,Union Berlin,2021,"MF,FW",25,1106,12.3,0.24,0.24,0.49,2.52,0.81,0.1,4.0650406504065035,1.1382113821138211,1.7073170731707317,0.4878048780487805,2021,F M S,1125.0,1.5635078512132168,1.5635078512132168,3.85877588018775,3.0,3.0,18.0,31.0,5.874143165536225,1.0159601951017976,0.1250806280970573,0.30870207041502,0.4337826985120773,1.44,1.6,1.4364921487867832,0.1149193719029426,0.0504357371359102,True,1.166395584943291,-0.3633744836940464,-0.1662982460802462,-0.0416723522826107,0.1487626257215968,True,,223790.0,68.0,70.0,25.0,1500000.0,RW,FIFA 21,"Aug 24, 2020",210001.0
GER-Bundesliga,Amine Adli,Leverkusen,2425,"MF,FW",24,766,8.5,0.23,0.0,0.23,2.35,0.82,0.1,3.8823529411764706,1.0588235294117647,1.7647058823529411,0.8235294117647058,2025,,,,,,,,,,,,,,,,,,,,True,1.0651349374204773,-0.484681582424889,-0.1430474261962397,,0.1458019762664495,True,,255223.0,78.0,85.0,24.0,28500000.0,ST,FC 25,"Aug 7, 2024",250001.0
ENG-Premier League,Christian Pulisic,Chelsea,2021,"MF,FW",21,1738,19.3,0.21,0.1,0.31,2.23,0.83,0.09,1.865284974093264,1.709844559585492,0.7253886010362695,0.2590673575129533,2021,F M S,1739.0,6.775410307571292,6.775410307571292,2.761231416836381,4.0,4.0,25.0,43.0,14.59386957809329,7.101113624870777,0.3506537824504981,0.1429044436545568,0.4935582261050549,1.2938470385278895,1.437607820586544,-2.775410307571292,-0.1436382562860358,0.1575676815714254,False,-0.0528910606349711,0.5100987233169427,-0.1197966063122328,0.2425556841476485,0.1449916851293468,True,,227796.0,81.0,87.0,21.0,41500000.0,LW,FIFA 21,"Aug 24, 2020",210001.0
GER-Bundesliga,Vincenzo Grifo,Freiburg,2526,MF,32,1710,19.0,0.16,0.21,0.37,1.58,0.63,0.1,5.842105263157895,0.631578947368421,0.5263157894736842,0.1052631578947368,2026,,,,,,,,,,,,,,,,,,,,True,2.1513918615702132,-1.1375245417962658,-0.5848130039923685,,0.1430181052605263,True,,212096.0,80.0,80.0,32.0,16500000.0,LM,FC 26,"Aug 7, 2025",260001.0
GER-Bundesliga,Lucas Höler,Freiburg,2425,"FW,MF",30,1867,20.7,0.29,0.19,0.48,1.69,0.92,0.17,0.6763285024154589,1.4492753623188406,1.497584541062802,0.3864734299516908,2025,F M S,1867.0,10.821472128853202,11.579248806461692,3.0513127334415913,6.0,6.0,21.0,35.0,14.530475705862044,2.6790542542003095,0.5216563961418255,0.1470905977556203,0.6687469938974459,1.0123192287091591,1.1247991430101767,-4.821472128853202,-0.2324223307963514,0.3091849179672343,True,-0.7119091341876845,0.1119409162570811,0.0894607726438283,1.0755648014125148,0.1412643390314349,True,,234875.0,73.0,73.0,29.0,3000000.0,ST,FC 25,"Aug 7, 2024",250001.0
GER-Bundesliga,Eric Maxim Choupo-Moting,Bayern Munich,2021,"FW,MF",31,820,9.1,0.33,0.0,0.33,2.2,1.43,0.15,0.2197802197802197,0.989010989010989,0.5494505494505495,0.989010989010989,2021,F M S,802.0,4.213334150612354,4.213334150612354,1.3107478013262153,3.0,3.0,12.0,20.0,6.452552545815706,1.0414462089538574,0.4728180468268227,0.1470913991513209,0.6199094459781437,1.346633416458853,1.4962593516209477,-1.2133341506123545,-0.1361596927121095,0.2106667075306177,True,-0.964965975941946,-0.5913573072720035,1.275252586728174,0.8433460171018149,0.1405688301540098,True,,,,,,,,,,
GER-Bundesliga,Erling Haaland,Dortmund,2021,FW,20,2407,26.7,0.93,0.22,1.16,3.44,1.83,0.27,0.2621722846441948,0.8239700374531835,0.7865168539325843,0.5617977528089888,2021,,,,,,,,,,,,,,,,,,,,True,-0.941468785265861,-0.8435449949827749,2.2052853820884457,,0.1400905339466032,True,,,,,,,,,,
GER-Bundesliga,Franck Ribéry,Bayern Munich,1819,"MF,FW",35,1174,13.0,0.46,0.23,0.69,1.99,0.84,0.23,2.230769230769231,1.5384615384615383,1.3076923076923077,0.6923076923076923,2019,F M S,1156.0,3.7647781036794186,3.7647781036794186,2.6179945543408394,6.0,6.0,21.0,26.0,12.259531535208223,7.420078875496984,0.293105561705145,0.2038231054417608,0.4969286671469058,1.634948096885813,1.8166089965397925,2.2352218963205814,0.1740224659765158,0.1447991578338238,True,0.1496905615572597,0.2482201568025095,-0.096545786428226,0.2585818720844955,0.1399867010040096,True,,156616.0,85.0,85.0,35.0,17000000.0,LM,FIFA 19,"Aug 21, 2018",190002.0
GER-Bundesliga,Patrik Schick,Leverkusen,2223,FW,26,941,10.5,0.29,0.1,0.38,3.25,1.34,0.09,0.3809523809523809,1.5238095238095235,0.4761904761904761,0.0,2023,,,,,,,,,,,,,,,,,,,,True,-0.8756310257598601,0.2258314244271889,1.065995207772113,,0.1387318688131473,True,,234236.0,85.0,87.0,26.0,67500000.0,ST,FIFA 23,"Sep 1, 2022",230001.0
ENG-Premier League,Dominik Szoboszlai,Liverpool,2324,MF,22,2104,23.4,0.13,0.09,0.21,2.57,0.64,0.05,4.82905982905983,1.2393162393162394,1.2393162393162394,0.1282051282051282,2024,M S,2135.0,3.519060474820435,3.519060474820435,5.657645266503096,3.0,3.0,55.0,60.0,21.230980657041073,15.891304083168508,0.1483444696645616,0.2384955850048143,0.386840054669376,2.3185011709601873,2.576112412177986,-0.519060474820435,-0.0218807694303696,0.0586510079136739,False,1.5898782432805807,-0.2088831291936143,-0.5615621841083617,-0.2648810134441974,0.1386379791336018,True,,,,,,,,,,
FRA-Ligue 1,Hugo Ekitike,Paris Saint-Germain,2223,FW,20,1155,12.8,0.23,0.31,0.55,2.65,0.94,0.09,,,,,2023,,,,,,,,,,,,,,,,,,,,False,,,0.1359624124118417,,0.1359624124118417,True,,,,,,,,,,
GER-Bundesliga,Justin Kluivert,RB Leipzig,2021,"MF,FW",21,813,9.0,0.33,0.11,0.44,1.99,0.77,0.17,2.6666666666666665,1.5555555555555556,1.5555555555555556,0.7777777777777778,2021,,,,,,,,,,,,,,,,,,,,True,0.3913009950042641,0.2743403445737165,-0.2593015256162734,,0.1354466046539023,True,,,,,,,,,,
GER-Bundesliga,Justin Njinmah,Werder Bremen,2425,"FW,MF",23,952,10.6,0.28,0.19,0.47,2.93,0.66,0.1,1.7924528301886793,1.6037735849056605,0.6603773584905661,1.1320754716981132,2025,F M S,927.0,4.510545656085014,4.510545656085014,1.7561358297243714,3.0,3.0,12.0,31.0,8.618928104639053,2.53895618673414,0.4379170539888363,0.1704986242450846,0.608415678233921,1.1650485436893203,1.2944983818770228,-1.5105456560850143,-0.1466549180665062,0.1455014727769359,True,-0.0932606623084295,0.3480189874377818,-0.5150605443403481,0.788694035451892,0.132097954060224,True,,266183.0,73.0,80.0,23.0,6000000.0,ST,FC 25,"Aug 7, 2024",250001.0
GER-Bundesliga,Marco Reus,Dortmund,2021,"MF,FW",31,2279,25.3,0.32,0.24,0.55,2.21,0.99,0.14,2.292490118577075,1.3438735177865613,1.1067193675889329,0.3952569169960474,2021,,,,,,,,,,,,,,,,,,,,True,0.1839013855445245,-0.0491163680238794,0.2522165118318757,,0.1290005097841736,True,,188350.0,85.0,85.0,31.0,44500000.0,CAM,FIFA 21,"Aug 24, 2020",210001.0
GER-Bundesliga,Wout Weghorst,Wolfsburg,1920,FW,26,2739,30.4,0.39,0.1,0.49,2.79,1.28,0.14,0.2631578947368421,1.348684210526316,1.5460526315789471,0.625,2020,F S,2736.0,14.807365261018276,17.838466234505177,2.214333187788725,12.0,16.0,37.0,85.0,19.157783091068268,5.003612016327679,0.4870843835861275,0.0728399074930501,0.5599242910791777,1.2171052631578947,1.3523391812865495,-2.807365261018276,-0.0923475414808643,0.1742042971884503,True,-0.9409224785843272,-0.0417654804600689,0.9264902884680726,0.5581212189538015,0.1254808870943695,True,,223689.0,81.0,82.0,26.0,21000000.0,ST,FIFA 20,"Aug 20, 2019",200001.0
GER-Bundesliga,Ritsu Doan,Freiburg,2223,"MF,FW",24,2424,26.9,0.19,0.15,0.33,2.12,1.0,0.09,1.1152416356877324,1.933085501858736,1.0780669144981414,0.2230483271375465,2023,F M S,2465.0,7.099370298907161,7.099370298907161,4.073547758162022,5.0,5.0,27.0,57.0,11.465518349781632,2.979630371555686,0.2592062178099977,0.1487299384318791,0.4079361562418768,0.9858012170385396,1.0953346855983772,-2.0993702989071608,-0.0766504368769348,0.1245503561211782,True,-0.4686271516791919,0.8512178001452452,0.2754673317158825,-0.1645706729464308,0.1233718268088762,True,,232639.0,77.0,83.0,24.0,16500000.0,RM,FIFA 23,"Sep 1, 2022",230001.0
GER-Bundesliga,Yussuf Poulsen,RB Leipzig,2021,FW,26,1354,15.0,0.33,0.27,0.6,2.99,1.0,0.11,0.4,2.0,1.4666666666666666,0.6,2021,,,,,,,,,,,,,,,,,,,,True,-0.865073258920159,0.9534652266251004,0.2754673317158825,,0.1212864331402746,True,,207791.0,78.0,80.0,26.0,17500000.0,ST,FIFA 21,"Aug 24, 2020",210001.0
GER-Bundesliga,Kevin Volland,Leverkusen,1920,"FW,MF",27,2047,22.7,0.44,0.31,0.75,3.39,1.45,0.13,1.7180616740088106,0.8370044052863437,0.9251101321585904,1.3656387665198235,2020,,,,,,,,,,,,,,,,,,,,True,-0.1344943976072785,-0.8236280770688291,1.3217542264961877,,0.1212105839400266,True,,200610.0,82.0,83.0,26.0,26500000.0,ST,FIFA 20,"Aug 20, 2019",200001.0
GER-Bundesliga,Steven Skrzybski,Holstein Kiel,2425,"FW,MF",31,1323,14.7,0.34,0.2,0.54,2.24,0.88,0.15,2.0408163265306123,1.4965986394557824,1.08843537414966,0.1360544217687075,2025,F M S,1313.0,3.263728693127632,3.263728693127632,3.969407096039504,5.0,5.0,21.0,32.0,9.242973761167375,4.136365515645593,0.2237133148373853,0.2720842640088007,0.495797578846186,1.4394516374714394,1.5993907083015997,1.736271306872368,0.1190132655129574,0.1019915216602385,True,0.0444029416998016,0.1842523500158799,-0.0035425068921988,0.2532036342054106,0.1195791047572233,True,,200473.0,72.0,72.0,31.0,2000000.0,ST,FC 25,"Aug 7, 2024",250001.0
GER-Bundesliga,Florian Neuhaus,Gladbach,1920,MF,22,2356,26.2,0.15,0.08,0.23,2.18,0.88,0.07,1.1450381679389314,1.9083969465648856,0.8015267175572519,0.0763358778625954,2020,,,,,,,,,,,,,,,,,,,,True,-0.4521114475718528,0.8134929226908457,-0.0035425068921988,,0.119279656075598,True,,234943.0,78.0,87.0,22.0,15500000.0,CM,FIFA 20,"Aug 20, 2019",200001.0
GER-Bundesliga,Myron Boadu,Bochum,2425,FW,23,1042,11.6,0.69,0.09,0.78,2.42,1.3,0.29,0.1724137931034483,0.5172413793103449,0.9482758620689656,1.0344827586206895,2025,F S,999.0,7.4716917015612125,8.229468438774347,1.6477082949131727,6.0,7.0,11.0,25.0,10.03551159799099,1.1547716669738293,0.6731253785190282,0.1484421887309164,0.8215675672499446,0.990990990990991,1.1011011011011012,-1.4716917015612123,-0.1325848379784876,0.2988676680624485,True,-0.9912203696083112,-1.3122358884946026,0.9729919282360862,1.802214874430523,0.1179376361409238,True,,,,,,,,,,
GER-Bundesliga,Ansgar Knauff,Eintracht Frankfurt,2425,MF,22,1597,17.7,0.23,0.28,0.51,1.69,0.68,0.13,1.807909604519774,1.5819209039548023,1.5254237288135597,0.6214689265536724,2025,D F M S,1623.0,5.238380121067166,5.238380121067166,5.401509422808886,4.0,4.0,26.0,30.0,14.122421637177467,4.3508377857506275,0.2904831860111183,0.2995291731686997,0.590012359179818,1.44177449168207,1.6019716574245224,-1.2383801210671663,-0.0686717257523382,0.1746126707022388,True,-0.0846932387856469,0.3146274138479512,-0.4685589045723344,0.7011876687299733,0.1156407348049857,True,,257540.0,76.0,81.0,22.0,11500000.0,RM,FC 25,"Aug 7, 2024",250001.0
GER-Bundesliga,Benedikt Pichler,Holstein Kiel,2425,FW,27,785,8.7,0.11,0.23,0.34,2.29,1.03,0.05,1.149425287356322,1.8390804597701151,1.6091954022988506,1.4942528735632186,2025,F S,751.0,2.162652373313904,2.162652373313904,1.2777384547516704,1.0,1.0,11.0,20.0,4.0694943331182,1.8049968853592873,0.2591727211694425,0.1531244486386822,0.4122971698081247,1.318242343541944,1.4647137150466043,-1.1626523733139038,-0.1393325081201749,0.1081326186656952,True,-0.4496797429167493,0.7075751831237375,0.3452197913679029,-0.1438343888399904,0.1148202106837251,True,,251342.0,70.0,71.0,26.0,1900000.0,ST,FC 25,"Aug 7, 2024",250001.0
ESP-La Liga,Dani Olmo,Barcelona,2526,MF,27,2067,23.0,0.3,0.35,0.65,3.05,0.91,0.1,1.2173913043478262,1.826086956521739,1.173913043478261,0.2608695652173913,2026,,,,,,,,,,,,,,,,,,,,False,-0.4120073514947276,0.6877207075615152,0.0662099527598215,,0.1139744362755363,True,,,,,,,,,,
GER-Bundesliga,Eric Maxim Choupo-Moting,Bayern Munich,2223,FW,33,1112,12.4,0.81,0.16,0.97,2.51,1.29,0.32,0.2419354838709677,0.564516129032258,0.3225806451612903,0.8870967741935484,2023,F S,1127.0,7.587020091712475,8.34479707479477,2.4134399238973856,10.0,10.0,16.0,31.0,15.240264654159546,5.789523597806692,0.6058844793736671,0.192732558252675,0.7986170376263421,1.277728482697427,1.419698314108252,2.412979908287525,0.1926958223122247,0.2447425836036282,True,-0.9526856950334848,-1.2399986061295711,0.9497411083520794,1.693086871171922,0.1125359195902363,True,,183569.0,75.0,75.0,33.0,3600000.0,ST,FIFA 23,"Sep 1, 2022",230001.0
GER-Bundesliga,Patrick Herrmann,Gladbach,1819,"MF,FW",27,1079,12.0,0.25,0.17,0.42,1.58,0.33,0.16,5.916666666666667,1.0,1.3333333333333333,0.25,2019,,,,,,,,,,,,,,,,,,,,True,2.192719962028254,-0.5745657579905133,-1.2823376005125722,,0.1119388678417226,True,,198077.0,77.0,77.0,27.0,9500000.0,RM,FIFA 19,"Aug 21, 2018",190002.0
ITA-Serie A,Ondrej Duda,Hellas Verona,2425,MF,29,2395,26.6,0.04,0.11,0.15,0.94,0.19,0.04,3.345864661654135,2.142857142857143,1.9172932330827064,0.0,2025,,,,,,,,,,,,,,,,,,,,False,0.7677687336304457,1.1717553672844736,-1.6078490788886668,,0.1105583406754175,True,,,,,,,,,,
ITA-Serie A,Mattias Svanberg,Bologna,1920,MF,20,1051,11.7,0.09,0.17,0.26,3.17,0.77,0.03,1.794871794871795,2.393162393162393,1.5384615384615383,0.0854700854700854,2020,M S,1045.0,1.997132629156113,1.997132629156113,1.2798649910837412,1.0,1.0,19.0,38.0,5.505712334066629,3.155806688591838,0.1720018532287561,0.1102276068875949,0.2822294601163511,1.6363636363636365,1.818181818181818,-0.9971326291561128,-0.0858774513148805,0.0525561218198977,False,-0.0919198718897447,1.554229545362863,-0.2593015256162734,-0.7622963450505938,0.1101779507015627,True,,228946.0,70.0,84.0,20.0,3900000.0,CM,FIFA 20,"Aug 20, 2019",200001.0
GER-Bundesliga,Lukas Nmecha,Wolfsburg,2223,FW,23,899,10.0,0.4,0.0,0.4,2.2,0.7,0.18,0.2,2.7,0.6,0.8,2023,F S,893.0,3.553670769557357,3.553670769557357,0.449071105569601,4.0,4.0,6.0,22.0,4.6232008170336485,0.7894729934632778,0.3581527091379194,0.0452591259812587,0.4034118351191783,0.6047032474804032,0.6718924972004479,0.4463292304426431,0.0449827891823492,0.1615304895253344,True,-0.97592981073702,2.0230869158560303,-0.4220572648043211,-0.1860834719239782,0.1097540920976777,True,,230084.0,78.0,83.0,23.0,21500000.0,ST,FIFA 23,"Sep 1, 2022",230001.0
FRA-Ligue 1,Randal Kolo Muani,Nantes,2021,FW,21,3029,33.7,0.27,0.12,0.39,1.72,0.83,0.16,0.5341246290801186,2.166172106824926,1.8694362017804151,0.6528189910979227,2021,F M S,3056.0,9.464212860912085,9.464212860912085,6.520260263234377,9.0,9.0,38.0,58.0,16.168135531246662,2.183053377084434,0.2787235462964946,0.1920233716266668,0.4707469179231615,1.119109947643979,1.243455497382199,-0.4642128609120846,-0.0136711902755522,0.163176083808829,False,-0.7907302894524719,1.2073813546324426,-0.1197966063122328,0.1340896681369963,0.1077360317511835,True,,,,,,,,,,
ESP-La Liga,André Silva,Sevilla,1819,FW,22,2159,24.0,0.38,0.0,0.38,2.63,1.13,0.14,0.4583333333333333,1.1666666666666667,1.75,0.7083333333333334,2019,F M S,2170.0,11.227702237665651,11.227702237665651,4.498760584741831,9.0,9.0,29.0,63.0,18.64460599422455,5.439550884068012,0.4656650697649349,0.1865845403809976,0.6522496101459325,1.2027649769585254,1.336405529953917,-2.2277022376656532,-0.0923931803640132,0.1782174958359627,False,-0.8327400979735747,-0.3198939272212443,0.5777279902079705,0.997121010470886,0.1055537438710093,True,,,,,,,,,,
ENG-Premier League,Georginio Rutter,Brighton,2425,"MF,FW",22,1656,18.4,0.27,0.16,0.43,2.72,0.65,0.1,0.4891304347826087,2.4456521739130435,1.847826086956522,0.3804347826086957,2025,F M S,1679.0,5.6770595367997885,5.6770595367997885,3.1324470546096563,5.0,5.0,19.0,50.0,10.18418968655169,2.795816533267498,0.3043093259749738,0.167909609836134,0.4722189358111078,1.018463371054199,1.1316259678379987,-0.6770595367997885,-0.0362926493817635,0.1135411907359957,False,-0.8156697956104711,1.6344355567255369,-0.5383113642243549,0.1410889999827995,0.1053858492183776,True,,,,,,,,,,
GER-Bundesliga,Anastasios Donis,Stuttgart,1819,"FW,MF",21,962,10.7,0.47,0.19,0.65,2.81,1.03,0.17,2.336448598130841,1.2149532710280375,1.9626168224299068,1.4018691588785048,2019,,,,,,,,,,,,,,,,,,,,True,0.2082668128767369,-0.2461104996151943,0.3452197913679029,,0.1024587015431485,True,,227732.0,73.0,83.0,21.0,6500000.0,ST,FIFA 19,"Aug 21, 2018",190002.0
GER-Bundesliga,Kevin Möhwald,Werder Bremen,1819,"MF,FW",25,873,9.7,0.31,0.1,0.41,2.06,1.03,0.15,0.9278350515463918,2.577319587628866,1.5463917525773196,0.0,2019,F M S,852.0,0.8920770874246955,0.8920770874246955,0.9029476083815098,3.0,3.0,9.0,20.0,3.1300517776980996,1.7506304671987891,0.094233495150496,0.0953817896177651,0.1896152847682611,0.9507042253521126,1.056338028169014,2.1079229125753045,0.2226679133002082,0.0446038543712347,True,-0.572503390207619,1.8356274445475167,0.3452197913679029,-1.2026696259697875,0.1014185549345033,True,,211818.0,73.0,77.0,24.0,5000000.0,CM,FIFA 19,"Aug 21, 2018",190002.0
GER-Bundesliga,Benedict Hollerbach,Union Berlin,2425,"FW,MF",23,2540,28.2,0.32,0.04,0.35,2.73,0.85,0.12,2.5886524822695036,1.5957446808510638,1.524822695035461,0.6028368794326241,2025,F M S,2594.0,9.080473525449634,9.080473525449634,2.390376001596451,9.0,9.0,28.0,76.0,12.341620037332175,2.798220462165773,0.3150511246300952,0.0829351735326447,0.39798629816274,0.9714726291441788,1.0794140323824208,-0.0804735254496336,-0.0027920652623234,0.1194799148085478,True,0.348059077628893,0.3357505732698522,-0.0732949665442192,-0.2118814828793749,0.0996583003687877,True,,258715.0,72.0,77.0,23.0,3600000.0,ST,FC 25,"Aug 7, 2024",250001.0
GER-Bundesliga,Adam Hložek,Hoffenheim,2425,"FW,MF",22,1871,20.8,0.38,0.19,0.58,2.84,1.2,0.14,0.9615384615384616,1.4423076923076923,0.7692307692307692,0.2884615384615384,2025,,,,,,,,,,,,,,,,,,,,True,-0.5538221711266651,0.1012941005894695,0.7404837293960181,,0.0959852196196075,True,,,,,,,,,,
ENG-Premier League,Kai Havertz,Arsenal,2324,"MF,FW",24,2634,29.3,0.41,0.24,0.65,2.36,0.96,0.17,0.3754266211604095,1.501706484641638,1.6723549488054608,0.5119453924914675,2024,F M S,2651.0,12.704561084508896,13.465729914605618,5.814370539039373,12.0,13.0,45.0,69.0,24.790123470127583,9.346141943708062,0.4313128998890232,0.1973946995524494,0.6287075994414727,1.5277253866465486,1.6974726518294982,-0.7045610845088959,-0.0239194634499436,0.1841240736885347,False,-0.8786938591433912,0.1920572957244872,0.1824640521798553,0.8851805601630103,0.0952520122309904,True,,,,,,,,,,
GER-Bundesliga,Daniel Caligiuri,Augsburg,2021,MF,32,2665,29.6,0.14,0.14,0.27,1.35,0.57,0.1,4.189189189189189,2.0270270270270268,1.1824324324324325,0.1351351351351351,2021,D M S,2675.0,2.240362297743559,4.513692665845156,3.8451388962566857,4.0,6.0,49.0,40.0,7.66736881993711,4.832313146907836,0.075376675438101,0.1293691591263931,0.2047458345644942,1.6485981308411215,1.8317757009345796,1.7596377022564411,0.0592027638142354,0.0560090574435889,True,1.2352089795560424,0.9947633613444408,-0.7243179232964093,-1.1307250253637229,0.0937323480600877,True,,197083.0,77.0,77.0,32.0,8500000.0,RM,FIFA 21,"Aug 24, 2020",210001.0
GER-Bundesliga,Wout Weghorst,Wolfsburg,2021,FW,27,2941,32.7,0.55,0.24,0.8,2.85,1.41,0.19,0.1223241590214067,0.8256880733944953,0.948012232415902,1.0703363914373087,2021,F S,2954.0,16.03706214018166,18.310400219634175,5.427310448139906,18.0,20.0,45.0,93.0,24.294328788295388,5.9548529498279095,0.4886037889696511,0.1653547529900445,0.6539585419596956,1.3710223425863235,1.5233581584292486,1.9629378598183391,0.0598051480648783,0.1724415283890501,True,-1.0189841901888284,-0.8409197828317673,1.2287509469601603,1.0052468498131413,0.0935234559381765,True,,223689.0,81.0,81.0,27.0,28000000.0,ST,FIFA 21,"Aug 24, 2020",210001.0
GER-Bundesliga,Sebastian Andersson,Union Berlin,1920,FW,28,2682,29.8,0.37,0.03,0.4,2.18,1.28,0.17,1.0402684563758389,1.342281879194631,2.046979865771812,0.7046979865771812,2020,F S,2705.0,11.510451823472977,13.026004776358604,1.822499212808907,11.0,12.0,23.0,64.0,11.69414233788848,3.0581286838278174,0.3829725190804317,0.0606376817570431,0.4436102008374749,0.765249537892791,0.8502772643253234,-0.5104518234729767,-0.0169836096534446,0.1798508097417652,True,-0.5101834923655105,-0.0515484411086589,0.9264902884680726,0.005056665451558,0.0924537551113652,True,,207562.0,73.0,73.0,27.0,4300000.0,ST,FIFA 20,"Aug 20, 2019",200001.0
GER-Bundesliga,Alassane Pléa,Gladbach,1819,"FW,MF",25,2503,27.8,0.43,0.14,0.58,2.98,1.47,0.14,0.6115107913669064,1.1510791366906474,1.223021582733813,0.7194244604316546,2019,,,,,,,,,,,,,,,,,,,,True,-0.7478364739052055,-0.3437121559982264,1.3682558662642013,,0.0922357454535897,True,,206467.0,80.0,82.0,25.0,18500000.0,ST,FIFA 19,"Aug 21, 2018",190002.0
ENG-Premier League,Kai Havertz,Arsenal,2425,FW,25,1875,20.8,0.43,0.14,0.58,2.54,1.01,0.17,0.5288461538461539,1.1057692307692308,1.8269230769230769,0.673076923076923,2025,F M S,1880.0,11.830620590597391,11.830620590597391,2.9488715566694736,9.0,9.0,17.0,53.0,16.01736629009247,4.696250442415476,0.5663594963583858,0.1411693830320492,0.707528879390435,0.8138297872340425,0.904255319148936,-2.830620590597391,-0.1355084325285985,0.2232192564263658,False,-0.7936560572689121,-0.4129470961561695,0.2987181515998893,1.2599696842567512,0.0880211706078897,True,,,,,,,,,,
FRA-Ligue 1,Lovro Majer,Rennes,2223,MF,24,1668,18.5,0.05,0.27,0.32,1.83,0.65,0.03,3.5675675675675675,1.6216216216216215,2.5945945945945947,0.1621621621621621,2023,M S,1659.0,2.106127930805087,2.866222945973277,4.564499044790864,1.0,2.0,38.0,34.0,9.825070720165968,5.406812550500035,0.114256488108775,0.2476220096631571,0.3618784977719322,2.061482820976492,2.2905364677516573,-1.106127930805087,-0.060006940188341,0.061944939141326,False,0.890654832017151,0.3752913405543277,-0.5383113642243549,-0.3835712967238738,0.0860158779058124,True,,,,,,,,,,
GER-Bundesliga,Christopher Antwi-Adjei,Bochum,2324,"FW,MF",29,1216,13.5,0.15,0.15,0.3,2.15,0.67,0.07,3.925925925925926,1.2592592592592593,0.9629629629629628,1.3333333333333333,2024,F M S,1229.0,1.9709949642419815,1.9709949642419815,3.855188194662333,2.0,2.0,23.0,29.0,6.187160577625036,1.1585207507014277,0.1443364904652387,0.2823164666555003,0.426652957120739,1.6842961757526445,1.8714401952807165,0.0290050357580184,0.0021240465567304,0.067965343594551,True,1.089286691628944,-0.1784095767938727,-0.4918097244563412,-0.0755737242573468,0.0858734165303457,True,,239073.0,73.0,73.0,29.0,3000000.0,LM,FC 24,"Aug 11, 2023",240001.0
GER-Bundesliga,Ermedin Demirović,Stuttgart,2526,FW,27,1497,16.6,0.66,0.18,0.84,2.46,1.32,0.27,0.0602409638554216,1.5662650602409638,2.228915662650602,0.4819277108433734,2026,,,,,,,,,,,,,,,,,,,,True,-1.0533958348981998,0.2907047995629063,1.0194935680040995,,0.0856008442229354,True,,238900.0,80.0,80.0,27.0,23000000.0,ST,FC 26,"Aug 7, 2025",260001.0
ENG-Premier League,Leon Bailey,Aston Villa,2223,"FW,MF",24,1967,21.9,0.18,0.18,0.37,2.33,0.64,0.08,4.474885844748859,1.0045662100456625,1.3242009132420092,0.365296803652968,2023,F M S,2031.0,4.778411947190762,4.778411947190762,5.5339578883722425,4.0,4.0,30.0,51.0,13.001362528651953,3.578845404088497,0.2117464673792065,0.2452270851568202,0.4569735525360268,1.329394387001477,1.4771048744460855,-0.7784119471907616,-0.0344938824456762,0.0936943519057012,False,1.3935657100608148,-0.5675884475584784,-0.5615621841083617,0.0685983750165371,0.0832533633526279,True,,,,,,,,,,
ENG-Premier League,Brenden Aaronson,Leeds United,2223,MF,21,2372,26.4,0.04,0.11,0.15,1.56,0.34,0.02,2.7272727272727275,2.0833333333333335,0.6060606060606061,0.2272727272727273,2023,,,,,,,,,,,,,,,,,,,,False,0.4248938894942222,1.080801142009735,-1.2590867806285653,,0.0822027502917973,True,,,,,,,,,,
GER-Bundesliga,Oliver Burke,Werder Bremen,2425,FW,27,908,10.1,0.5,0.0,0.5,3.47,1.29,0.14,1.98019801980198,0.198019801980198,1.188118811881188,0.7920792079207921,2025,F S,872.0,5.17337729409337,5.17337729409337,1.484443936496973,5.0,5.0,14.0,35.0,7.6511080376803875,1.8381715761497617,0.5339494913628479,0.1532109567485408,0.6871604481113887,1.444954128440367,1.6055045871559634,-0.1733772940933704,-0.0178944454912882,0.1478107798312391,True,0.0108032593952367,-1.8000163496129362,0.9497411083520794,1.1631193600399872,0.0809118445435917,True,,225632.0,67.0,67.0,27.0,1100000.0,RM,FC 25,"Aug 7, 2024",250001.0
GER-Bundesliga,Ermedin Demirović,Stuttgart,2425,FW,26,1855,20.6,0.73,0.05,0.78,3.15,1.46,0.23,0.145631067961165,1.3106796116504853,1.1650485436893203,0.8737864077669902,2025,,,,,,,,,,,,,,,,,,,,True,-1.0060655723959724,-0.0998376851002258,1.3450050463801946,,0.0797005962946654,True,,238900.0,79.0,81.0,26.0,22000000.0,ST,FC 25,"Aug 7, 2024",250001.0
GER-Bundesliga,Romano Schmid,Werder Bremen,2526,"MF,FW",25,2982,33.1,0.03,0.24,0.27,1.72,0.63,0.02,4.652567975830816,0.9365558912386708,0.5740181268882175,0.1510574018126888,2026,,,,,,,,,,,,,,,,,,,,True,1.4920518519169006,-0.6715103219691475,-0.5848130039923685,,0.0785761753184615,True,,239701.0,78.0,81.0,25.0,18500000.0,CAM,FC 26,"Aug 7, 2025",260001.0
GER-Bundesliga,Jonas Wind,Wolfsburg,2324,FW,24,2651,29.5,0.37,0.24,0.61,2.48,1.19,0.15,0.2711864406779661,1.5254237288135593,0.9830508474576272,0.3050847457627119,2024,F M S,2689.0,10.484601590316744,11.242378208320588,4.637466970831156,11.0,11.0,37.0,73.0,17.152671616524458,5.674650900065899,0.3509163789990728,0.1552145880902952,0.5061309670893681,1.2383785793975457,1.375976199330606,0.5153984096832573,0.0172502256866839,0.1436246793194074,True,-0.9364723939886458,0.2282979796888767,0.7172329095120114,0.3023381005714793,0.0778491489459304,True,,241522.0,76.0,80.0,24.0,11000000.0,ST,FC 24,"Aug 11, 2023",240001.0
GER-Bundesliga,Bazoumana Touré,Hoffenheim,2526,"MF,FW",19,2308,25.6,0.19,0.35,0.55,1.87,0.51,0.1,4.609375,1.1328125,1.71875,0.3125,2026,,,,,,,,,,,,,,,,,,,,True,1.4681107301003349,-0.3716241428462521,-0.8638228426004498,,0.0775545815512108,True,,71418.0,70.0,85.0,19.0,3800000.0,LM,FC 26,"Aug 7, 2025",260001.0
GER-Bundesliga,Robert Skov,Hoffenheim,2021,"MF,FW",24,1164,12.9,0.08,0.0,0.08,2.55,0.54,0.03,5.736434108527131,1.2403100775193798,0.6976744186046512,0.3875968992248061,2021,D F M S,1179.0,1.79882219620049,1.79882219620049,1.8304345877841115,1.0,1.0,18.0,33.0,4.511635299772024,2.133094597607851,0.1373146714656862,0.1397278311285581,0.2770425025942444,1.3740458015267176,1.5267175572519085,-0.79882219620049,-0.0609787936030908,0.0545097635212269,True,2.0928201624258493,-0.2073645136255209,-0.7940703829484295,-0.7869599291446427,0.076106334176814,True,,215449.0,75.0,81.0,24.0,8500000.0,LWB,FIFA 21,"Aug 24, 2020",210001.0
GER-Bundesliga,Andrej Kramarić,Hoffenheim,2425,MF,33,2767,30.7,0.26,0.26,0.52,2.24,0.85,0.12,3.778501628664495,0.9120521172638436,0.3908794788273615,0.2931596091205212,2025,,,,,,,,,,,,,,,,,,,,True,1.0075719453868133,-0.7089528478427007,-0.0732949665442192,,0.075108043666631,True,,216354.0,81.0,81.0,33.0,16500000.0,ST,FC 25,"Aug 7, 2024",250001.0
GER-Bundesliga,Philipp Max,Augsburg,1819,"DF,MF",24,2569,28.5,0.14,0.07,0.21,0.84,0.46,0.17,7.192982456140351,0.7368421052631579,0.4561403508771929,0.1052631578947368,2019,D F M,2581.0,2.465569192543626,2.465569192543626,6.265790403820574,4.0,4.0,62.0,24.0,7.862402795813978,3.304430115967989,0.0859749040406533,0.2184893980410119,0.3044643020816652,2.1619527314994187,2.402169701666021,1.5344308074563742,0.0535059173464059,0.1027320496893177,True,2.900159799280589,-0.9766791749946224,-0.9800769420204838,-0.6565713815643524,0.0717080751752826,True,,212187.0,78.0,81.0,24.0,11000000.0,LB,FIFA 19,"Aug 21, 2018",190002.0
ITA-Serie A,Franck Ribéry,Fiorentina,2021,FW,37,2149,23.9,0.08,0.25,0.34,0.92,0.38,0.09,0.794979079497908,3.054393305439331,1.5481171548117156,0.2928870292887029,2021,F M S,2195.0,2.8616734594106674,2.8616734594106674,5.521398767828941,2.0,2.0,35.0,21.0,12.207909174263476,5.99220235273242,0.1173351304541959,0.2263899266991365,0.3437250571533324,1.4350797266514803,1.5945330296127564,-0.8616734594106674,-0.0353305746455398,0.1362701647338413,False,-0.6461431649554797,2.5646108673076724,-1.166083501092538,-0.4698895107028684,0.0706236726391965,True,,,,,,,,,,
ITA-Serie A,Krzysztof Piątek,Milan,1819,FW,23,1373,15.3,0.59,0.0,0.59,2.75,1.38,0.21,0.261437908496732,1.3725490196078431,1.96078431372549,0.7843137254901961,2019,,,,,,,,,,,,,,,,,,,,False,-0.9418758373030824,-0.0052993127415592,1.15899848730814,,0.0706077790878328,True,,,,,,,,,,
GER-Bundesliga,Mark Uth,Schalke 04,2021,"FW,MF",28,1494,16.6,0.18,0.06,0.24,2.11,0.6,0.09,4.337349397590361,1.686746987951807,1.686746987951807,0.6024096385542168,2021,F M S,1499.0,2.927986714988947,2.927986714988947,1.4407714512199163,3.0,3.0,21.0,35.0,5.1600733157247305,2.2455962719395757,0.1757964004996699,0.0865039563774466,0.2623003568771165,1.2608405603735824,1.400933955970647,0.072013285011053,0.0043236795536989,0.0836567632853984,True,1.31733162865515,0.4748049181912934,-0.654565463644389,-0.8570576982263206,0.0701283462439334,True,,200318.0,76.0,76.0,28.0,7500000.0,CAM,FIFA 21,"Aug 24, 2020",210001.0
GER-Bundesliga,Marco Reus,Dortmund,1920,"MF,FW",30,1495,16.6,0.6,0.3,0.9,2.83,1.44,0.21,0.9638554216867468,1.0240963855421683,1.0240963855421683,0.4216867469879518,2020,,,,,,,,,,,,,,,,,,,,True,-0.5525379200629851,-0.5377457342648362,1.298503406612181,,0.0694065840947866,True,,188350.0,88.0,88.0,30.0,56000000.0,CAM,FIFA 20,"Aug 20, 2019",200001.0
GER-Bundesliga,Ihlas Bebou,Hoffenheim,2021,"FW,MF",26,2200,24.4,0.37,0.29,0.65,1.96,0.78,0.19,1.7622950819672132,1.3114754098360657,1.0655737704918034,0.1639344262295082,2021,D F M S,2193.0,9.119971761479974,9.119971761479974,5.329366520047188,9.0,9.0,39.0,48.0,15.292172404006124,5.0866442220285535,0.3742806468459633,0.2187154522591185,0.5929960991050819,1.600547195622435,1.7783857729138166,-0.1199717614799737,-0.0049236017023245,0.1899994116974994,True,-0.1099765822003935,-0.0986216808151581,-0.2360507057322666,0.7153751225982342,0.0676815384626039,True,,216258.0,74.0,77.0,26.0,5500000.0,ST,FIFA 21,"Aug 24, 2020",210001.0
GER-Bundesliga,Mattias Svanberg,Wolfsburg,2526,MF,26,861,9.6,0.31,0.1,0.42,2.2,0.84,0.14,0.8333333333333334,1.9791666666666667,1.875,0.1041666666666666,2026,,,,,,,,,,,,,,,,,,,,True,-0.6248840633169606,0.9216312477789418,-0.096545786428226,,0.066733799344585,True,,228946.0,76.0,79.0,26.0,9500000.0,CM,FC 26,"Aug 7, 2025",260001.0
GER-Bundesliga,Vincenzo Grifo,Freiburg,1819,"MF,FW",25,1427,15.9,0.32,0.19,0.5,2.65,0.88,0.12,4.0251572327044025,1.069182389937107,0.5031446540880503,0.5660377358490566,2019,F M S,1768.0,3.563717842102051,5.079269813373685,3.442116279155016,5.0,7.0,45.0,57.0,9.97123808413744,6.046443050727248,0.1814109761251043,0.1752208513144521,0.3566318274395565,2.2907239819004523,2.5452488687782804,1.4362821578979492,0.0731139107527236,0.0625213656509131,True,1.1442888941376588,-0.4688529225768545,-0.0035425068921988,-0.4085188106383013,0.0658436635075759,True,,,,,,,,,,
GER-Bundesliga,Ritsu Doan,Freiburg,2425,MF,26,2862,31.8,0.31,0.22,0.53,1.92,0.72,0.16,2.5157232704402515,1.7610062893081762,0.8490566037735849,0.2515723270440251,2025,F M S,2901.0,8.055666498839855,8.055666498839855,4.389358818531036,10.0,10.0,27.0,61.0,19.25091073103249,10.242727846838534,0.2499172647003057,0.1361745238427415,0.3860917885430473,0.8376421923474664,0.9307135470527405,1.9443335011601448,0.0603205843172744,0.1320601065383582,True,0.3076356728783314,0.5882754315597336,-0.3755556250363075,-0.268438961326512,0.0629791295188113,True,,232639.0,78.0,78.0,26.0,15500000.0,RM,FC 25,"Aug 7, 2024",250001.0
GER-Bundesliga,Alexis Claude-Maurice,Augsburg,2425,"MF,FW",26,2109,23.4,0.38,0.09,0.47,2.52,0.94,0.15,0.8974358974358975,1.794871794871795,1.1111111111111112,0.1282051282051282,2025,,,,,,,,,,,,,,,,,,,,True,-0.5893531172218127,0.6400229733706155,0.1359624124118417,,0.0622107561868815,True,,,,,,,,,,
GER-Bundesliga,Karim Onisiwo,Mainz 05,2223,"FW,MF",30,2539,28.2,0.35,0.07,0.43,2.41,1.13,0.15,1.9858156028368792,1.1702127659574468,1.7375886524822697,0.7801418439716312,2023,F M S,2559.0,7.937801500782371,7.937801500782371,4.462550288066268,10.0,10.0,33.0,67.0,13.13980631157756,3.004184128716588,0.279172385725054,0.1569478413153435,0.4361202270403976,1.160609613130129,1.2895662368112544,2.0621984992176294,0.0725274970416516,0.1184746492654085,True,0.0139169888192058,-0.3144753776304089,0.5777279902079705,-0.0305575839073629,0.0616530043723511,True,,229071.0,74.0,74.0,30.0,4099999.9999999995,ST,FIFA 23,"Sep 1, 2022",230001.0
GER-Bundesliga,Nadiem Amiri,Hoffenheim,1819,MF,21,754,8.4,0.36,0.12,0.48,2.15,0.95,0.17,1.4285714285714286,1.6666666666666663,1.6666666666666663,0.0,2019,M S,767.0,2.233745090663433,2.233745090663433,1.395916685461998,3.0,3.0,16.0,18.0,9.403052106499672,6.191677249968052,0.2621082896475997,0.1637972642654235,0.4259055539130232,1.877444589308996,2.0860495436766624,0.7662549093365669,0.089912570847837,0.1240969494813018,True,-0.2949538495763031,0.4441215650865622,0.1592132322958485,-0.0791275690280236,0.057313344694521,True,,225309.0,78.0,85.0,21.0,14500000.0,CAM,FIFA 19,"Aug 21, 2018",190002.0
ESP-La Liga,Alexander Sørloth,Villarreal,2324,FW,27,2489,27.7,0.83,0.22,1.05,2.82,1.3,0.29,0.2527075812274368,0.6859205776173285,1.2274368231046933,0.8303249097472925,2024,F S,2487.0,15.42916595377028,15.42916595377028,4.057515846565366,23.0,23.0,33.0,78.0,20.514578377828,3.4321656189858913,0.5583534120785385,0.1468341078371061,0.7051875199156447,1.1942098914354644,1.3268998793727382,7.57083404622972,0.2739746940734519,0.1978098199201318,False,-0.9467149071896162,-1.0544888470214102,0.9729919282360862,1.2488367000256724,0.055156218512683,True,,,,,,,,,,
GER-Bundesliga,Marco Reus,Dortmund,2324,MF,34,1601,17.8,0.34,0.45,0.79,2.36,1.12,0.14,1.797752808988764,1.1797752808988764,1.1235955056179774,0.2247191011235955,2024,,,,,,,,,,,,,,,,,,,,True,-0.0903229754360302,-0.2998635585090547,0.5544771703239642,,0.0547635454596263,True,,188350.0,83.0,83.0,34.0,17000000.0,CAM,FC 24,"Aug 11, 2023",240001.0
ENG-Premier League,Erling Haaland,Manchester City,2526,FW,25,2953,32.8,0.73,0.24,0.98,3.84,1.8,0.19,0.0914634146341463,0.7621951219512195,0.7317073170731708,0.1524390243902439,2026,,,,,,,,,,,,,,,,,,,,False,-1.0360897687351944,-0.9379389799417872,2.1355329224364255,,0.0538347245864812,True,,,,,,,,,,
GER-Bundesliga,Joel Pohjanpalo,Union Berlin,2021,FW,25,851,9.5,0.63,0.0,0.63,3.28,1.69,0.19,0.3157894736842105,0.8421052631578947,0.7368421052631579,1.263157894736842,2021,,,,,,,,,,,,,,,,,,,,True,-0.9117497017904164,-0.8158338081929788,1.8797739037123504,,0.050730131242985,True,,,,,,,,,,
FRA-Ligue 1,Kevin Volland,Monaco,2021,"FW,MF",28,2769,30.8,0.52,0.23,0.75,1.85,0.98,0.28,0.9090909090909092,1.461038961038961,1.948051948051948,0.487012987012987,2021,F M S,2820.0,11.13623906299472,11.13623906299472,5.541547808796167,16.0,16.0,32.0,56.0,18.232258150354028,4.06231093313545,0.3554118849891932,0.176857908791367,0.5322697937805602,1.021276595744681,1.1347517730496457,4.8637609370052814,0.1552264128831472,0.1988614118391914,False,-0.5828929452045133,0.1299160595920096,0.2289656919478689,0.42662621117782,0.0506537543782963,True,,,,,,,,,,
ENG-Premier League,Brajan Gruda,Brighton,2526,MF,21,719,8.0,0.13,0.13,0.25,2.0,0.75,0.06,1.75,1.75,1.375,0.25,2026,,,,,,,,,,,,,,,,,,,,False,-0.1167915341563481,0.5714574804711969,-0.3058031653842871,,0.0496209269768539,True,,,,,,,,,,
GER-Bundesliga,Bas Dost,Eintracht Frankfurt,2021,FW,31,817,9.1,0.33,0.22,0.55,1.87,1.21,0.18,0.0,0.989010989010989,1.7582417582417582,0.3296703296703296,2021,F S,819.0,3.5333522260189056,4.29096719622612,2.622365429997444,3.0,4.0,11.0,15.0,7.274478621780872,1.9131001457571983,0.3882804643976819,0.2881720252744444,0.6764524896721263,1.208791208791209,1.3431013431013432,-0.5333522260189056,-0.0586101347273522,0.235556815067927,True,-1.0867863625538807,-0.5913573072720035,0.7637345492800249,1.1122038411993656,0.0494486801633765,True,,189068.0,78.0,78.0,31.0,12000000.0,ST,FIFA 21,"Aug 24, 2020",210001.0
ESP-La Liga,Robert Lewandowski,Barcelona,2526,FW,36,1664,18.5,0.7,0.11,0.81,3.41,1.57,0.21,0.0,1.135135135135135,0.7027027027027027,0.918918918918919,2026,,,,,,,,,,,,,,,,,,,,False,-1.0867863625538807,-0.3680750843938088,1.6007640651042694,,0.0486342060521932,True,,,,,,,,,,
FRA-Ligue 1,Ludovic Ajorque,Strasbourg,2021,FW,26,2967,33.0,0.36,0.12,0.49,2.09,1.12,0.17,0.7878787878787878,1.4848484848484849,1.181818181818182,0.3939393939393939,2021,F S,2983.0,12.059157747775316,15.85963862389326,3.3603819543495774,12.0,16.0,35.0,69.0,16.34954374935478,1.860937307588756,0.3638364724437742,0.1013859791791692,0.4652224516229434,1.0559839088166276,1.1733154542406972,-0.0591577477753162,-0.0017848465637876,0.1747704021416712,False,-0.650078734184429,0.1662977497019054,0.5544771703239642,0.107821255760481,0.0446293604004804,True,,,,,,,,,,
GER-Bundesliga,Lovro Majer,Wolfsburg,2324,"MF,FW",25,2106,23.4,0.13,0.21,0.34,1.58,0.51,0.08,3.760683760683761,1.5811965811965814,1.5811965811965814,0.0427350427350427,2024,F M S,2177.0,4.787259700708091,6.302813100628555,4.539229284971952,3.0,5.0,39.0,37.0,13.405724236741662,7.745161081664264,0.1979115172548131,0.1876576185794559,0.3855691358342691,1.6123105190629303,1.7914561322921452,-1.7872597007080913,-0.0738876311730492,0.1293853973164349,True,0.997695808361452,0.3135206262305273,-0.8638228426004498,-0.2709241347600701,0.0441173643078648,True,,,,,,,,,,
GER-Bundesliga,Mattias Svanberg,Wolfsburg,2425,MF,25,1219,13.5,0.22,0.07,0.3,1.55,0.59,0.14,2.5185185185185186,1.6296296296296295,1.1851851851851851,0.0,2025,M S,1232.0,4.231742708012462,4.231742708012462,2.277713842689991,3.0,3.0,15.0,21.0,7.183938827365637,4.114412795752287,0.3091370484749363,0.1663914333133922,0.4755284817883285,1.0957792207792207,1.2175324675324677,-1.2317427080124617,-0.0899812043190921,0.2015115575244029,True,0.3091850306954784,0.3875278249156136,-0.6778162835283957,0.1568256365707067,0.0439305521633507,True,,228946.0,77.0,80.0,25.0,14000000.0,CM,FC 25,"Aug 7, 2024",250001.0
GER-Bundesliga,Admir Mehmedi,Wolfsburg,1920,"MF,FW",28,1200,13.3,0.15,0.15,0.3,1.72,0.68,0.09,3.1578947368421053,1.8796992481203008,1.8796992481203008,0.6766917293233082,2020,F M S,1206.0,1.536661504302174,1.536661504302174,2.1668263878673315,2.0,2.0,19.0,22.0,6.112823883071542,3.069345668889582,0.1146762316643413,0.1617034617811441,0.2763796934454854,1.417910447761194,1.5754560530679935,0.4633384956978261,0.0345774996789422,0.0698482501955533,True,0.6635802450807646,0.7696419502803649,-0.4685589045723344,-0.7901115356710215,0.0436379387794433,True,,188770.0,78.0,78.0,28.0,10500000.0,CF,FIFA 20,"Aug 20, 2019",200001.0
ITA-Serie A,Ondrej Duda,Hellas Verona,2324,MF,28,2456,27.3,0.04,0.15,0.18,0.88,0.26,0.04,3.443223443223443,1.868131868131868,2.0146520146520146,0.0,2024,,,,,,,,,,,,,,,,,,,,False,0.8217330276997679,0.7519666352472172,-1.4450933397006196,,0.0428687744154551,True,,,,,,,,,,
GER-Bundesliga,Andrej Kramarić,Hoffenheim,2223,"MF,FW",31,2386,26.5,0.3,0.15,0.45,2.38,0.98,0.13,1.8113207547169812,1.3584905660377358,0.3396226415094339,0.3396226415094339,2023,,,,,,,,,,,,,,,,,,,,True,-0.0828024970426879,-0.0267810653924633,0.2289656919478689,,0.0397940431709058,True,,216354.0,82.0,82.0,31.0,25500000.0,CF,FIFA 23,"Sep 1, 2022",230001.0
GER-Bundesliga,Michael Gregoritsch,Augsburg,2526,FW,31,913,10.1,0.49,0.2,0.69,2.86,0.99,0.17,0.594059405940594,1.7821782178217822,0.495049504950495,0.396039603960396,2026,,,,,,,,,,,,,,,,,,,,True,-0.7575094759691456,0.6206267943325905,0.2522165118318757,,0.0384446100651068,True,,,,,,,,,,
ENG-Premier League,Jean-Philippe Mateta,Crystal Palace,2425,FW,27,2648,29.4,0.41,0.07,0.48,2.35,1.12,0.17,0.8843537414965987,0.9863945578231292,0.9183673469387756,0.7482993197278912,2025,F S,2690.0,14.31028657220304,15.83262430690229,3.85278513841331,12.0,14.0,29.0,69.0,18.602611111477017,3.6145096691325302,0.4787828221183173,0.1289035919915233,0.6076864141098407,0.9702602230483272,1.0780669144981412,-2.31028657220304,-0.0772958332707336,0.20739545756816,False,-0.5966043307106184,-0.5953552951961678,0.5544771703239642,0.7852264406288441,0.0369359962615055,True,,,,,,,,,,
GER-Bundesliga,Marcus Ingvartsen,Mainz 05,2223,"MF,FW",26,1314,14.6,0.41,0.0,0.41,2.47,1.16,0.17,0.4794520547945206,1.4383561643835616,2.191780821917808,0.6164383561643836,2023,F M S,1313.0,6.350403893738985,9.38143016025424,0.7966726366430521,6.0,10.0,6.0,36.0,7.678540274500847,2.5980356596410275,0.4352904420689327,0.0546081776830728,0.4898986197520056,0.4112718964204113,0.456968773800457,-0.350403893738985,-0.0240185456485214,0.1764001081594162,True,-0.821034354773735,0.0952560434848241,0.6474804498599909,0.2251545373954597,0.0367141689916349,True,,215247.0,73.0,74.0,26.0,3600000.0,ST,FIFA 23,"Sep 1, 2022",230001.0
ITA-Serie A,Nicolás González,Juventus,2425,"MF,FW",26,1750,19.4,0.15,0.1,0.26,2.31,1.08,0.07,0.8247422680412372,2.061855670103093,1.5463917525773196,0.3092783505154639,2025,D F M S,1789.0,4.388662149198353,4.388662149198353,1.3247456587851048,3.0,3.0,19.0,45.0,7.834341991692781,3.530604605562985,0.2207823328271949,0.0666445552211623,0.2874268880483573,0.9558412520961432,1.0620458356623812,-1.3886621491983533,-0.069860029864646,0.0975258255377411,False,-0.6296459426905371,1.047982607116788,0.461473890787937,-0.7375829749627411,0.0355568950628617,True,,,,,,,,,,
GER-Bundesliga,Kevin Volland,Union Berlin,2324,"FW,MF",31,1345,14.9,0.07,0.27,0.33,2.41,0.94,0.03,3.7583892617449663,0.87248322147651,1.8791946308724832,0.4697986577181208,2024,F M S,1394.0,3.5247543090954423,5.798084431327879,2.5899303993210196,1.0,3.0,20.0,36.0,6.6129677733406425,1.914235956966877,0.227566634016205,0.1672121491670672,0.3947787831832723,1.291248206599713,1.4347202295552368,-2.5247543090954423,-0.1630042236862193,0.0979098419193178,True,0.996424007158941,-0.7694153466327729,0.1359624124118417,-0.2271329699200656,0.033959525754486,True,,,,,,,,,,
GER-Bundesliga,Johan Bakayoko,RB Leipzig,2526,"FW,MF",22,777,8.6,0.23,0.0,0.23,2.78,1.04,0.08,1.744186046511628,1.2790697674418603,1.3953488372093024,0.3488372093023256,2026,,,,,,,,,,,,,,,,,,,,True,-0.1200141083370708,-0.1481385064698769,0.3684706112519098,,0.0334393321483206,True,,265450.0,78.0,85.0,22.0,28500000.0,RW,FC 26,"Aug 7, 2025",260001.0
GER-Bundesliga,Florian Wirtz,Leverkusen,2324,MF,20,2372,26.4,0.38,0.42,0.8,2.69,1.29,0.14,1.4015151515151516,1.0227272727272727,0.8712121212121212,0.2272727272727273,2024,,,,,,,,,,,,,,,,,,,,True,-0.3099506774736057,-0.5398377810674313,0.9497411083520794,,0.0333175499370141,True,,256630.0,85.0,91.0,20.0,83500000.0,CAM,FC 24,"Aug 11, 2023",240001.0
GER-Bundesliga,Andreas Voglsammer,Arminia,2021,"FW,MF",28,1000,11.1,0.18,0.18,0.36,2.88,1.08,0.06,1.6216216216216215,1.2612612612612613,1.2612612612612613,0.3603603603603604,2021,,,,,,,,,,,,,,,,,,,,True,-0.1879494559306845,-0.1753504557035512,0.461473890787937,,0.0327246597179004,True,,,,,,,,,,
ESP-La Liga,Ruben Vargas,Sevilla,2526,"MF,FW",26,1594,17.7,0.11,0.34,0.45,2.31,0.45,0.05,5.084745762711864,0.96045197740113,0.7344632768361582,0.3954802259887006,2026,,,,,,,,,,,,,,,,,,,,False,1.7316005480442769,-0.6349963619018653,-1.0033277619044907,,0.0310921414126403,True,,,,,,,,,,
GER-Bundesliga,Thomas Müller,Bayern Munich,2021,MF,30,2674,29.7,0.34,0.64,0.98,1.72,0.71,0.2,3.1649831649831652,0.7407407407407408,0.7407407407407408,0.4377104377104377,2021,M S,2693.0,7.098254848271608,7.856031823903322,11.306575793772936,10.0,11.0,92.0,50.0,26.149961154907945,12.189973209053278,0.2372235188802245,0.3778655111175508,0.6150890299977754,3.0746379502413665,3.416264389157074,2.9017451517283916,0.0969762583199239,0.1419650969654321,True,0.6675092385883621,-0.970721939187154,-0.3988064449203143,0.8204253098483989,0.0296015410823232,True,,189596.0,86.0,86.0,30.0,65500000.0,CAM,FIFA 21,"Aug 24, 2020",210001.0
FRA-Ligue 1,Amine Harit,Marseille,2324,MF,26,1821,20.2,0.05,0.1,0.15,1.63,0.4,0.03,1.9306930693069309,2.5247524752475248,0.9405940594059408,0.0495049504950495,2024,F M S,1837.0,2.992945097386837,2.992945097386837,3.8823818005621433,1.0,1.0,39.0,33.0,10.56260772421956,5.6257153721526265,0.1466331294310372,0.1902092335604751,0.3368423629915124,1.9107240065323896,2.1230266739248775,-1.992945097386837,-0.0976402061866169,0.0906953059814193,False,-0.016636481153491,1.755303268057056,-1.1195818613245243,-0.5026161921013936,0.0291171833694116,True,,,,,,,,,,
GER-Bundesliga,Max Kruse,Union Berlin,2021,"FW,MF",32,1629,18.1,0.33,0.28,0.61,1.66,1.05,0.2,3.756906077348066,0.718232044198895,0.2762430939226519,0.4419889502762431,2021,F M S,1648.0,2.903214318677783,7.449711380526424,4.152542179450393,6.0,11.0,37.0,30.0,9.334405198693275,4.0433649234473705,0.1585493256559469,0.2267771821301792,0.3853265077861261,2.020631067961165,2.2451456310679614,3.096785681322217,0.1691205772566744,0.0967738106225927,True,0.9956019036191962,-1.0051159249264046,0.3917214311359165,-0.2720778124687162,0.0275323993399979,True,,183574.0,81.0,81.0,32.0,20500000.0,CAM,FIFA 21,"Aug 24, 2020",210001.0
ITA-Serie A,Christopher Nkunku,Milan,2526,FW,27,1356,15.1,0.13,0.2,0.33,1.92,1.06,0.07,1.1258278145695364,1.456953642384106,0.5960264900662252,0.5298013245033113,2026,,,,,,,,,,,,,,,,,,,,False,-0.4627594152404256,0.1236735661053632,0.4149722510199233,,0.0252954672949536,True,,,,,,,,,,
ITA-Serie A,Mattias Svanberg,Bologna,2021,MF,21,1852,20.6,0.24,0.1,0.34,2.82,0.92,0.09,0.4368932038834951,2.1359223300970873,2.1844660194174756,0.0,2021,M S,1878.0,5.155924974009395,5.155924974009395,2.7285462841391563,5.0,5.0,15.0,58.0,9.55172082502395,4.71785066369921,0.247089056262431,0.1307610040322279,0.377850060294659,0.7188498402555911,0.7987220447284344,-0.1559249740093946,-0.0074724428439007,0.0888952581725757,False,-0.8446239920801556,1.161158758514601,0.0894607726438283,-0.3076277452847553,0.0245919484483796,True,,,,,,,,,,
FRA-Ligue 1,Randal Kolo Muani,Paris Saint-Germain,2324,"FW,MF",24,1268,14.1,0.43,0.35,0.78,1.56,0.92,0.27,0.6382978723404256,1.8439716312056735,2.3404255319148937,0.425531914893617,2024,,,,,,,,,,,,,,,,,,,,False,-0.7329888567553886,0.7150490446283378,0.0894607726438283,,0.0238403201722591,True,,,,,,,,,,
GER-Bundesliga,Takuma Asano,Bochum,2324,"FW,MF",28,1986,22.1,0.27,0.05,0.32,2.95,1.09,0.09,1.7194570135746603,0.995475113122172,0.6334841628959276,1.0407239819004523,2024,F M S,2048.0,9.964158710092306,9.964158710092306,1.63044754229486,6.0,6.0,21.0,63.0,9.919001955538988,2.1510801929980516,0.4378780683146033,0.0716505267610045,0.5095285950756079,0.9228515625,1.025390625,-3.964158710092306,-0.1742061933146033,0.1581612493665445,True,-0.1337209849428597,-0.5814799253417154,0.4847247106719438,0.3184935603379754,0.022004340181336,True,,232610.0,74.0,74.0,28.0,4200000.0,RM,FC 24,"Aug 11, 2023",240001.0
GER-Bundesliga,Robert Skov,Hoffenheim,2324,MF,27,1260,14.0,0.21,0.29,0.5,2.29,0.5,0.09,5.142857142857143,1.4285714285714286,1.0714285714285714,0.0714285714285714,2024,D M S,1252.0,1.8686408773064611,1.8686408773064611,1.725373494438827,3.0,3.0,23.0,32.0,3.9314654357731342,1.8218494467437267,0.1343272196146817,0.1240284460858581,0.2583556657005399,1.6533546325878594,1.8370607028753991,1.1313591226935389,0.0813277324619956,0.0583950274158269,True,1.7638106841653989,0.0803046639876068,-0.8870736624844567,-0.8758144013888012,0.0203068210699369,True,,215449.0,74.0,75.0,27.0,4400000.0,RWB,FC 24,"Aug 11, 2023",240001.0
FRA-Ligue 1,Arnaud Kalimuendo,Rennes,2425,FW,22,2578,28.6,0.42,0.1,0.52,2.65,1.26,0.16,0.4195804195804196,1.3986013986013983,1.013986013986014,0.4195804195804196,2025,,,,,,,,,,,,,,,,,,,,False,-0.8542201699310957,0.0345095295835423,0.879988648700059,,0.0200926694508352,True,,,,,,,,,,
GER-Bundesliga,Yussuf Poulsen,RB Leipzig,1819,FW,24,2451,27.2,0.55,0.11,0.66,2.39,0.99,0.23,0.4411764705882353,1.8014705882352944,2.058823529411765,0.698529411764706,2019,,,,,,,,,,,,,,,,,,,,True,-0.8422498511931583,0.6501061340911183,0.2522165118318757,,0.0200242649099452,True,,207791.0,77.0,80.0,24.0,11500000.0,ST,FIFA 19,"Aug 21, 2018",190002.0
GER-Bundesliga,Karim Adeyemi,Dortmund,2425,"MF,FW",22,1433,15.9,0.44,0.38,0.82,2.89,1.13,0.15,1.69811320754717,1.1320754716981132,1.69811320754717,0.2515723270440251,2025,,,,,,,,,,,,,,,,,,,,True,-0.1455514886371375,-0.3727503449280738,0.5777279902079705,,0.0198087188809197,True,,251852.0,79.0,86.0,22.0,35500000.0,LM,FC 25,"Aug 7, 2024",250001.0
GER-Bundesliga,Arne Maier,Augsburg,2425,MF,25,938,10.4,0.0,0.0,0.0,1.73,0.58,0.0,6.538461538461538,0.673076923076923,0.8653846153846153,0.0,2025,M S,894.0,1.161029061302543,1.161029061302543,1.7768127704039216,0.0,0.0,22.0,18.0,3.862046368420124,2.7504778215661645,0.1168821202653566,0.1788737688326095,0.2957558890979662,2.214765100671141,2.460850111856823,-1.161029061302543,-0.1168821202653566,0.0645016145168079,True,2.5373701391511863,-1.0741143491148486,-0.7010671034124025,-0.6979792155467553,0.0160523677692949,True,,237629.0,76.0,79.0,25.0,10000000.0,CM,FC 25,"Aug 7, 2024",250001.0
GER-Bundesliga,Matúš Bero,Bochum,2425,MF,28,2565,28.5,0.18,0.07,0.25,1.12,0.46,0.16,4.315789473684211,1.1929824561403508,1.7543859649122806,0.0350877192982456,2025,,,,,,,,,,,,,,,,,,,,True,1.305381334546801,-0.2796825855208336,-0.9800769420204838,,0.0152072690018278,True,,235297.0,72.0,72.0,28.0,2300000.0,CM,FC 25,"Aug 7, 2024",250001.0
GER-Bundesliga,Mathias Honsak,Heidenheim,2425,"MF,FW",27,1181,13.1,0.38,0.08,0.46,2.21,0.76,0.17,3.5877862595419847,0.9923664122137404,1.068702290076336,0.1526717557251908,2025,,,,,,,,,,,,,,,,,,,,True,0.9018617043898066,-0.5862301166517013,-0.2825523455002802,,0.011026414079275,True,,232156.0,70.0,70.0,27.0,1700000.0,LM,FC 25,"Aug 7, 2024",250001.0
GER-Bundesliga,Jan Thielmann,Köln,2324,"FW,MF",21,1579,17.5,0.06,0.0,0.06,2.11,0.68,0.03,2.4,1.542857142857143,1.542857142857143,0.3428571428571428,2024,,,,,,,,,,,,,,,,,,,,True,0.2434922592484496,0.2549367765151056,-0.4685589045723344,,0.0099567103970735,True,,254660.0,72.0,81.0,21.0,5500000.0,RM,FC 24,"Aug 11, 2023",240001.0
GER-Bundesliga,Alassane Pléa,Gladbach,2324,"FW,MF",30,1913,21.3,0.28,0.19,0.47,2.73,0.89,0.1,2.0187793427230045,1.3615023474178405,0.704225352112676,0.2816901408450704,2024,,,,,,,,,,,,,,,,,,,,True,0.0321882215130246,-0.0221789701247752,0.0197083129918079,,0.0099058547933524,True,,206467.0,77.0,77.0,30.0,10000000.0,CAM,FC 24,"Aug 11, 2023",240001.0
GER-Bundesliga,Sven Michel,Paderborn 07,1920,FW,29,1376,15.3,0.33,0.07,0.39,2.75,1.31,0.12,1.30718954248366,0.9803921568627452,1.96078431372549,0.915032679738562,2020,,,,,,,,,,,,,,,,,,,,True,-0.3622337362998881,-0.6045271498457215,0.996242748120093,,0.0098272873248277,True,,212879.0,72.0,72.0,28.0,3200000.0,ST,FIFA 20,"Aug 20, 2019",200001.0
GER-Bundesliga,Alassane Pléa,Gladbach,2223,"MF,FW",29,1774,19.7,0.05,0.46,0.51,1.47,0.66,0.03,2.385786802030457,1.5736040609137056,1.218274111675127,0.2030456852791878,2023,,,,,,,,,,,,,,,,,,,,True,0.23561412866248,0.3019190199869707,-0.5150605443403481,,0.0074908681030341,True,,206467.0,78.0,78.0,29.0,14000000.0,CF,FIFA 23,"Sep 1, 2022",230001.0
GER-Bundesliga,Jadon Sancho,Dortmund,1920,"MF,FW",19,2287,25.4,0.67,0.63,1.3,2.05,1.1,0.33,3.0314960629921264,0.6692913385826772,0.3543307086614173,0.3543307086614173,2020,,,,,,,,,,,,,,,,,,,,True,0.5935196393946012,-1.0798988395169369,0.5079755305559506,,0.007198776811205,True,,233049.0,84.0,92.0,19.0,44500000.0,RM,FIFA 20,"Aug 20, 2019",200001.0
GER-Bundesliga,Yuya Osako,Werder Bremen,1920,"FW,MF",29,1848,20.5,0.39,0.1,0.49,2.14,0.93,0.18,0.7804878048780488,1.902439024390244,1.5121951219512195,0.2439024390243902,2020,F M S,1879.0,6.274438977241516,6.274438977241516,1.929100416600704,8.0,8.0,29.0,45.0,10.335629116743805,3.479801030829549,0.3005319361105569,0.0923997006354781,0.392931636746035,1.3890367216604578,1.5433741351782864,1.725561022758484,0.0826506077957762,0.1394319772720336,True,-0.6541754286344237,0.8043890330040647,0.1127115925278351,-0.2359160091669961,0.00675229693262,True,,191565.0,76.0,76.0,29.0,7500000.0,CF,FIFA 20,"Aug 20, 2019",200001.0
GER-Bundesliga,Tomáš Čvančara,Gladbach,2324,"FW,MF",22,896,10.0,0.3,0.1,0.4,3.62,1.31,0.08,0.4,1.3,0.9,0.4,2024,,,,,,,,,,,,,,,,,,,,True,-0.865073258920159,-0.1161564626058292,0.996242748120093,,0.0050043421980349,True,,246919.0,75.0,80.0,22.0,8500000.0,ST,FC 24,"Aug 11, 2023",240001.0
GER-Bundesliga,Lucas Alario,Leverkusen,2021,FW,27,1245,13.8,0.65,0.14,0.8,2.96,1.45,0.22,0.0,1.2318840579710144,1.3043478260869563,0.8695652173913043,2021,,,,,,,,,,,,,,,,,,,,True,-1.0867863625538807,-0.2202397325724001,1.3217542264961877,,0.0049093771233022,True,,215353.0,77.0,78.0,27.0,12500000.0,ST,FIFA 21,"Aug 24, 2020",210001.0
GER-Bundesliga,Nicolás González,Stuttgart,1819,"FW,MF",20,2162,24.0,0.08,0.12,0.21,2.41,0.46,0.03,1.9166666666666667,2.0416666666666665,1.2083333333333333,0.4166666666666667,2019,,,,,,,,,,,,,,,,,,,,True,-0.024411074308964,1.0171331843174174,-0.9800769420204838,,0.0042150559959898,True,,240690.0,70.0,82.0,20.0,3200000.0,ST,FIFA 19,"Aug 21, 2018",190002.0
GER-Bundesliga,Saša Kalajdžić,Stuttgart,2021,FW,23,2136,23.7,0.67,0.21,0.88,2.82,1.22,0.24,0.1687763713080168,1.518987341772152,1.3924050632911391,0.1265822784810126,2021,,,,,,,,,,,,,,,,,,,,True,-0.9932365297970362,0.218462980860628,0.7869853691640317,,0.0040706067425411,True,,239901.0,67.0,76.0,22.0,2300000.0,ST,FIFA 21,"Aug 24, 2020",210001.0
GER-Bundesliga,Daniel Caligiuri,Schalke 04,1819,"MF,DF",30,2756,30.6,0.1,0.1,0.2,1.67,0.49,0.06,5.88235294117647,1.2418300653594772,1.0130718954248366,0.0,2019,D M,2767.0,1.6077000154182317,6.154281265102327,5.252125505357981,3.0,7.0,60.0,50.0,9.212867179885508,6.125755585730076,0.0522923749142178,0.1708316933437724,0.2231240682579902,1.9515720997470185,2.168413444163354,1.3922999845817683,0.045286230073133,0.0321540003083646,True,2.1737004555890858,-0.2050419251096132,-0.9103244823684636,-1.0433379376022005,0.003749027627202,True,,197083.0,80.0,80.0,30.0,10500000.0,RWB,FIFA 19,"Aug 21, 2018",190002.0
GER-Bundesliga,Daniel Didavi,Stuttgart,2021,"MF,FW",30,970,10.8,0.37,0.28,0.65,2.23,0.65,0.17,3.4259259259259256,1.2037037037037035,1.4814814814814814,0.3703703703703703,2021,,,,,,,,,,,,,,,,,,,,True,0.8121453120867914,-0.2633001870502957,-0.5383113642243549,,0.0035112536040469,True,,193886.0,75.0,75.0,30.0,5500000.0,CAM,FIFA 21,"Aug 24, 2020",210001.0
GER-Bundesliga,Amine Harit,Schalke 04,1920,"MF,FW",22,2102,23.4,0.21,0.17,0.39,1.24,0.51,0.17,0.9401709401709404,2.948717948717949,0.811965811965812,0.2991452991452991,2020,F M S,2117.0,2.31464449968189,3.072421475313604,3.3410077560693026,5.0,6.0,44.0,29.0,9.375250519253314,4.974154824391007,0.0984024586544025,0.1420362295919873,0.2404386882463898,1.8705715635333016,2.0784128483703355,2.68535550031811,0.114162491747109,0.0798153275752375,True,-0.5656658198250477,2.403135647927093,-0.8638228426004498,-0.961008251206976,0.0031596835736548,True,,232097.0,76.0,83.0,22.0,11000000.0,CAM,FIFA 20,"Aug 20, 2019",200001.0
GER-Bundesliga,Karim Onisiwo,Mainz 05,2021,"FW,MF",28,1843,20.5,0.2,0.0,0.2,2.69,0.98,0.07,1.6097560975609757,1.7073170731707317,1.951219512195122,0.8292682926829268,2021,F M S,1844.0,4.838212939910591,4.838212939910591,1.95225827768445,4.0,4.0,19.0,55.0,8.310807656496763,2.171635951846838,0.2361383755921655,0.0952837554184384,0.3314221310106039,0.9273318872017354,1.030368763557484,-0.8382129399105906,-0.0409106098654843,0.0879675079983743,True,-0.1945263113450005,0.5062366457619938,0.2289656919478689,-0.5283889783061461,0.003071762014679,True,,229071.0,74.0,74.0,28.0,4300000.0,ST,FIFA 21,"Aug 24, 2020",210001.0
GER-Bundesliga,Benedict Hollerbach,Union Berlin,2324,"FW,MF",22,1282,14.2,0.35,0.0,0.35,2.39,0.7,0.15,3.098591549295775,1.4084507042253522,2.0422535211267605,0.2816901408450704,2024,F M S,1330.0,4.1453121323138475,4.1453121323138475,1.6249021347612145,5.0,5.0,14.0,34.0,6.9337903168052435,1.8773544393479824,0.2805098435400348,0.1099557835552701,0.3904656270953049,0.9473684210526316,1.0526315789473684,0.8546878676861525,0.0578360211216193,0.1219209450680543,True,0.6307095106650906,0.0495595737538924,-0.4220572648043211,-0.2476416953979518,0.0026425310541775,True,,258715.0,69.0,76.0,22.0,2900000.0,ST,FC 24,"Aug 11, 2023",240001.0
GER-Bundesliga,Krzysztof Piątek,Hertha BSC,1920,"FW,MF",24,909,10.1,0.2,0.1,0.3,2.48,0.99,0.08,0.396039603960396,1.7821782178217822,2.2772277227722775,0.99009900990099,2020,,,,,,,,,,,,,,,,,,,,True,-0.8672684381640572,0.6206267943325905,0.2522165118318757,,0.0018582893334696,True,,,,,,,,,,
GER-Bundesliga,Yussuf Poulsen,RB Leipzig,1920,FW,25,1222,13.6,0.37,0.44,0.81,2.43,0.74,0.15,0.6617647058823529,2.058823529411765,2.1323529411764706,0.0735294117647058,2020,,,,,,,,,,,,,,,,,,,,True,-0.719981595512797,1.043349402190725,-0.3290539852682939,,-0.0018953928634552,False,,207791.0,81.0,83.0,25.0,22000000.0,ST,FIFA 20,"Aug 20, 2019",200001.0
GER-Bundesliga,Ádám Szalai,Mainz 05,1920,FW,31,1147,12.7,0.08,0.08,0.16,2.35,0.86,0.03,0.5511811023622047,1.811023622047244,1.811023622047244,0.5511811023622047,2020,F S,1117.0,4.373577482998371,4.373577482998371,1.5139091685414314,1.0,1.0,14.0,30.0,5.17168078571558,1.005893299356103,0.3523920980034498,0.1219801478681547,0.4743722458716045,1.1280214861235451,1.2533572068039391,-3.373577482998371,-0.2718191347089108,0.1457859160999457,True,-0.7812761803814295,0.6647034657528585,-0.0500441466602124,0.1513278237115989,-0.0038222593942961,False,,,,,,,,,,
GER-Bundesliga,Guido Burgstaller,Schalke 04,1819,FW,29,1526,17.0,0.24,0.0,0.24,2.65,1.06,0.09,1.0588235294117647,1.411764705882353,1.411764705882353,1.7058823529411764,2019,F S,1517.0,6.108844194561243,6.108844194561243,1.4019886115565896,4.0,4.0,10.0,45.0,7.330892793834209,1.8513780869543552,0.3624231888665207,0.083176648015882,0.4455998368824028,0.5932762030323007,0.6591957811470006,-2.108844194561243,-0.1251127076536004,0.135752093212472,True,-0.4998987352881467,0.0546234709688571,0.4149722510199233,0.0145172318243283,-0.0039464453687594,False,,193584.0,79.0,79.0,29.0,12500000.0,ST,FIFA 19,"Aug 21, 2018",190002.0
GER-Bundesliga,Nadiem Amiri,Leverkusen,2021,MF,23,1890,21.0,0.1,0.29,0.38,2.0,0.67,0.05,3.1904761904761907,1.238095238095238,1.0476190476190477,0.1904761904761904,2021,,,,,,,,,,,,,,,,,,,,True,0.6816395830960428,-0.2107488568915576,-0.4918097244563412,,-0.0069729994172853,False,,225309.0,77.0,82.0,23.0,16000000.0,CAM,FIFA 21,"Aug 24, 2020",210001.0
GER-Bundesliga,Marvin Ducksch,Düsseldorf,1819,FW,24,823,9.1,0.11,0.11,0.22,1.97,1.09,0.06,2.417582417582418,0.8791208791208791,0.3296703296703296,0.4395604395604395,2019,,,,,,,,,,,,,,,,,,,,True,0.2532378901774046,-0.7592728000869062,0.4847247106719438,,-0.0071033997458526,False,,197031.0,73.0,77.0,24.0,5500000.0,ST,FIFA 19,"Aug 21, 2018",190002.0
GER-Bundesliga,Leonardo Bittencourt,Werder Bremen,2425,MF,30,982,10.9,0.18,0.09,0.27,2.47,0.82,0.07,2.110091743119266,1.743119266055046,1.3761467889908257,0.18348623853211,2025,M S,954.0,1.8689279910176992,1.8689279910176992,1.6297570504248142,2.0,2.0,14.0,27.0,5.892129752784967,3.599821927025914,0.1763139614167641,0.1537506651344164,0.3300646265511805,1.3207547169811322,1.4675052410901468,0.1310720089823007,0.0123652838662547,0.0692195552228777,True,0.082801110743275,0.5609435058064105,-0.1430474261962397,-0.5348438076064328,-0.0085366543132467,False,,203106.0,73.0,73.0,30.0,2900000.0,CAM,FC 25,"Aug 7, 2024",250001.0
GER-Bundesliga,Lucas Höler,Freiburg,2223,"FW,MF",28,1503,16.7,0.3,0.12,0.42,1.8,0.9,0.17,0.5988023952095809,2.215568862275449,1.1976047904191618,0.5389221556886228,2023,F M S,1502.0,3.603257538750768,3.603257538750768,1.6405130699276924,5.0,5.0,13.0,30.0,3.798353884369135,1.4409705605357883,0.2159075755576358,0.0982997179051213,0.3142072934627572,0.7789613848202396,0.8655126498002662,1.3967424612492323,0.0836929570655332,0.1201085846250255,True,-0.7548805187908243,1.2828611275003223,0.0429591328758147,-0.6102442068707067,-0.0098261163213484,False,,234875.0,73.0,73.0,27.0,3300000.0,ST,FIFA 23,"Sep 1, 2022",230001.0
GER-Bundesliga,Josip Brekalo,Wolfsburg,1819,"FW,MF",20,1415,15.7,0.19,0.19,0.38,1.65,0.89,0.12,3.694267515923567,1.337579617834395,1.0828025477707006,0.1273885350318471,2019,F M S,1406.0,2.4134638253599405,2.4134638253599405,1.3251617960631847,3.0,3.0,21.0,26.0,5.60271386615932,2.7633494678884745,0.1544891495607359,0.0848254350253816,0.2393145845861175,1.3442389758179232,1.4935988620199143,0.5865361746400595,0.0375449898418245,0.0928255317446131,True,0.9608824289677532,-0.0587336421648601,0.0197083129918079,-0.9663532776579143,-0.0111240444658033,False,,234711.0,75.0,83.0,20.0,10000000.0,LM,FIFA 19,"Aug 21, 2018",190002.0
GER-Bundesliga,Dani Olmo,RB Leipzig,2021,MF,22,2194,24.4,0.16,0.37,0.53,3.16,0.98,0.05,0.9836065573770492,1.557377049180328,0.8606557377049181,0.0819672131147541,2021,,,,,,,,,,,,,,,,,,,,True,-0.5415902060775158,0.2771236432706486,0.2289656919478689,,-0.011833623619666,False,,,,,,,,,,
ITA-Serie A,Rômulo,Lazio,1819,MF,31,776,8.6,0.0,0.12,0.12,0.46,0.35,0.0,5.348837209302326,0.9302325581395348,1.0465116279069768,0.2325581395348837,2019,,,,,,,,,,,,,,,,,,,,False,1.8779818837110032,-0.6811725708706725,-1.2358359607445586,,-0.0130088826347426,False,,,,,,,,,,
GER-Bundesliga,Johannes Eggestein,Werder Bremen,1819,"FW,MF",20,1113,12.4,0.32,0.08,0.4,2.75,0.97,0.12,1.4516129032258065,1.2096774193548387,1.2096774193548387,0.0806451612903225,2019,F M S,1115.0,4.529729183763266,4.529729183763266,1.666188994422555,4.0,4.0,10.0,34.0,8.301525730639696,2.806999197229743,0.3656283646086941,0.1344905914780537,0.5001189560867478,0.8071748878923767,0.8968609865470852,-0.5297291837632656,-0.0427584094517434,0.1332273289342136,True,-0.2821823574315035,-0.2541721644420782,0.2057148720638621,0.2737514506316029,-0.0142220497945291,False,,234399.0,66.0,80.0,20.0,1400000.0,ST,FIFA 19,"Aug 21, 2018",190002.0
GER-Bundesliga,Fares Chaïbi,Frankfurt,2526,MF,22,1792,19.9,0.1,0.45,0.55,1.76,0.45,0.06,4.572864321608041,1.055276381909548,0.7035175879396985,0.2512562814070352,2026,,,,,,,,,,,,,,,,,,,,True,1.4478734905451995,-0.4901017337152782,-1.0033277619044907,,-0.0151853350248564,False,,270670.0,74.0,81.0,22.0,8500000.0,CAM,FC 26,"Aug 7, 2025",260001.0
GER-Bundesliga,Dodi Lukebakio,Hertha BSC,2021,"FW,MF",22,1855,20.6,0.15,0.24,0.39,2.04,0.92,0.07,1.3592233009708736,1.5048543689320388,1.6504854368932038,0.9708737864077668,2021,,,,,,,,,,,,,,,,,,,,True,-0.3333923210800691,0.1968673604562042,0.0894607726438283,,-0.0156880626600122,False,,231416.0,77.0,83.0,22.0,17000000.0,RM,FIFA 21,"Aug 24, 2020",210001.0
GER-Bundesliga,Romano Schmid,Werder Bremen,2425,MF,24,2834,31.5,0.13,0.13,0.25,1.52,0.48,0.08,4.5396825396825395,1.3333333333333333,0.8888888888888888,0.0952380952380952,2025,M,2856.0,4.100063048303127,4.85783976316452,6.564444359391928,4.0,5.0,68.0,48.0,19.91676950454712,13.533827669918535,0.1292036674885439,0.2068627424178128,0.3360664099063568,2.142857142857143,2.380952380952381,-0.1000630483031272,-0.0031532473204767,0.0854179801729818,True,1.429481400908199,-0.0652220964519755,-0.9335753022524704,-0.5063057893435549,-0.0189054467849504,False,,239701.0,75.0,79.0,24.0,8000000.0,CAM,FC 25,"Aug 7, 2024",250001.0
GER-Bundesliga,Mijat Gaćinović,Eintracht Frankfurt,1920,MF,24,1048,11.6,0.0,0.09,0.09,2.15,0.6,0.0,1.120689655172414,2.068965517241379,1.637931034482759,0.0,2020,,,,,,,,,,,,,,,,,,,,True,-0.4656074084076775,1.0588466738399704,-0.654565463644389,,-0.0204420660706986,False,,230564.0,77.0,82.0,24.0,12000000.0,CAM,FIFA 20,"Aug 20, 2019",200001.0
GER-Bundesliga,Mathias Pereira Lage,St Pauli,2526,"MF,FW",28,2018,22.4,0.09,0.09,0.18,1.92,0.67,0.05,2.5892857142857144,1.4285714285714286,1.4285714285714286,0.6696428571428572,2026,,,,,,,,,,,,,,,,,,,,True,0.3484100672179788,0.0803046639876068,-0.4918097244563412,,-0.0210316644169185,False,,,,,,,,,,
GER-Bundesliga,Florian Neuhaus,Gladbach,2324,MF,26,1224,13.6,0.22,0.15,0.37,2.79,1.18,0.08,0.7352941176470589,1.3235294117647058,0.6617647058823529,0.0,2024,,,,,,,,,,,,,,,,,,,,True,-0.67922551028601,-0.0802027923795796,0.6939820896280046,,-0.0218154043458616,False,,234943.0,79.0,82.0,26.0,23000000.0,CM,FC 24,"Aug 11, 2023",240001.0
GER-Bundesliga,Patrick Wimmer,Wolfsburg,2425,"MF,FW",23,1770,19.7,0.15,0.2,0.36,2.14,0.51,0.07,2.233502538071066,2.030456852791878,1.7766497461928934,0.3045685279187817,2025,F M S,1815.0,4.3263805359601974,4.3263805359601974,3.0010927617549896,3.0,3.0,24.0,42.0,11.253519002348185,6.853250550106168,0.2145312662459602,0.1488145171118176,0.3633457833577778,1.1900826446280992,1.322314049586777,-1.3263805359601974,-0.0657709356674478,0.1030090603800047,True,0.1512055866699462,1.0000042413849666,-0.8638228426004498,-0.3765944666106035,-0.0223018702890351,False,,254566.0,77.0,83.0,23.0,16500000.0,RM,FC 25,"Aug 7, 2024",250001.0
GER-Bundesliga,Emil Forsberg,RB Leipzig,1920,MF,27,1141,12.7,0.24,0.16,0.39,2.13,0.79,0.11,1.8897637795275593,1.4960629921259845,0.9448818897637796,0.0787401574803149,2020,,,,,,,,,,,,,,,,,,,,True,-0.0393228808197622,0.1834338642991217,-0.2127998858482598,,-0.0228963007896334,False,,208448.0,82.0,83.0,27.0,25500000.0,CAM,FIFA 20,"Aug 20, 2019",200001.0
ITA-Serie A,Justin Kluivert,Roma,1819,"MF,FW",19,1341,14.9,0.07,0.4,0.47,1.41,0.47,0.05,4.563758389261745,1.4765100671140938,1.6778523489932886,0.1342281879194631,2019,F M S,1330.0,1.4721349123865366,1.4721349123865366,2.7935261856764555,1.0,1.0,36.0,21.0,5.598799526691437,2.475431806407869,0.0996181519660062,0.1890356065495345,0.2886537585155408,2.43609022556391,2.706766917293233,-0.4721349123865366,-0.0319489790336754,0.0701016624945969,False,1.4428262292402596,0.1535563890410875,-0.9568261221364772,-0.7317493002486293,-0.0230482010259397,False,,236920.0,75.0,86.0,19.0,11000000.0,LW,FIFA 19,"Aug 21, 2018",190002.0
GER-Bundesliga,Davie Selke,Hertha BSC,1819,"FW,MF",23,1739,19.3,0.16,0.26,0.41,2.33,1.09,0.07,1.0362694300518134,1.3471502590673574,1.450777202072539,0.7253886010362695,2019,,,,,,,,,,,,,,,,,,,,True,-0.5124000837100422,-0.0441094058182538,0.4847247106719438,,-0.023928259618784,False,,212626.0,77.0,83.0,23.0,12500000.0,ST,FIFA 19,"Aug 21, 2018",190002.0
ITA-Serie A,Randal Kolo Muani,Juventus,2425,FW,25,1160,12.9,0.54,0.08,0.62,2.02,1.09,0.27,0.6201550387596899,1.550387596899225,2.093023255813953,0.4651162790697674,2025,F M S,1175.0,4.046060346066952,4.807359151542187,1.422960128635168,7.0,8.0,17.0,26.0,6.10349890217185,1.3632007539272308,0.3099110052306601,0.1089926907039703,0.4189036959346304,1.3021276595744682,1.446808510638298,2.953939653933048,0.2262592075352973,0.1556177056179596,False,-0.7430451166101262,0.2664435436196304,0.4847247106719438,-0.1124208652095853,-0.0260744318820343,False,,,,,,,,,,
GER-Bundesliga,Arne Maier,Augsburg,2324,"MF,FW",24,1003,11.1,0.18,0.36,0.54,1.97,0.45,0.09,7.477477477477477,0.3603603603603604,0.3603603603603604,0.0,2024,M S,981.0,1.1951006520539522,1.1951006520539522,2.2151197511702776,2.0,2.0,27.0,22.0,4.211874397471547,2.5746523663401604,0.1096422616563258,0.2032219955202089,0.3128642571765348,2.477064220183486,2.752293577981652,0.8048993479460478,0.0738439768757842,0.0543227569115432,True,3.0578504846530796,-1.551954946348248,-1.0033277619044907,-0.6166302411201547,-0.0285156161799534,False,,237629.0,75.0,80.0,24.0,8500000.0,RM,FC 24,"Aug 11, 2023",240001.0
GER-Bundesliga,Simon Terodde,Schalke 04,2223,FW,34,1823,20.3,0.25,0.0,0.25,2.17,0.99,0.11,0.0985221674876847,1.773399014778325,1.8226600985221677,1.2807881773399017,2023,F S,1839.0,6.50373325869441,7.261510234326124,2.744606046937406,5.0,5.0,22.0,44.0,9.771421328186989,1.4725315291434526,0.318290371551113,0.1343200349235272,0.4526104064746403,1.0766721044045675,1.1963023382272977,-1.5037332586944103,-0.0735921660046204,0.147812119515782,True,-1.032177223727841,0.607211900061956,0.2522165118318757,0.0478519510597205,-0.0312242151935721,False,,183714.0,76.0,76.0,34.0,3600000.0,ST,FIFA 23,"Sep 1, 2022",230001.0
GER-Bundesliga,Victor Boniface,Leverkusen,2425,FW,23,1008,11.2,0.71,0.09,0.8,4.55,1.61,0.16,0.5357142857142857,0.7142857142857143,1.25,0.5357142857142857,2025,,,,,,,,,,,,,,,,,,,,True,-0.7898491701872892,-1.0111460393092602,1.6937673446402963,,-0.0357426216187509,False,,247679.0,82.0,88.0,23.0,48500000.0,ST,FC 25,"Aug 7, 2024",250001.0
GER-Bundesliga,Marius Wolf,Köln,2021,"MF,DF",25,2551,28.3,0.07,0.07,0.14,1.45,0.39,0.05,2.2614840989399294,1.9434628975265016,0.9540636042402828,0.2473498233215547,2021,,,,,,,,,,,,,,,,,,,,True,0.1667152834318252,0.8670747822652071,-1.1428326812085312,,-0.0363475385038329,False,,,,,,,,,,
GER-Bundesliga,Armindo Sieb,Mainz 05,2425,"MF,FW",21,762,8.5,0.24,0.24,0.47,3.43,0.83,0.07,0.7058823529411765,1.5294117647058822,1.5294117647058822,1.1764705882352942,2025,F M S,721.0,2.6843516025692225,2.6843516025692225,1.592657197266817,2.0,2.0,9.0,29.0,5.169475324451923,2.2326724492013454,0.3350785634275035,0.1988060301720021,0.5338845935995057,1.1234396671289877,1.248266296809986,-0.6843516025692225,-0.0854253040655062,0.0925638483644559,True,-0.6955279443767248,0.2343918221001054,-0.1197966063122328,0.4343044601243127,-0.0366570671161348,False,,259162.0,71.0,80.0,21.0,4200000.0,ST,FC 25,"Aug 7, 2024",250001.0
GER-Bundesliga,Josip Brekalo,Wolfsburg,2021,"MF,FW",22,1814,20.2,0.35,0.15,0.5,2.33,1.04,0.15,2.9207920792079207,0.7920792079207921,0.396039603960396,0.099009900990099,2021,F M S,1840.0,4.4268175438046455,4.4268175438046455,3.947897493839264,7.0,7.0,37.0,47.0,10.59905712865293,4.949749119579792,0.2165291189904446,0.193103681763877,0.4096328007543217,1.8097826086956523,2.010869565217391,2.5731824561953545,0.1258621853573814,0.0941876073149924,True,0.5321583298210676,-0.8922751706333637,0.3684706112519098,-0.1565032587769401,-0.0370373720843316,False,,234711.0,76.0,83.0,22.0,15000000.0,LM,FIFA 21,"Aug 24, 2020",210001.0
GER-Bundesliga,Alexander Bernhardsson,Holstein Kiel,2425,"FW,MF",25,1263,14.0,0.5,0.14,0.64,1.92,1.0,0.26,2.4285714285714284,1.0714285714285714,1.5,0.1428571428571428,2025,F M S,1288.0,3.981335630640387,3.981335630640387,1.6960009150207045,7.0,7.0,15.0,27.0,7.800582721829414,2.906135031953454,0.2781989182900892,0.1185093807079684,0.3967082989980576,1.0481366459627328,1.1645962732919255,3.0186643693596125,0.2109315164925194,0.1474568752089032,True,0.2593289095080011,-0.4654206876608267,0.2754673317158825,-0.2179582706178381,-0.0371456792636952,False,,255459.0,68.0,70.0,25.0,1500000.0,RM,FC 25,"Aug 7, 2024",250001.0
FRA-Ligue 1,Mathias Pereira Lage,Angers,1920,MF,22,1542,17.1,0.06,0.18,0.23,2.04,0.58,0.03,2.923976608187134,1.4035087719298245,2.1052631578947367,0.1169590643274853,2020,,,,,,,,,,,,,,,,,,,,False,0.5339234593300499,0.0420081480824534,-0.7010671034124025,,-0.0417118319999663,False,,,,,,,,,,
GER-Bundesliga,Sébastien Haller,Dortmund,2223,FW,28,1225,13.6,0.66,0.22,0.88,2.5,1.47,0.26,0.2205882352941176,1.0294117647058825,0.9558823529411764,0.3676470588235294,2023,,,,,,,,,,,,,,,,,,,,True,-0.9645181068735196,-0.5296236702077011,1.3682558662642013,,-0.0419619702723398,False,,205693.0,82.0,82.0,28.0,31000000.0,ST,FIFA 23,"Sep 1, 2022",230001.0
GER-Bundesliga,Milot Rashica,Werder Bremen,2021,"MF,FW",24,1462,16.2,0.12,0.12,0.25,2.65,0.92,0.05,3.0864197530864197,1.2962962962962965,0.925925925925926,0.2469135802469136,2021,F M S,1453.0,2.932213205844164,3.689990196377039,1.6211802242323756,2.0,3.0,19.0,43.0,6.568546002730727,2.9783032834529877,0.1816236672580693,0.1004172196702779,0.2820408869283472,1.1768754301445286,1.307639366827254,-0.932213205844164,-0.0577420430323294,0.0681910047870735,True,0.6239628938791574,-0.1218158366229241,0.0894607726438283,-0.7631929960565822,-0.0428962915391301,False,,229167.0,79.0,85.0,24.0,28000000.0,CF,FIFA 21,"Aug 24, 2020",210001.0
GER-Bundesliga,Justin Njinmah,Werder Bremen,2526,"FW,MF",24,1947,21.6,0.23,0.0,0.23,2.87,1.06,0.08,1.574074074074074,1.1574074074074074,0.3703703703703703,0.9259259259259258,2026,,,,,,,,,,,,,,,,,,,,True,-0.2143042417730314,-0.3340423622639815,0.4149722510199233,,-0.0444581176723632,False,,266183.0,73.0,80.0,24.0,6000000.0,ST,FC 26,"Aug 7, 2025",260001.0
GER-Bundesliga,Samuel Mbangula,Werder Bremen,2526,"MF,FW",21,1171,13.0,0.23,0.15,0.38,1.31,0.61,0.18,1.7692307692307692,1.7692307692307692,0.3076923076923077,0.3076923076923077,2026,,,,,,,,,,,,,,,,,,,,True,-0.1061322503278038,0.6008426917138048,-0.631314643760382,,-0.0455347341247937,False,,74566.0,72.0,84.0,21.0,6000000.0,LM,FC 26,"Aug 7, 2025",260001.0
GER-Bundesliga,Daniel Caligiuri,Schalke 04,1920,MF,31,2293,25.5,0.04,0.08,0.12,1.73,0.47,0.02,4.784313725490196,1.607843137254902,0.9803921568627452,0.0392156862745098,2020,D F M S,2306.0,2.1673430055379868,2.925119623541832,2.9795832014642656,1.0,2.0,38.0,44.0,4.575943438336253,2.0344440806657076,0.0845884087157063,0.1162890234743208,0.2008774321900271,1.4830875975715525,1.647875108412836,-1.1673430055379868,-0.0455597877269812,0.0492577955804087,True,1.565076249535732,0.3542373895209382,-0.9568261221364772,-1.149118981139465,-0.046657866054818,False,,197083.0,79.0,79.0,31.0,9000000.0,RWB,FIFA 20,"Aug 20, 2019",200001.0
ESP-La Liga,Alexander Sørloth,Real Sociedad,2223,FW,26,2386,26.5,0.45,0.11,0.57,2.38,1.06,0.19,0.3396226415094339,0.6037735849056604,1.2075471698113207,0.6415094339622641,2023,F S,2411.0,15.474885508418083,15.474885508418083,4.683027924969792,12.0,12.0,31.0,63.0,21.82136031612754,4.321957105770707,0.5776605955029562,0.1748123240345422,0.7524729195374985,1.157196184155952,1.2857735379510575,-3.474885508418083,-0.1297136855071039,0.2456331033082235,False,-0.8985393877705322,-1.180011997177832,0.4149722510199233,1.4736751385561346,-0.0474759988430765,False,,,,,,,,,,
GER-Bundesliga,Lucas Alario,Leverkusen,1920,FW,26,1174,13.0,0.46,0.08,0.54,3.76,1.46,0.12,0.3076923076923077,1.0,1.7692307692307692,1.3846153846153846,2020,,,,,,,,,,,,,,,,,,,,True,-0.9162378212971718,-0.5745657579905133,1.3450050463801946,,-0.0485995109691635,False,,215353.0,79.0,82.0,26.0,16000000.0,ST,FIFA 20,"Aug 20, 2019",200001.0
GER-Bundesliga,Christian Kofane,Leverkusen,2526,FW,19,1239,13.8,0.36,0.29,0.65,3.34,1.38,0.11,0.0,1.2318840579710144,2.1739130434782608,0.217391304347826,2026,,,,,,,,,,,,,,,,,,,,True,-1.0867863625538807,-0.2202397325724001,1.15899848730814,,-0.0493425359393802,False,,76416.0,68.0,84.0,18.0,3100000.0,ST,FC 26,"Aug 7, 2025",260001.0
GER-Bundesliga,Mario Götze,Dortmund,1819,"FW,MF",26,1674,18.6,0.38,0.38,0.75,1.56,0.91,0.24,1.5053763440860215,1.3978494623655913,1.129032258064516,0.5913978494623655,2019,,,,,,,,,,,,,,,,,,,,True,-0.2523822090936377,0.0333605477167735,0.0662099527598215,,-0.0509372362056808,False,,192318.0,82.0,85.0,26.0,27000000.0,CM,FIFA 19,"Aug 21, 2018",190002.0
GER-Bundesliga,Alassane Pléa,Gladbach,2425,MF,31,1902,21.1,0.47,0.19,0.66,1.99,0.66,0.24,2.0853080568720377,1.5639810426540284,0.8530805687203791,0.3791469194312796,2025,,,,,,,,,,,,,,,,,,,,True,0.0690639407498817,0.287214749920662,-0.5150605443403481,,-0.0529272845566014,False,,206467.0,77.0,77.0,31.0,9000000.0,ST,FC 25,"Aug 7, 2024",250001.0
GER-Bundesliga,Christoph Baumgartner,Hoffenheim,2021,"MF,FW",20,2369,26.3,0.23,0.11,0.34,2.36,0.84,0.1,0.8365019011406843,2.0152091254752853,2.623574144486692,0.0380228136882129,2021,F M S,2393.0,5.605290146544576,5.605290146544576,3.540220429189503,6.0,6.0,34.0,61.0,14.06340174935758,8.4560822006315,0.2108132524818269,0.1331466103748664,0.3439598628566933,1.2787296280819056,1.420810697868784,0.3947098534554243,0.0148449171796858,0.0918900024023701,True,-0.6231277808103564,0.976705241600243,-0.096545786428226,-0.4687730276420526,-0.052935338320098,False,,242187.0,75.0,84.0,20.0,12500000.0,CAM,FIFA 21,"Aug 24, 2020",210001.0
GER-Bundesliga,Philipp Max,Augsburg,1920,"DF,MF",25,2706,30.1,0.23,0.2,0.43,1.2,0.43,0.19,7.176079734219269,0.5647840531561461,0.4318936877076412,0.1328903654485049,2020,D M,2722.0,2.6995751983486116,3.4573481804691255,5.4739424381405115,7.0,8.0,59.0,36.0,10.657618255820124,5.777448889799416,0.0892585480717762,0.1809900144866444,0.2702485625584206,1.9507714915503307,2.1675238795003673,4.300424801651388,0.1421889170274154,0.0749881999541281,True,2.890790911938137,-1.239589209766744,-1.0498294016725045,-0.8192645915000439,-0.0544730727502888,False,,212187.0,77.0,80.0,25.0,10000000.0,LB,FIFA 20,"Aug 20, 2019",200001.0
GER-Bundesliga,Marius Bülter,Hoffenheim,2324,MF,30,1351,15.0,0.07,0.27,0.33,1.4,0.4,0.05,4.933333333333334,1.1333333333333333,0.8666666666666667,0.2666666666666666,2024,D F M S,1331.0,1.8945992104709148,1.8945992104709148,3.4703396894037724,1.0,1.0,22.0,22.0,9.166707267053424,5.122026624158025,0.1281096385742917,0.2346585815524714,0.3627682201267632,1.487603305785124,1.6528925619834711,-0.8945992104709148,-0.0604913064931497,0.0861181459304961,True,1.6476752489286874,-0.3708282933750982,-1.1195818613245243,-0.3793407353542841,-0.0555189102813048,False,,244390.0,75.0,75.0,30.0,5500000.0,LM,FC 24,"Aug 11, 2023",240001.0
ENG-Premier League,Brenden Aaronson,Leeds United,2526,"MF,FW",24,2449,27.2,0.15,0.18,0.33,1.73,0.62,0.09,1.3602941176470589,1.875,0.7352941176470589,0.1838235294117647,2026,,,,,,,,,,,,,,,,,,,,False,-0.3327987858583197,0.7624613535481486,-0.6080638238763753,,-0.0594670853955154,False,,,,,,,,,,
ESP-La Liga,Alexander Sørloth,Atlético Madrid,2526,FW,29,1980,22.0,0.59,0.0,0.59,3.09,1.59,0.19,0.4545454545454545,0.7272727272727273,1.3636363636363635,0.5,2026,,,,,,,,,,,,,,,,,,,,False,-0.834839653879197,-0.9913014810674988,1.647265704872283,,-0.0596251433581377,False,,,,,,,,,,
GER-Bundesliga,Daichi Kamada,Eintracht Frankfurt,2021,MF,23,2356,26.2,0.19,0.46,0.65,1.45,0.46,0.13,3.5877862595419847,1.1450381679389314,1.5267175572519085,0.2671755725190839,2021,D F M S,2383.0,6.00184902921319,6.00184902921319,6.787548180669546,5.0,5.0,55.0,38.0,19.099796313792467,9.384855227544904,0.226674952844812,0.2563488612086694,0.4830238140534814,2.0772135963071756,2.308015107007973,-1.00184902921319,-0.0378373531805233,0.1579433955056102,True,0.9018617043898066,-0.3529429434279432,-0.9800769420204838,0.1924653650332129,-0.0596732040063518,False,,232730.0,76.0,80.0,23.0,11000000.0,CAM,FIFA 21,"Aug 24, 2020",210001.0
GER-Bundesliga,Dodi Lukebakio,Hertha BSC,1920,"MF,FW",21,2031,22.6,0.31,0.27,0.58,1.77,0.8,0.18,2.47787610619469,1.1946902654867255,1.1504424778761062,0.4424778761061946,2020,,,,,,,,,,,,,,,,,,,,True,0.2866576422567848,-0.2770729999237569,-0.189549065964253,,-0.0599881412104084,False,,231416.0,75.0,82.0,21.0,9500000.0,ST,FIFA 20,"Aug 20, 2019",200001.0
GER-Bundesliga,Shuto Machino,Holstein Kiel,2425,"FW,MF",24,1953,21.7,0.41,0.09,0.51,2.35,1.06,0.18,1.5207373271889402,1.152073732718894,0.9216589861751152,0.4147465437788019,2025,F M S,1901.0,6.73748121317476,8.25303456094116,2.2886266466230154,9.0,11.0,26.0,49.0,12.449354909360409,6.3784140115603805,0.3189759648530922,0.1083516034697903,0.4273275683228825,1.230931088900579,1.3677012098895318,2.2625187868252397,0.1071155659201849,0.1374996165954032,True,-0.2438678809971045,-0.3421923824498899,0.4149722510199233,-0.0723659998748082,-0.0608635030754698,False,,245622.0,69.0,74.0,24.0,2100000.0,ST,FC 25,"Aug 7, 2024",250001.0
GER-Bundesliga,Joelinton,Hoffenheim,1819,"FW,MF",21,2130,23.7,0.3,0.21,0.51,2.37,1.01,0.13,0.2531645569620253,1.181434599156118,2.3628691983122363,0.1687763713080168,2019,F M S,2149.0,8.931487414985895,8.931487414985895,5.146287014707923,7.0,7.0,42.0,56.0,17.74460858106613,6.656126203015447,0.374050194206017,0.215526212807684,0.5895764070137011,1.7589576547231272,1.9543973941368076,-1.9314874149858952,-0.0808905850854958,0.1594908466961767,True,-0.946461613418614,-0.297328068798651,0.2987181515998893,0.6991147497087201,-0.0614891952271638,False,,,,,,,,,,
GER-Bundesliga,Wout Weghorst,Wolfsburg,1819,FW,25,2925,32.5,0.4,0.22,0.62,2.25,1.08,0.18,0.3692307692307692,1.2,1.1692307692307693,0.8923076923076924,2019,F S,2933.0,12.712311571463944,15.743415473029016,4.727676076814532,13.0,17.0,37.0,74.0,18.034685615450144,3.535672997124493,0.3900811597107926,0.1450701830594299,0.5351513427702226,1.1353562904875554,1.261506989430617,0.2876884285360574,0.0088278072172673,0.1717879942089722,True,-0.8821281130458299,-0.2689595610673907,0.461473890787937,0.4403277550066957,-0.0623215070796469,False,,223689.0,77.0,79.0,25.0,11000000.0,ST,FIFA 19,"Aug 21, 2018",190002.0
GER-Bundesliga,Jordi Osei-Tutu,Bochum,2223,"MF,DF",23,749,8.3,0.0,0.0,0.0,1.44,0.6,0.0,1.686746987951807,2.7710843373493974,0.9638554216867468,0.36144578313253,2023,D F M S,738.0,0.7449084091931581,0.7449084091931581,0.1610347032546997,0.0,0.0,5.0,12.0,1.6405659839510918,0.8293641693890095,0.0908424889259949,0.019638378445695,0.11048086737169,0.6097560975609757,0.6775067750677507,-0.7449084091931581,-0.0908424889259949,0.0620757007660965,True,-0.1518515881948132,2.131705985846778,-0.654565463644389,-1.5789476945438294,-0.0634146901340633,False,,233442.0,66.0,75.0,23.0,1900000.0,RW,FIFA 23,"Sep 1, 2022",230001.0
GER-Bundesliga,Ludovic Ajorque,Mainz 05,2223,"FW,MF",28,1211,13.5,0.45,0.07,0.52,2.38,1.11,0.19,0.2962962962962963,1.4074074074074074,1.7037037037037035,0.3703703703703703,2023,F M S,1243.0,4.543117884546518,4.543117884546518,1.8128424733877184,6.0,6.0,13.0,32.0,7.654449883848429,2.897698262706399,0.3289465885834164,0.1312597124737688,0.4602063010571852,0.9412711182622686,1.0458567980691875,1.4568821154534817,0.1054862352299383,0.1419724338920787,True,-0.9225544339363092,0.0479653838899218,0.5312263504399574,0.0839698456072817,-0.064848213499787,False,,,,,,,,,,
GER-Bundesliga,Takuma Asano,Bochum,2223,"MF,FW",27,1713,19.0,0.16,0.16,0.32,2.73,0.95,0.06,1.5789473684210529,1.263157894736842,0.5789473684210527,0.3684210526315789,2023,F M S,1742.0,6.078744154423475,6.078744154423475,2.3218653481453657,3.0,3.0,22.0,51.0,8.61979965120554,1.970587301068008,0.3140568162446112,0.1199586000763966,0.4340154163210079,1.1366245694603905,1.2629161882893225,-3.0787441544234753,-0.1590625567727398,0.1191910618514407,True,-0.2116030587365581,-0.1724523409864046,0.1592132322958485,-0.0405657969992334,-0.0663519911065869,False,,232610.0,73.0,73.0,27.0,3200000.0,RW,FIFA 23,"Sep 1, 2022",230001.0
ITA-Serie A,Luka Jović,Milan,2324,FW,25,877,9.7,0.62,0.1,0.72,2.26,1.33,0.27,0.1030927835051546,1.2371134020618555,0.8247422680412372,0.2061855670103093,2024,,,,,,,,,,,,,,,,,,,,False,-1.0296438100709628,-0.2122491327723781,1.0427443878881066,,-0.0663828516517447,False,,,,,,,,,,
ITA-Serie A,Krzysztof Piątek,Salernitana,2223,FW,27,2140,23.8,0.13,0.21,0.34,2.44,0.84,0.05,0.5882352941176471,1.8067226890756305,1.638655462184874,0.9663865546218487,2023,,,,,,,,,,,,,,,,,,,,False,-0.7607376807395841,0.6581315069094775,-0.096545786428226,,-0.0663839867527775,False,,,,,,,,,,
ENG-Premier League,Moussa Diaby,Aston Villa,2324,"MF,FW",24,2174,24.2,0.25,0.33,0.58,2.24,0.95,0.11,1.859504132231405,0.6198347107438017,0.6611570247933884,0.2479338842975206,2024,F M S,2233.0,6.457844961434603,6.457844961434603,8.6211255826056,6.0,6.0,46.0,54.0,17.952719137072563,6.211081475019455,0.2602803611863476,0.347470354874386,0.6077507160607337,1.8540080609046128,2.0600089565606807,-0.4578449614346027,-0.0184532228074851,0.1195897215080482,False,-0.0560952816119925,-1.1554700992493416,0.1592132322958485,0.7855321914599435,-0.0667049892763855,False,,,,,,,,,,
GER-Bundesliga,Robin Hack,Gladbach,2425,MF,25,2172,24.1,0.17,0.29,0.46,2.4,0.99,0.07,2.5311203319502074,0.871369294605809,0.7883817427385892,0.3734439834024896,2025,,,,,,,,,,,,,,,,,,,,True,0.3161699986138604,-0.7711174614058,0.2522165118318757,,-0.0675769836533545,False,,239367.0,76.0,78.0,25.0,9500000.0,LM,FC 25,"Aug 7, 2024",250001.0
ENG-Premier League,Jean-Philippe Mateta,Crystal Palace,2324,FW,26,2282,25.4,0.55,0.2,0.75,1.81,1.14,0.3,0.7874015748031497,0.8661417322834646,1.3779527559055118,0.9448818897637796,2024,F S,2303.0,10.768185935914516,12.290523625910282,3.52706278860569,14.0,16.0,32.0,46.0,15.486321330070496,2.852151058614254,0.4208149084812447,0.1378357147088632,0.5586506231901079,1.2505427702996093,1.3894919669995658,3.2318140640854836,0.1262975535248343,0.2340909986068373,False,-0.6503432451646647,-0.7791053386083514,0.6009788100919773,0.5520650260977621,-0.0691011868958191,False,,,,,,,,,,
GER-Bundesliga,Marvin Pieringer,Heidenheim,2425,FW,24,2206,24.5,0.16,0.16,0.33,2.45,0.82,0.07,0.4489795918367347,1.8775510204081631,2.0408163265306123,0.6122448979591837,2025,,,,,,,,,,,,,,,,,,,,True,-0.8379247156180707,0.766359391774209,-0.1430474261962397,,-0.0715375833467004,False,,260290.0,72.0,75.0,24.0,3200000.0,ST,FC 25,"Aug 7, 2024",250001.0
GER-Bundesliga,Ragnar Ache,Köln,2526,FW,27,1718,19.1,0.37,0.21,0.58,2.72,1.15,0.13,0.0523560209424083,1.5183246073298429,0.9424083769633508,0.5235602094240838,2026,,,,,,,,,,,,,,,,,,,,True,-1.057766322811247,0.2174503020982077,0.6242296299759841,,-0.0720287969123517,False,,235360.0,73.0,74.0,26.0,3600000.0,ST,FC 26,"Aug 7, 2025",260001.0
ENG-Premier League,Taiwo Awoniyi,Nottingham Forest,2324,FW,25,1042,11.6,0.52,0.26,0.78,1.9,0.95,0.27,0.0862068965517241,1.3793103448275863,0.7758620689655172,1.120689655172414,2024,F S,1066.0,5.060870740562677,5.060870740562677,1.6294344998896122,6.0,6.0,10.0,22.0,6.060688458383083,1.5500111253932118,0.4272780174959108,0.1375695168762336,0.5648475343721445,0.8442776735459662,0.9380863039399624,0.9391292594373226,0.0792885866316688,0.2300395791164853,False,-1.039003366081096,0.0050322016912712,0.1592132322958485,0.5815308621702804,-0.0733067674809239,False,,,,,,,,,,
GER-Bundesliga,Jonathan Burkardt,Frankfurt,2526,FW,25,1336,14.8,0.61,0.07,0.67,2.76,1.41,0.22,0.3378378378378378,1.0135135135135134,0.8108108108108107,0.1351351351351351,2026,,,,,,,,,,,,,,,,,,,,True,-0.8995286736740482,-0.5539166906308431,1.2287509469601603,,-0.0748981391149102,False,,244257.0,82.0,85.0,24.0,42000000.0,ST,FC 26,"Aug 7, 2025",260001.0
GER-Bundesliga,Yan Diomandé,RB Leipzig,2526,"FW,MF",18,2472,27.5,0.44,0.29,0.73,1.93,0.95,0.23,1.6363636363636365,1.2363636363636363,0.6909090909090909,0.2545454545454545,2026,,,,,,,,,,,,,,,,,,,,True,-0.179778211325019,-0.2133947979904592,0.1592132322958485,,-0.0779865923398766,False,,78012.0,66.0,78.0,18.0,2000000.0,LM,FC 26,"Aug 7, 2025",260001.0
GER-Bundesliga,Fabian Klos,Arminia,2021,FW,32,2709,30.1,0.13,0.07,0.2,1.79,0.7,0.07,0.9634551495016612,1.8604651162790695,1.5946843853820598,0.4651162790697674,2021,,,,,,,,,,,,,,,,,,,,True,-0.5527597840341192,0.740251600864782,-0.4220572648043211,,-0.078188482657886,False,,,,,,,,,,
GER-Bundesliga,Jeong Woo-yeong,Union Berlin,2526,"MF,FW",25,1197,13.3,0.3,0.08,0.38,1.65,0.6,0.18,2.3308270676691727,1.5037593984962403,0.9774436090225564,0.3007518796992481,2026,,,,,,,,,,,,,,,,,,,,True,0.2051508954621668,0.1951942117030663,-0.654565463644389,,-0.0847401188263852,False,,,,,,,,,,
GER-Bundesliga,Finn Porath,Holstein Kiel,2425,MF,27,1970,21.9,0.09,0.14,0.23,1.32,0.55,0.07,3.8356164383561646,1.6894977168949772,1.4155251141552512,0.0,2025,D F M S,1929.0,2.533776681870222,2.533776681870222,2.0393906868994236,2.0,2.0,22.0,29.0,6.645405821502209,2.6454396676272154,0.1182166414558424,0.0951504208506729,0.2133670623065153,1.026438569206843,1.1404872991187145,-0.5337766818702221,-0.0249040442552203,0.0873716097196628,True,1.0392296996872867,0.4790081172467362,-0.7708195630644227,-1.089731750500171,-0.0855783741576426,False,,229472.0,70.0,70.0,27.0,1700000.0,RM,FC 25,"Aug 7, 2024",250001.0
GER-Bundesliga,Marco Grüll,Werder Bremen,2526,"MF,FW",27,2006,22.3,0.13,0.04,0.18,1.93,0.58,0.07,3.094170403587444,1.2556053811659191,1.4798206278026906,0.0896860986547085,2026,,,,,,,,,,,,,,,,,,,,True,0.6282589458235632,-0.1839928157345047,-0.7010671034124025,,-0.0856003244411146,False,,256548.0,75.0,75.0,26.0,6000000.0,LM,FC 26,"Aug 7, 2025",260001.0
GER-Bundesliga,Ondrej Duda,Hertha BSC,1819,MF,23,2563,28.5,0.39,0.18,0.56,1.9,0.7,0.2,1.7894736842105263,1.543859649122807,2.701754385964912,0.2105263157894736,2019,,,,,,,,,,,,,,,,,,,,True,-0.094911951560915,0.2564686371513114,-0.4220572648043211,,-0.0868335264046415,False,,222148.0,73.0,80.0,23.0,5500000.0,CAM,FIFA 19,"Aug 21, 2018",190002.0
ITA-Serie A,Rômulo,Genoa,1819,MF,31,1351,15.0,0.0,0.13,0.13,0.87,0.2,0.0,6.733333333333333,1.2666666666666666,1.2666666666666666,0.2666666666666666,2019,D M S,2141.0,1.274153096601367,2.0354121159762144,3.031920412555337,0.0,1.0,36.0,17.0,4.6714080441743135,2.4235683791339397,0.0535608494601228,0.1274511149602897,0.1810119644204126,1.5133115366651098,1.681457262961233,-1.274153096601367,-0.0535608494601228,0.0749501821530215,False,2.645384215280435,-0.1670908287596831,-1.58459825900466,-1.243577752551288,-0.0874706562587989,False,,,,,,,,,,
GER-Bundesliga,Ritsu Doan,Freiburg,2324,MF,25,2246,25.0,0.28,0.08,0.36,1.48,0.76,0.19,2.44,1.4,1.04,0.08,2024,D M S,2264.0,5.619689551182091,5.619689551182091,3.5378279890865088,7.0,7.0,31.0,37.0,10.873915130272508,3.092355154454708,0.2233975528296767,0.1406380384354177,0.3640355912650945,1.232332155477032,1.3692579505300353,1.3803104488179088,0.0548709984070723,0.1518835013832997,True,0.2656635696118218,0.0366466358557319,-0.2825523455002802,-0.3733144830637292,-0.0883891557741139,False,,232639.0,78.0,81.0,25.0,18500000.0,RM,FC 24,"Aug 11, 2023",240001.0
GER-Bundesliga,Niclas Füllkrug,Dortmund,2324,FW,30,2212,24.6,0.37,0.33,0.69,2.16,1.1,0.17,0.2032520325203252,1.5040650406504064,1.056910569105691,0.4471544715447154,2024,,,,,,,,,,,,,,,,,,,,True,-0.9741272651790222,0.1956612423848364,0.5079755305559506,,-0.090163497412745,False,,,,,,,,,,
ENG-Premier League,Sébastien Haller,West Ham United,1920,FW,25,2266,25.2,0.28,0.04,0.32,2.22,1.07,0.13,0.3174603174603174,1.507936507936508,1.8253968253968256,0.7142857142857143,2020,,,,,,,,,,,,,,,,,,,,False,-0.9108235818921968,0.2015769643539252,0.4382230709039301,,-0.0903411822114471,False,,205693.0,83.0,85.0,25.0,32000000.0,ST,FIFA 20,"Aug 20, 2019",200001.0
GER-Bundesliga,Patrik Schick,Leverkusen,2526,FW,29,1988,22.1,0.54,0.14,0.68,3.26,1.54,0.17,0.0,0.9049773755656108,0.995475113122172,0.2714932126696832,2026,,,,,,,,,,,,,,,,,,,,True,-1.0867863625538807,-0.7197632723657529,1.531011605452249,,-0.0918460098224615,False,,234236.0,85.0,85.0,29.0,54000000.0,ST,FC 26,"Aug 7, 2025",260001.0
GER-Bundesliga,Karim Onisiwo,Mainz 05,2324,"FW,MF",31,1493,16.6,0.06,0.18,0.24,1.99,0.42,0.03,1.2650602409638554,2.650602409638554,1.867469879518072,0.9036144578313252,2024,F M S,1513.0,2.4827874237671494,2.4827874237671494,1.9092329498380425,1.0,1.0,16.0,33.0,5.308682337403297,2.115310536697507,0.1476872889220379,0.1135697062031882,0.2612569951252262,0.9517514871116988,1.0575016523463316,-1.4827874237671494,-0.0882028209775568,0.0752359825383984,True,-0.3855852817845801,1.947605867218391,-1.073080221556511,-0.86201880311268,-0.0932696098088451,False,,229071.0,76.0,76.0,31.0,6500000.0,ST,FC 24,"Aug 11, 2023",240001.0
GER-Bundesliga,Ilyas Ansah,Union Berlin,2526,"MF,FW",20,1892,21.0,0.24,0.05,0.29,1.57,0.57,0.15,0.9047619047619048,2.047619047619047,1.0,0.4285714285714285,2026,,,,,,,,,,,,,,,,,,,,True,-0.5852924376680816,1.0262286068448911,-0.7243179232964093,,-0.0944605847065332,False,,276372.0,69.0,80.0,20.0,3100000.0,ST,FC 26,"Aug 7, 2025",260001.0
GER-Bundesliga,Lars Stindl,Gladbach,1920,"MF,FW",30,1432,15.9,0.44,0.19,0.63,2.14,0.94,0.21,1.0062893081761006,1.4465408805031446,1.320754716981132,0.1886792452830188,2020,,,,,,,,,,,,,,,,,,,,True,-0.5290175483809959,0.1077625433158297,0.1359624124118417,,-0.0950975308844415,False,,187072.0,80.0,80.0,30.0,14500000.0,CF,FIFA 20,"Aug 20, 2019",200001.0
GER-Bundesliga,Florian Niederlechner,Hertha BSC,2223,FW,31,781,8.7,0.12,0.0,0.12,2.3,0.81,0.05,0.4597701149425288,1.8390804597701151,0.9195402298850576,1.149425287356322,2023,,,,,,,,,,,,,,,,,,,,True,-0.8319437146990282,0.7075751831237375,-0.1662982460802462,,-0.0968889258851789,False,,,,,,,,,,
GER-Bundesliga,Renato Steffen,Wolfsburg,1920,"MF,FW",27,1585,17.6,0.34,0.17,0.51,1.65,0.57,0.21,2.1590909090909087,1.6477272727272725,1.875,0.2272727272727272,2020,D F M S,1600.0,4.36342644225806,4.36342644225806,2.784995010122657,6.0,6.0,25.0,29.0,9.012082893401384,2.555261126719415,0.2454427373770158,0.1566559693193994,0.4020987066964153,1.40625,1.5625,1.63657355774194,0.0920572626229841,0.1504629807675193,True,0.109960503650867,0.4151815843173269,-0.7243179232964093,-0.1923272965828597,-0.0978757829777687,False,,210537.0,76.0,76.0,27.0,8000000.0,RW,FIFA 20,"Aug 20, 2019",200001.0
GER-Bundesliga,Mattias Svanberg,Wolfsburg,2324,MF,24,1715,19.1,0.05,0.16,0.21,2.2,0.58,0.02,2.827225130890052,1.7277486910994764,2.1989528795811517,0.1047120418848167,2024,M S,1764.0,2.8561502965167165,2.8561502965167165,2.828930059447885,1.0,1.0,26.0,42.0,8.328636918216944,4.603605476208031,0.1457219539039141,0.1443331662983614,0.2900551202022755,1.326530612244898,1.473922902494331,-1.8561502965167165,-0.0947015457406487,0.0680035784884932,True,0.4802957835483408,0.5374567910229436,-0.7010671034124025,-0.7250859332054918,-0.1021001155116524,False,,228946.0,76.0,80.0,24.0,10500000.0,CM,FC 24,"Aug 11, 2023",240001.0
GER-Bundesliga,Erling Haaland,Dortmund,1920,FW,19,1063,11.8,1.1,0.17,1.27,2.79,1.61,0.39,0.5084745762711864,0.5932203389830508,0.847457627118644,0.2542372881355932,2020,,,,,,,,,,,,,,,,,,,,True,-0.8049476714940651,-1.1961376839358475,1.6937673446402963,,-0.1024393369298721,False,,,,,,,,,,
GER-Bundesliga,Ansgar Knauff,Frankfurt,2526,"MF,FW",23,1326,14.7,0.27,0.07,0.34,2.31,0.95,0.12,2.653061224489796,0.8163265306122449,1.7687074829931977,0.4761904761904762,2026,,,,,,,,,,,,,,,,,,,,True,0.3837597329759064,-0.8552245102668505,0.1592132322958485,,-0.1040838483316985,False,,257540.0,77.0,81.0,23.0,15000000.0,RM,FC 26,"Aug 7, 2025",260001.0
GER-Bundesliga,Jean Mattéo Bahoya,Frankfurt,2526,"MF,FW",20,1331,14.8,0.2,0.27,0.47,1.96,0.61,0.1,2.22972972972973,1.4864864864864864,0.8783783783783783,0.2027027027027027,2026,,,,,,,,,,,,,,,,,,,,True,0.1491143840530141,0.1688006669576228,-0.631314643760382,,-0.1044665309165816,False,,269728.0,75.0,86.0,20.0,12500000.0,LM,FC 26,"Aug 7, 2025",260001.0
GER-Bundesliga,Maximilian Philipp,Wolfsburg,2021,MF,26,1111,12.3,0.49,0.16,0.65,2.43,1.3,0.2,1.3008130081300813,0.975609756097561,1.3008130081300813,0.4878048780487805,2021,M S,1129.0,3.5855443216860294,3.5855443216860294,0.8755121044814587,6.0,6.0,14.0,30.0,5.242055645212531,1.3832858875393867,0.2858272709935718,0.0697928161234112,0.3556200871169831,1.1160318866253325,1.2400354295837024,2.4144556783139706,0.1924721089887133,0.1195181440562009,True,-0.3657681393547857,-0.6118348063957723,0.9729919282360862,-0.4133295580602302,-0.1044851438936755,False,,,,,,,,,,
ENG-Premier League,Taiwo Awoniyi,Nottingham Forest,2223,FW,24,1404,15.6,0.64,0.06,0.71,2.24,0.96,0.29,0.1923076923076923,1.217948717948718,1.6025641025641026,0.8974358974358975,2023,F S,1426.0,8.0510318800807,8.0510318800807,1.02802275121212,10.0,10.0,10.0,35.0,7.681166335940361,0.7168999258428812,0.5081296418003247,0.0648822213247481,0.5730118631250728,0.6311360448807853,0.7012622720897616,1.9489681199193,0.1230064030804607,0.23002948228802,False,-0.9801935242684376,-0.241533363907623,0.1824640521798553,0.6203516174803267,-0.1047278046289696,False,,,,,,,,,,
ENG-Premier League,Matheus Cunha,Wolves,2223,FW,23,965,10.7,0.19,0.0,0.19,2.42,0.65,0.08,0.7476635514018692,1.9626168224299068,1.869158878504673,0.2803738317757009,2023,,,,,,,,,,,,,,,,,,,,False,-0.6723693464160831,0.8963425729946104,-0.5383113642243549,,-0.1047793792152758,False,,,,,,,,,,
GER-Bundesliga,Jakub Kamiński,Köln,2526,"MF,FW",23,3016,33.5,0.21,0.09,0.3,1.85,0.75,0.11,3.4328358208955225,0.835820895522388,0.417910447761194,0.208955223880597,2026,,,,,,,,,,,,,,,,,,,,True,0.8159753477355224,-0.8254365166587485,-0.3058031653842871,,-0.1050881114358377,False,,252495.0,74.0,79.0,23.0,6500000.0,LM,FC 26,"Aug 7, 2025",260001.0
GER-Bundesliga,Kevin Behrens,Union Berlin,2324,FW,32,1262,14.0,0.29,0.0,0.29,2.92,0.93,0.1,0.4285714285714285,1.4285714285714286,1.5714285714285714,0.5714285714285714,2024,F S,1916.0,8.321831177920103,8.321831177920103,2.096348625607789,5.0,5.0,24.0,52.0,11.046282581984997,3.755228543654084,0.3909002119064766,0.0984714907644577,0.4893717026709344,1.1273486430062631,1.2526096033402925,-3.321831177920103,-0.1560359112801718,0.1600352149600019,True,-0.8492366086606075,0.0803046639876068,0.1127115925278351,0.2226490871996168,-0.1083928162363871,False,,244706.0,74.0,74.0,32.0,3400000.0,ST,FC 24,"Aug 11, 2023",240001.0
GER-Bundesliga,Florian Niederlechner,Augsburg,2223,"FW,MF",31,910,10.1,0.4,0.1,0.49,2.77,1.48,0.14,0.297029702970297,1.188118811881188,1.3861386138613865,0.7920792079207921,2023,F M S,1721.0,5.472676767036319,5.472676767036319,0.501115882769227,5.0,5.0,9.0,48.0,6.477931981906295,2.1252606473863125,0.286194601413869,0.0262059438984488,0.3124005453123178,0.4706565950029052,0.5229517722254503,-0.4726767670363188,-0.0247187153011439,0.1140140993132566,True,-0.9221479192615132,-0.2871143846469822,1.3915066861482082,-0.6188351553709038,-0.1091476932827977,False,,211899.0,74.0,74.0,31.0,3600000.0,ST,FIFA 23,"Sep 1, 2022",230001.0
GER-Bundesliga,Fisnik Asllani,Hoffenheim,2526,"FW,MF",22,2335,25.9,0.39,0.27,0.66,2.81,1.08,0.14,0.3861003861003861,1.4285714285714286,1.003861003861004,0.5405405405405406,2026,,,,,,,,,,,,,,,,,,,,True,-0.8727775752626437,0.0803046639876068,0.461473890787937,,-0.1103330068290332,False,,265577.0,73.0,79.0,22.0,4900000.0,ST,FC 26,"Aug 7, 2025",260001.0
GER-Bundesliga,Renato Steffen,Wolfsburg,2021,MF,28,1566,17.4,0.29,0.23,0.52,1.72,0.8,0.17,2.6436781609195403,1.0344827586206895,1.781609195402299,0.2298850574712644,2021,D M S,1594.0,4.376282874494791,4.376282874494791,3.0528148664161563,5.0,5.0,22.0,30.0,11.86967140249908,5.752101473510265,0.2470925085975728,0.1723672132857302,0.4194597218833031,1.2421580928481806,1.3801756587202008,0.623717125505209,0.0352161488679227,0.145876095816493,True,0.3785588626115216,-0.5218750343830784,-0.189549065964253,-0.1097770045870304,-0.11066056058071,False,,210537.0,78.0,78.0,28.0,14000000.0,RM,FIFA 21,"Aug 24, 2020",210001.0
GER-Bundesliga,Oscar Vilhelmsson,Darmstadt 98,2324,FW,19,1374,15.3,0.26,0.07,0.33,1.83,0.72,0.14,0.7843137254901961,1.830065359477124,2.0915032679738563,0.457516339869281,2024,,,,,,,,,,,,,,,,,,,,True,-0.6520547868014852,0.69379983054663,-0.3755556250363075,,-0.1112701937637209,False,,257264.0,66.0,79.0,19.0,2000000.0,ST,FC 24,"Aug 11, 2023",240001.0
ENG-Premier League,Fábio Silva,Wolves,2021,FW,18,1369,15.2,0.2,0.2,0.39,3.16,1.12,0.06,0.3289473684210526,1.381578947368421,1.3157894736842106,0.3289473684210526,2021,,,,,,,,,,,,,,,,,,,,False,-0.9044565075919386,0.0084986966654444,0.5544771703239642,,-0.1138268802008433,False,,,,,,,,,,
ENG-Premier League,Kai Havertz,Chelsea,2223,"FW,MF",23,2569,28.5,0.21,0.04,0.25,2.49,1.16,0.08,0.5263157894736842,0.8771929824561403,2.070175438596491,0.9824561403508772,2023,F M S,2613.0,12.015389770269394,12.77656376361847,3.5748752877116203,6.0,7.0,38.0,71.0,17.850972719490528,5.238859623670578,0.4138480977130675,0.1231300328718124,0.5369781305848799,1.3088404133180251,1.454267125908917,-6.015389770269394,-0.2071890850839056,0.1692308418347801,False,-0.7950585946147732,-0.7622186859257642,0.6474804498599909,0.449013990569019,-0.1151957100278819,False,,,,,,,,,,
GER-Bundesliga,Marcel Sabitzer,Dortmund,2324,MF,29,1961,21.8,0.14,0.14,0.28,2.16,0.92,0.06,1.4220183486238531,1.2844036697247705,0.6880733944954128,0.0458715596330275,2024,,,,,,,,,,,,,,,,,,,,True,-0.2985861088101453,-0.1399881385126785,0.0894607726438283,,-0.1163711582263318,False,,204923.0,80.0,80.0,29.0,20500000.0,CM,FC 24,"Aug 11, 2023",240001.0
ENG-Premier League,Benjamin Šeško,Manchester Utd,2526,FW,22,1643,18.3,0.6,0.05,0.66,3.34,1.86,0.18,0.1092896174863388,0.3278688524590163,0.9289617486338796,0.3825136612021858,2026,,,,,,,,,,,,,,,,,,,,False,-1.0262090118342848,-1.601602977158385,2.2750378417404664,,-0.1175913824174011,False,,,,,,,,,,
ITA-Serie A,Patrik Schick,Roma,1819,"FW,MF",22,1314,14.6,0.21,0.0,0.21,2.33,0.96,0.09,0.2054794520547945,1.3013698630136987,1.8493150684931507,0.6164383561643836,2019,F M S,1316.0,5.993462722748518,5.993462722748518,1.806125164963305,3.0,3.0,18.0,34.0,8.583720074035227,2.378971017897129,0.409887268273075,0.1235191982117761,0.5334064664848511,1.231003039513678,1.3677811550151977,-2.993462722748518,-0.2047200950207953,0.1762783153749564,False,-0.9728926449338184,-0.1140632694762187,0.1824640521798553,0.432031002466395,-0.1181152149409466,False,,234236.0,77.0,87.0,22.0,14500000.0,ST,FIFA 19,"Aug 21, 2018",190002.0
GER-Bundesliga,Mark Uth,Schalke 04,1819,"FW,MF",26,1407,15.6,0.13,0.06,0.19,2.49,0.96,0.05,0.576923076923077,1.5384615384615383,1.6666666666666667,0.7051282051282052,2019,F M S,1407.0,4.775467859581113,4.775467859581113,1.6421177284792066,2.0,2.0,13.0,39.0,6.346375375986099,0.5594970881938934,0.3054670272653164,0.1050395135487765,0.4105065408140929,0.8315565031982942,0.9239516702203268,-2.775467859581113,-0.1775352575425019,0.1224478938354131,True,-0.7670078476975514,0.2482201568025095,0.1824640521798553,-0.1523486919911772,-0.1221680826765909,False,,200318.0,80.0,81.0,26.0,17500000.0,ST,FIFA 19,"Aug 21, 2018",190002.0
GER-Bundesliga,Christoph Baumgartner,RB Leipzig,2425,"MF,FW",24,1610,17.9,0.11,0.06,0.17,2.18,0.84,0.05,0.782122905027933,1.6201117318435756,2.458100558659218,0.223463687150838,2025,,,,,,,,,,,,,,,,,,,,True,-0.6532691208119668,0.3729841821901188,-0.096545786428226,,-0.125610241683358,False,,242187.0,80.0,84.0,24.0,30000000.0,CAM,FC 25,"Aug 7, 2024",250001.0
GER-Bundesliga,Leonardo Bittencourt,Werder Bremen,2223,MF,28,1629,18.1,0.17,0.11,0.28,1.38,0.5,0.12,2.707182320441989,2.209944751381215,2.3756906077348066,0.1657458563535911,2023,D M S,1672.0,1.257541323080659,1.257541323080659,1.8335773339495065,3.0,3.0,15.0,25.0,6.353984758257866,3.5570593550801277,0.0676906214576909,0.0986973445307748,0.1663879659884658,0.8074162679425837,0.8971291866028708,1.742458676919341,0.0937926321308257,0.0503016529232263,True,0.4137581233649542,1.2742673117930188,-0.8870736624844567,-1.3131137403785156,-0.1280404919262498,False,,203106.0,75.0,75.0,28.0,5500000.0,CAM,FIFA 23,"Sep 1, 2022",230001.0
GER-Bundesliga,Kenan Karaman,Düsseldorf,1920,"FW,MF",25,1354,15.0,0.4,0.07,0.47,2.13,0.73,0.19,1.2666666666666666,1.6,0.8,0.5333333333333333,2020,,,,,,,,,,,,,,,,,,,,True,-0.384694867713762,0.342252832778855,-0.3523048051523006,,-0.1315822800290692,False,,212240.0,73.0,76.0,25.0,5000000.0,LM,FIFA 20,"Aug 20, 2019",200001.0
GER-Bundesliga,Nicolai Müller,Hannover 96,1819,"MF,FW",30,899,10.0,0.3,0.0,0.3,2.0,0.8,0.15,1.8,1.3,1.3,0.1,2019,,,,,,,,,,,,,,,,,,,,True,-0.0890773962021329,-0.1161564626058292,-0.189549065964253,,-0.131594308257405,False,,,,,,,,,,
GER-Bundesliga,Ruben Vargas,Augsburg,2324,"MF,FW",24,1962,21.8,0.18,0.23,0.41,2.25,0.78,0.08,2.8899082568807337,1.2844036697247705,1.5137614678899085,0.7798165137614679,2024,D F M S,2017.0,4.296662529930472,4.296662529930472,2.4807538092136383,4.0,4.0,28.0,49.0,8.264652723446488,3.8526919959113,0.1917201922130602,0.1106930306540542,0.3024132228671145,1.249380267724343,1.3882002974714922,-0.2966625299304724,-0.0132372968238683,0.0876869904067443,True,0.5150399595704849,-0.1399881385126785,-0.2360507057322666,-0.6663241054831482,-0.1318307475394021,False,,238581.0,74.0,77.0,24.0,6000000.0,LM,FC 24,"Aug 11, 2023",240001.0
ENG-Premier League,Justin Kluivert,Bournemouth,2324,MF,24,1916,21.3,0.33,0.05,0.38,2.63,0.94,0.13,1.3145539906103283,1.3145539906103283,2.44131455399061,0.2347417840375587,2024,M S,2029.0,7.296913180500269,7.296913180500269,1.6692864689975977,7.0,7.0,21.0,56.0,11.757105719298124,4.571535241790116,0.3236679084499873,0.0740442494873256,0.3977121579373129,0.9314933464760966,1.0349926071956628,-0.2969131805002689,-0.0131701262912884,0.1303020210803619,False,-0.3581517496731052,-0.0939175140034425,0.1359624124118417,-0.2131849985674377,-0.1323229624580359,False,,,,,,,,,,
ENG-Premier League,Georginio Rutter,Brighton,2526,"MF,FW",23,1786,19.8,0.15,0.15,0.3,2.12,0.71,0.07,1.0101010101010102,1.7171717171717171,1.5151515151515151,0.5555555555555556,2026,,,,,,,,,,,,,,,,,,,,False,-0.5269047877212502,0.521294847137856,-0.3988064449203143,,-0.1348054618345694,False,,,,,,,,,,
GER-Bundesliga,Ihlas Bebou,Hoffenheim,2324,"FW,MF",29,1636,18.2,0.39,0.28,0.66,2.09,0.77,0.18,1.9230769230769231,1.153846153846154,1.3186813186813189,0.3846153846153846,2024,D F M S,1615.0,5.354578691534698,5.354578691534698,2.886668909341097,7.0,7.0,15.0,38.0,12.528125173412263,4.379570780321956,0.2983975741412525,0.1608669980437763,0.4592645721850288,0.8359133126934986,0.9287925696594428,1.645421308465302,0.0916953051157134,0.1409099655667025,True,-0.0208579796994493,-0.3394840680496495,-0.2593015256162734,0.0794919972475771,-0.1350378940294488,False,,216258.0,77.0,77.0,29.0,10500000.0,ST,FC 24,"Aug 11, 2023",240001.0
GER-Bundesliga,Luca Pfeiffer,Darmstadt 98,2324,"FW,MF",26,1619,18.0,0.06,0.22,0.28,2.67,1.06,0.02,0.2777777777777778,1.4444444444444444,1.5555555555555556,0.0555555555555555,2024,,,,,,,,,,,,,,,,,,,,True,-0.9328189294749072,0.1045591240608704,0.4149722510199233,,-0.1377625181313711,False,,,,,,,,,,
ITA-Serie A,Ondrej Duda,Hellas Verona,2223,MF,27,1061,11.8,0.0,0.0,0.0,1.1,0.34,0.0,1.1864406779661016,2.2033898305084745,1.4406779661016949,0.0,2023,,,,,,,,,,,,,,,,,,,,False,-0.4291627500809774,1.2642511895977673,-1.2590867806285653,,-0.1413327803705918,False,,,,,,,,,,
GER-Bundesliga,Stevan Jovetić,Hertha BSC,2223,FW,32,892,9.9,0.4,0.2,0.61,2.72,0.61,0.15,0.8080808080808081,1.9191919191919191,0.8080808080808081,0.6060606060606061,2023,,,,,,,,,,,,,,,,,,,,True,-0.6388811026877762,0.8299879753430304,-0.631314643760382,,-0.1467359237017093,False,,181820.0,77.0,77.0,32.0,8500000.0,ST,FIFA 23,"Sep 1, 2022",230001.0
GER-Bundesliga,Yuya Kubo,Nürnberg,1819,"FW,MF",24,1357,15.1,0.07,0.0,0.07,1.99,0.73,0.03,1.390728476821192,1.52317880794702,1.3245033112582782,0.3311258278145695,2019,,,,,,,,,,,,,,,,,,,,True,-0.3159295452843184,0.2248676710467944,-0.3523048051523006,,-0.1477888931299415,False,,,,,,,,,,
GER-Bundesliga,Ruben Vargas,Augsburg,2021,"MF,FW",21,1612,17.9,0.33,0.17,0.5,2.12,0.73,0.16,1.0614525139664803,1.7318435754189945,1.5083798882681565,0.558659217877095,2021,F M S,1613.0,3.886008986271918,3.886008986271918,2.9152337135747075,6.0,6.0,25.0,38.0,7.051700482144952,1.281101660337299,0.2168262918564616,0.1626602816005726,0.3794865734570343,1.3949163050216988,1.549907005579665,2.113991013728082,0.117953621348746,0.1022633943755767,True,-0.4984415344755689,0.5437139011415839,-0.3523048051523006,-0.299846251060205,-0.1517196723866226,False,,238581.0,74.0,83.0,21.0,9500000.0,LM,FIFA 21,"Aug 24, 2020",210001.0
ENG-Premier League,Sébastien Haller,West Ham United,2021,FW,26,937,10.4,0.29,0.0,0.29,2.4,1.06,0.12,0.1923076923076923,1.4423076923076923,2.3076923076923075,1.0576923076923077,2021,,,,,,,,,,,,,,,,,,,,False,-0.9801935242684376,0.1012941005894695,0.4149722510199233,,-0.1546423908863482,False,,205693.0,81.0,83.0,26.0,32500000.0,ST,FIFA 21,"Aug 24, 2020",210001.0
GER-Bundesliga,Rayan Philippe,Hamburger SV,2526,"FW,MF",24,1285,14.3,0.35,0.0,0.35,2.73,1.12,0.13,2.167832167832168,0.6293706293706294,1.6783216783216783,0.1398601398601398,2026,,,,,,,,,,,,,,,,,,,,True,0.114805632663842,-1.1408989201207758,0.5544771703239642,,-0.1572053723776565,False,,251961.0,72.0,77.0,24.0,3600000.0,ST,FC 26,"Aug 7, 2025",260001.0
GER-Bundesliga,Moritz Broschinski,Bochum,2425,"FW,MF",23,1390,15.4,0.06,0.19,0.26,2.46,0.78,0.03,1.818181818181818,1.1688311688311688,1.818181818181818,0.3246753246753247,2025,F M S,1342.0,4.342191630974412,4.342191630974412,2.26239719055593,1.0,1.0,11.0,37.0,8.05997022241354,1.6537080090492964,0.2912051019282392,0.1517255940015154,0.4429306959297547,0.7377049180327868,0.819672131147541,-3.342191630974412,-0.2241410184707131,0.117356530566876,True,-0.0789995278551456,-0.3165865008476176,-0.2360507057322666,0.0018256718753721,-0.1574527656399144,False,,243960.0,69.0,76.0,23.0,2800000.0,ST,FC 25,"Aug 7, 2024",250001.0
GER-Bundesliga,Andrej Ilic,Union Berlin,2526,FW,25,2257,25.1,0.2,0.4,0.6,2.83,1.04,0.07,0.7171314741035856,1.2749003984063745,1.5139442231075697,0.6374501992031872,2026,,,,,,,,,,,,,,,,,,,,True,-0.689292750461551,-0.1545094315423965,0.3684706112519098,,-0.1584438569173459,False,,277799.0,72.0,75.0,25.0,3100000.0,ST,FC 26,"Aug 7, 2025",260001.0
GER-Bundesliga,Aymen Barkok,Eintracht Frankfurt,2021,"MF,FW",22,977,10.9,0.18,0.28,0.46,1.75,0.55,0.11,3.761467889908257,0.6422018348623852,2.110091743119266,0.091743119266055,2021,D F M S,951.0,2.0234119072556496,2.0234119072556496,3.198934099636972,2.0,2.0,26.0,19.0,6.219773769378662,3.1459713373333216,0.1914900858601561,0.3027382428678522,0.4942283287280083,2.460567823343849,2.7339642481598316,-0.0234119072556495,-0.0022156379106292,0.106495363539771,True,0.9981304376714843,-1.1212924405594027,-0.7708195630644227,0.2457419705828885,-0.1620598988423631,False,,236624.0,69.0,79.0,22.0,3100000.0,CM,FIFA 21,"Aug 24, 2020",210001.0
GER-Bundesliga,Christoph Baumgartner,Hoffenheim,2223,"MF,FW",22,2567,28.5,0.25,0.11,0.35,2.28,0.7,0.11,0.9824561403508772,1.7543859649122806,2.3157894736842106,0.3157894736842105,2023,F M,2628.0,7.250016514211893,7.250016514211893,4.0532108983024955,7.0,7.0,23.0,65.0,14.899143129587172,5.3768909545615315,0.2482882367880785,0.1388085924076197,0.3870968291956982,0.7876712328767124,0.8751902587519025,-0.2500165142118931,-0.0085622093908182,0.1115387156032599,True,-0.5422278624008801,0.5781593707545986,-0.4220572648043211,-0.2636600703197997,-0.1624464566926005,False,,242187.0,78.0,84.0,22.0,22500000.0,CAM,FIFA 23,"Sep 1, 2022",230001.0
ENG-Premier League,Leon Bailey,Aston Villa,2425,MF,26,1139,12.7,0.08,0.16,0.24,2.21,0.47,0.04,2.677165354330709,1.4173228346456694,0.9448818897637796,0.2362204724409449,2025,M S,1152.0,2.867841899394989,2.867841899394989,2.372280452400446,1.0,1.0,16.0,28.0,6.292120710015297,2.2766535691916943,0.2240501483902335,0.1853344103437848,0.4093845587340183,1.25,1.3888888888888888,-1.867841899394989,-0.1459251483902335,0.1024229249783924,False,0.3971202365694538,0.0631164639356878,-0.9568261221364772,-0.157683630491444,-0.1635682630306948,False,,,,,,,,,,
FRA-Ligue 1,Marcus Thuram,Guingamp,1819,"MF,FW",20,2571,28.6,0.18,0.04,0.21,2.07,0.84,0.08,1.6083916083916083,1.503496503496503,1.5384615384615383,0.2797202797202797,2019,F M,2597.0,6.824313978664577,10.624790946953,2.5626808758825064,5.0,9.0,35.0,63.0,9.400591138750316,3.4858382865786552,0.2364991367269202,0.088810658001319,0.3253097947282393,1.2129380053908356,1.3477088948787064,-1.824313978664577,-0.0632222788139437,0.1083224441057869,False,-0.1952826241665381,0.1947924999977673,-0.096545786428226,-0.5574526672352929,-0.1636221444580724,False,,,,,,,,,,
GER-Bundesliga,Gonçalo Paciência,Schalke 04,2021,FW,25,749,8.3,0.12,0.12,0.24,2.64,0.96,0.05,1.0843373493975903,1.686746987951807,1.9277108433734935,1.2048192771084336,2021,F S,746.0,1.4434790145605805,1.4434790145605805,0.7751580104231834,1.0,1.0,4.0,22.0,2.0544080156832933,0.2316380068659782,0.1741462618102576,0.0935177224371132,0.2676639842473709,0.4825737265415549,0.5361930294906166,-0.4434790145605802,-0.0535028301748689,0.0656126824800263,True,-0.4857568647516231,0.4748049181912934,0.1824640521798553,-0.8315540625918257,-0.165010489243075,False,,,,,,,,,,
FRA-Ligue 1,Fares Chaïbi,Toulouse,2223,"MF,FW",19,2340,26.0,0.19,0.19,0.38,2.42,0.96,0.08,2.1538461538461537,0.8461538461538461,1.2692307692307692,0.3076923076923077,2023,,,,,,,,,,,,,,,,,,,,False,0.1070534262430824,-0.809647447931377,0.1824640521798553,,-0.1733766565028131,False,,,,,,,,,,
GER-Bundesliga,Dominick Drexler,Schalke 04,2223,MF,32,1366,15.2,0.26,0.2,0.46,1.05,0.4,0.25,2.960526315789474,1.5789473684210529,1.7105263157894737,0.131578947368421,2023,M S,1370.0,2.6568605732172728,2.6568605732172728,2.6209453642368317,4.0,4.0,19.0,16.0,7.653311584144831,3.0037743039429188,0.1745382858317916,0.1721788925411057,0.3467171783728974,1.248175182481752,1.3868613138686132,1.3431394267827272,0.0882354367959455,0.1660537858260795,True,0.5541823321035994,0.3100837594185262,-1.1195818613245243,-0.4556622044248028,-0.1777444935568004,False,,198617.0,70.0,70.0,32.0,1300000.0,CAM,FIFA 23,"Sep 1, 2022",230001.0
GER-Bundesliga,Marco Richter,Augsburg,1920,MF,21,2280,25.3,0.16,0.12,0.28,2.53,0.79,0.06,2.134387351778656,1.5810276679841897,1.2648221343873518,0.1185770750988142,2020,M S,2304.0,4.513177250511944,4.513177250511944,1.9272085074335337,4.0,4.0,21.0,64.0,10.422672158107162,4.622381391003728,0.1762959863481228,0.0752815823216224,0.2515775686697452,0.8203125,0.9114583333333334,-0.5131772505119443,-0.0200459863481228,0.0705183945392491,True,0.0962677477446345,0.3132625216082819,-0.2127998858482598,-0.9080437314737584,-0.1778283369922754,False,,238068.0,73.0,82.0,21.0,6000000.0,RM,FIFA 20,"Aug 20, 2019",200001.0
GER-Bundesliga,Romano Schmid,Werder Bremen,2324,"MF,FW",23,2601,28.9,0.14,0.21,0.35,1.31,0.31,0.11,2.2145328719723185,1.833910034602076,1.1418685121107266,0.1038062283737024,2024,F M S,2638.0,5.486472093500197,5.486472093500197,6.0749450866132975,4.0,4.0,51.0,38.0,18.433228065259755,10.512278792448342,0.1871806248730166,0.2072574138723263,0.3944380387453429,1.7399545109931769,1.9332827899924183,-1.486472093500197,-0.0507136044029635,0.1443808445657946,True,0.1406910278058244,0.6996746132633377,-1.3288392402805858,-0.2287531835161157,-0.1793066956818848,False,,239701.0,73.0,79.0,23.0,4800000.0,CAM,FC 24,"Aug 11, 2023",240001.0
GER-Bundesliga,Marius Wolf,Dortmund,2223,DF,27,1570,17.4,0.06,0.06,0.11,1.32,0.34,0.04,3.563218390804598,1.264367816091954,0.632183908045977,0.1724137931034483,2023,,,,,,,,,,,,,,,,,,,,True,0.8882441583212269,-0.1706035436668453,-1.2590867806285653,,-0.1804820553247279,False,,224425.0,77.0,77.0,27.0,11000000.0,RM,FIFA 23,"Sep 1, 2022",230001.0
GER-Bundesliga,Samuel Essende,Augsburg,2425,FW,26,1636,18.2,0.39,0.11,0.5,2.42,0.72,0.16,0.2747252747252747,1.868131868131868,2.4725274725274726,0.7142857142857143,2025,F S,1668.0,5.770508166402578,5.770508166402578,1.7677066437900066,7.0,7.0,11.0,44.0,6.685472250916064,1.159614222124219,0.3113583543022973,0.0953798548807557,0.4067382091830531,0.5935251798561151,0.6594724220623501,1.2294918335974216,0.0663394874243213,0.1311479128727858,True,-0.934510879288962,0.7519666352472172,-0.3755556250363075,-0.1702668190782615,-0.1820916720390784,False,,245716.0,73.0,76.0,26.0,4000000.0,ST,FC 25,"Aug 7, 2024",250001.0
GER-Bundesliga,Bilal El Khannouss,Stuttgart,2526,"MF,FW",21,1630,18.1,0.22,0.28,0.5,2.32,0.83,0.1,3.591160220994475,0.4972375690607734,1.049723756906077,0.0552486187845303,2026,,,,,,,,,,,,,,,,,,,,True,0.9037318330527372,-1.3428023303663192,-0.1197966063122328,,-0.1862890345419383,False,,,,,,,,,,
GER-Bundesliga,Taiwo Awoniyi,Union Berlin,2021,FW,22,1359,15.1,0.33,0.13,0.46,1.99,0.86,0.17,0.2649006622516556,1.3245033112582782,1.456953642384106,0.9933774834437088,2021,F S,1376.0,6.514472082257271,6.514472082257271,1.2689972091466188,5.0,5.0,20.0,29.0,7.922865437343717,1.548149587586522,0.4260919239848505,0.0830012709470899,0.5090931949319404,1.3081395348837208,1.4534883720930232,-1.5144720822572708,-0.0990570402639203,0.224636968353699,True,-0.9399564925977736,-0.0787146437774995,-0.0500441466602124,0.3164232661410137,-0.188073004223618,False,,,,,,,,,,
GER-Bundesliga,Youssoufa Moukoko,Dortmund,2223,FW,17,1141,12.7,0.55,0.24,0.79,2.76,1.5,0.2,0.3937007874015748,0.6299212598425197,0.6299212598425197,0.0787401574803149,2023,,,,,,,,,,,,,,,,,,,,True,-0.8685648038592728,-1.140057539698654,1.4380083259162215,,-0.1902046725472349,False,,240833.0,69.0,88.0,17.0,3500000.0,ST,FIFA 23,"Sep 1, 2022",230001.0
ENG-Premier League,Joelinton,Newcastle United,2021,"FW,MF",23,1983,22.0,0.14,0.09,0.23,2.0,0.95,0.07,0.5909090909090909,1.6363636363636365,1.0454545454545454,0.2727272727272727,2021,F M S,2006.0,4.869839348830283,5.631008350290358,2.366482028737664,3.0,4.0,17.0,43.0,9.26830423809588,3.2849566685035825,0.2184873087710495,0.1061731717778613,0.3246604805489109,0.7627118644067797,0.847457627118644,-1.869839348830283,-0.0838910974051472,0.113252077879774,False,-0.7592556412767918,0.3978175958557864,0.1592132322958485,-0.5605401062199139,-0.1906912298362676,False,,,,,,,,,,
ENG-Premier League,Dominik Szoboszlai,Liverpool,2425,MF,23,2491,27.7,0.22,0.22,0.43,2.42,0.83,0.09,1.444043321299639,0.8664259927797834,1.588447653429603,0.1444043321299639,2025,F M S,2519.0,7.00856670551002,7.00856670551002,7.858418172225356,6.0,6.0,57.0,68.0,27.468164574354887,15.59493687003851,0.2504053209590718,0.2807692082176586,0.5311745291767305,2.03652242953553,2.262802699483922,-1.0085667055100205,-0.0360345389027002,0.1030671574339708,False,-0.2863780461866542,-0.7786709797622741,-0.1197966063122328,0.4214183122222841,-0.1908568300097192,False,,,,,,,,,,
GER-Bundesliga,Rouwen Hennings,Düsseldorf,1920,FW,31,2459,27.3,0.4,0.0,0.4,2.67,0.99,0.15,1.0256410256410255,1.1721611721611722,0.8791208791208791,0.4029304029304029,2020,,,,,,,,,,,,,,,,,,,,True,-0.5182912250315174,-0.3114981525804992,0.2522165118318757,,-0.1925242885933803,False,,179516.0,74.0,74.0,31.0,5000000.0,ST,FIFA 20,"Aug 20, 2019",200001.0
GER-Bundesliga,Christopher Antwi-Adjei,Bochum,2223,"FW,MF",28,1981,22.0,0.14,0.27,0.41,1.32,0.36,0.1,2.909090909090909,1.818181818181818,1.0909090909090908,0.6818181818181818,2023,F M S,2000.0,2.1013984084129333,2.1013984084129333,4.173747691325843,3.0,3.0,33.0,29.0,9.383619488216937,4.400247389450669,0.094562928378582,0.1878186461096629,0.2823815744882449,1.485,1.65,0.8986015915870667,0.040437071621418,0.0724620140832046,True,0.5256725729640956,0.6756414112404432,-1.2125851408605517,-0.7615730529111983,-0.1932110523918027,False,,239073.0,70.0,70.0,28.0,1600000.0,LW,FIFA 23,"Sep 1, 2022",230001.0
GER-Bundesliga,Mattias Svanberg,Wolfsburg,2223,MF,23,1835,20.4,0.2,0.29,0.49,1.52,0.54,0.13,1.9607843137254903,1.4215686274509804,1.323529411764706,0.196078431372549,2023,F M S,1844.0,4.005698628723621,4.005698628723621,4.8201605677604675,4.0,4.0,27.0,31.0,9.86233900859952,4.915807843208313,0.1955058983650357,0.2352572945219317,0.4307631928869675,1.3177874186550975,1.4642082429501084,-0.0056986287236213,-0.0002781326383546,0.1292160847975361,True,4.2576827108229854e-05,0.0696041668964611,-0.7940703829484295,-0.0560298693029359,-0.1951133771319489,False,,228946.0,76.0,81.0,23.0,11500000.0,CM,FIFA 23,"Sep 1, 2022",230001.0
GER-Bundesliga,Dennis Srbeny,Paderborn 07,1920,"FW,MF",25,1119,12.4,0.4,0.08,0.48,2.25,0.72,0.18,0.4838709677419354,1.7741935483870968,1.4516129032258065,0.4032258064516129,2020,,,,,,,,,,,,,,,,,,,,True,-0.8185850275130884,0.6084259720344778,-0.3755556250363075,,-0.195238226838306,False,,,,,,,,,,
GER-Bundesliga,Arnaud Kalimuendo,Frankfurt,2526,"FW,MF",23,1417,15.7,0.38,0.06,0.44,1.91,1.02,0.2,0.9554140127388536,1.1464968152866242,0.5732484076433121,0.3821656050955414,2026,,,,,,,,,,,,,,,,,,,,True,-0.5572168475051824,-0.3507140850850413,0.3219689714838961,,-0.1953206537021092,False,,,,,,,,,,
GER-Bundesliga,Lars Stindl,Gladbach,1819,FW,29,1508,16.8,0.18,0.06,0.24,2.03,0.66,0.09,0.5357142857142857,1.8452380952380951,1.130952380952381,0.4166666666666666,2019,,,,,,,,,,,,,,,,,,,,True,-0.7898491701872892,0.716984240910779,-0.5150605443403481,,-0.1959751578722861,False,,187072.0,81.0,81.0,29.0,18000000.0,CF,FIFA 19,"Aug 21, 2018",190002.0
GER-Bundesliga,Brenden Aaronson,Union Berlin,2324,"MF,FW",22,1267,14.1,0.14,0.14,0.28,1.35,0.5,0.11,1.5602836879432624,1.773049645390071,1.0638297872340423,0.3546099290780142,2024,F M S,1203.0,2.3798574674874544,2.3798574674874544,2.727505593560636,2.0,2.0,22.0,19.0,7.425651806406677,3.351934116333723,0.1780441995626524,0.2040527875481772,0.3820969871108297,1.6458852867830422,1.828761429758936,-0.3798574674874544,-0.0284182644005576,0.1252556561835502,True,-0.2219480150464555,0.6066780528116279,-0.8870736624844567,-0.2874339349006373,-0.1974443899049804,False,,247361.0,74.0,82.0,22.0,9500000.0,CAM,FC 24,"Aug 11, 2023",240001.0
GER-Bundesliga,Philipp Hofmann,Bochum,2324,FW,30,1571,17.5,0.23,0.11,0.34,2.23,0.86,0.1,0.1714285714285714,1.4857142857142858,1.0857142857142856,0.2285714285714285,2024,F S,1573.0,5.456883036531508,5.456883036531508,2.556839730590582,4.0,4.0,19.0,39.0,7.839652965776622,1.9698244957253337,0.312218355554886,0.1462908936765113,0.4585092492313974,1.08709472345836,1.2078830260648443,-1.456883036531508,-0.0833563085110208,0.1399200778597822,True,-0.9917664609965716,0.1676207202513562,-0.0500441466602124,0.075900494694171,-0.1995723481778141,False,,206606.0,75.0,75.0,30.0,5500000.0,ST,FC 24,"Aug 11, 2023",240001.0
GER-Bundesliga,Phil Harres,Holstein Kiel,2425,FW,22,1544,17.2,0.47,0.06,0.52,2.16,0.99,0.22,0.3488372093023256,1.162790697674419,2.0348837209302326,0.2906976744186046,2025,F S,1461.0,6.069004004821181,6.069004004821181,1.687046148814261,8.0,8.0,10.0,37.0,8.803555831313133,2.012516127899289,0.3738606163134197,0.1039248140953343,0.4777854304087541,0.6160164271047227,0.6844626967830253,1.9309959951788187,0.1189525253703584,0.1640271352654373,True,-0.8934319117105188,-0.3258165279368087,0.2522165118318757,0.1675572536812329,-0.1998686685335547,False,,262946.0,63.0,73.0,22.0,1100000.0,ST,FC 25,"Aug 7, 2024",250001.0
GER-Bundesliga,Phillip Tietz,Mainz 05,2526,FW,28,1610,17.9,0.28,0.11,0.39,2.57,1.17,0.11,0.223463687150838,1.1731843575418994,1.787709497206704,0.893854748603352,2026,,,,,,,,,,,,,,,,,,,,True,-0.9629242934847624,-0.3099346936157423,0.6707312697439977,,-0.2007092391188357,False,,,,,,,,,,
GER-Bundesliga,Daniel Ginczek,Wolfsburg,1920,FW,28,768,8.5,0.35,0.12,0.47,2.81,0.7,0.13,0.4705882352941176,1.0588235294117647,1.1764705882352942,0.5882352941176471,2020,F S,781.0,3.851688828319311,3.851688828319311,1.6783287450671196,3.0,3.0,9.0,24.0,4.848443754017353,0.5946453884243965,0.4438565871302664,0.1934053611472993,0.6372619482775657,1.0371318822023048,1.1523687580025608,-0.8516888283193111,-0.098145959729498,0.1604870345133046,True,-0.8259474171024436,-0.484681582424889,-0.4220572648043211,0.9258558309724612,-0.2017076083397981,False,,192445.0,78.0,78.0,28.0,10500000.0,ST,FIFA 20,"Aug 20, 2019",200001.0
GER-Bundesliga,Simon Terodde,Köln,1920,"FW,MF",31,813,9.0,0.33,0.11,0.44,3.87,1.11,0.09,0.3333333333333333,1.2222222222222223,2.7777777777777777,0.2222222222222222,2020,,,,,,,,,,,,,,,,,,,,True,-0.9020254428591128,-0.2350033169648213,0.5312263504399574,,-0.2019341364613255,False,,183714.0,76.0,76.0,31.0,7000000.0,ST,FIFA 20,"Aug 20, 2019",200001.0
GER-Bundesliga,Eduard Löwen,Nürnberg,1819,"MF,FW",21,1623,18.0,0.17,0.11,0.28,2.05,0.78,0.08,0.9444444444444444,1.5,1.0555555555555556,0.0,2019,,,,,,,,,,,,,,,,,,,,True,-0.5632970900853711,0.1894497343172934,-0.2360507057322666,,-0.2032993538334481,False,,,,,,,,,,
GER-Bundesliga,Kai Havertz,Leverkusen,1920,"MF,FW",20,2454,27.3,0.4,0.22,0.62,2.16,0.95,0.19,1.0256410256410255,1.2087912087912087,0.9523809523809524,0.4395604395604395,2020,,,,,,,,,,,,,,,,,,,,True,-0.5182912250315174,-0.2555263216421985,0.1592132322958485,,-0.2048681047926224,False,,235790.0,84.0,92.0,20.0,46000000.0,CAM,FIFA 20,"Aug 20, 2019",200001.0
GER-Bundesliga,Caiuby,Augsburg,1819,"MF,FW",30,1006,11.2,0.09,0.09,0.18,2.86,0.81,0.03,1.4285714285714286,1.6071428571428572,1.6964285714285716,0.2678571428571428,2019,F M S,1002.0,2.1829421054571867,2.1829421054571867,1.0324538927525282,1.0,1.0,15.0,32.0,4.672384366393089,2.9057000018656254,0.1960726442027413,0.0927353795885504,0.2888080237912918,1.347305389221557,1.497005988023952,-1.1829421054571867,-0.1062522849213042,0.068216940795537,True,-0.2949538495763031,0.3531673398118236,-0.1662982460802462,-0.7310157807268172,-0.2097751341428857,False,,,,,,,,,,
GER-Bundesliga,Budu Zivzivadze,Heidenheim,2425,FW,30,958,10.6,0.19,0.28,0.47,2.07,0.94,0.09,0.4716981132075472,1.4150943396226416,0.8490566037735849,0.5660377358490566,2025,,,,,,,,,,,,,,,,,,,,True,-0.8253322309103411,0.0597112544914396,0.1359624124118417,,-0.2098861880023532,False,,,,,,,,,,
GER-Bundesliga,Morgan Guilavogui,St Pauli,2425,"FW,MF",26,1807,20.1,0.3,0.1,0.4,2.04,0.75,0.15,0.4975124378109452,1.6915422885572138,2.3383084577114426,0.5472636815920398,2025,,,,,,,,,,,,,,,,,,,,True,-0.8110237958452717,0.4821322860969008,-0.3058031653842871,,-0.211564891710886,False,,,,,,,,,,
GER-Bundesliga,Patrick Wimmer,Wolfsburg,2526,MF,24,1621,18.0,0.22,0.17,0.39,1.33,0.44,0.17,1.3888888888888888,1.8333333333333333,1.5555555555555556,0.1111111111111111,2026,,,,,,,,,,,,,,,,,,,,True,-0.3169491971590136,0.6987933958558312,-1.0265785817884974,,-0.2149114610305599,False,,254566.0,77.0,83.0,24.0,16500000.0,CAM,FC 26,"Aug 7, 2025",260001.0
GER-Bundesliga,Jonas Wind,Wolfsburg,2425,"FW,MF",25,1966,21.8,0.37,0.14,0.5,1.83,0.6,0.2,0.3211009174311926,1.8348623853211008,0.6880733944954128,0.18348623853211,2025,F M S,1966.0,4.8235986810177565,6.339151995256543,4.765156495384872,8.0,9.0,33.0,40.0,9.863119781017303,4.174212370067835,0.2208158094056958,0.2181404295954417,0.4389562390011376,1.5106815869786367,1.6785350966429298,3.1764013189822435,0.1454100298618524,0.1205899670254439,True,-0.908805660095618,0.7011298346702282,-0.654565463644389,-0.0170725651488073,-0.2198284635546465,False,,241522.0,78.0,81.0,25.0,19000000.0,ST,FC 25,"Aug 7, 2024",250001.0
GER-Bundesliga,Kenan Karaman,Düsseldorf,1819,"FW,MF",24,919,10.2,0.29,0.1,0.39,2.15,0.88,0.14,0.7843137254901962,1.3725490196078431,1.3725490196078431,0.5882352941176471,2019,,,,,,,,,,,,,,,,,,,,True,-0.6520547868014852,-0.0052993127415592,-0.0035425068921988,,-0.2202988688117477,False,,212240.0,72.0,76.0,24.0,4099999.9999999995,LM,FIFA 19,"Aug 21, 2018",190002.0
GER-Bundesliga,Jan Thielmann,Köln,2526,"MF,FW",23,1540,17.1,0.18,0.06,0.23,1.58,0.58,0.11,2.1052631578947367,1.3450292397660817,0.6432748538011696,0.2339181286549707,2026,,,,,,,,,,,,,,,,,,,,True,0.0801247092025493,-0.0473503890295709,-0.7010671034124025,,-0.222764261079808,False,,254660.0,72.0,78.0,23.0,3700000.0,RM,FC 26,"Aug 7, 2025",260001.0
GER-Bundesliga,Marius Bülter,Union Berlin,2021,"MF,FW",27,977,10.9,0.09,0.0,0.09,1.57,0.55,0.06,3.944954128440367,1.3761467889908257,1.1009174311926606,0.2752293577981651,2021,F M S,946.0,1.203090486116707,1.203090486116707,0.7493373826146126,1.0,1.0,11.0,17.0,4.473834436386824,2.681287221610546,0.1144589257404901,0.0712900258301428,0.1857489515706329,1.0465116279069768,1.162790697674419,-0.2030904861167073,-0.019321505021674,0.0707700285951004,True,1.099833696219063,0.0001981903511394,-0.7708195630644227,-1.2210537429687995,-0.2229603548657549,False,,244390.0,73.0,73.0,27.0,3200000.0,LW,FIFA 21,"Aug 24, 2020",210001.0
GER-Bundesliga,Michael Frey,Schalke 04,2223,FW,28,868,9.6,0.0,0.31,0.31,2.8,1.04,0.0,0.8333333333333334,1.0416666666666667,3.125,0.8333333333333334,2023,F S,877.0,1.9593377178534863,1.9593377178534863,2.0958570390939713,0.0,0.0,10.0,28.0,4.519075870513916,0.6457106284797192,0.2010722857546337,0.2150822503061088,0.4161545360607426,1.026225769669327,1.1402508551881414,-1.9593377178534863,-0.2010722857546337,0.0699763470661959,True,-0.6248840633169606,-0.510897800298196,0.3684706112519098,-0.1254929089748636,-0.2232010403345276,False,,,,,,,,,,
GER-Bundesliga,Steffen Tigges,Köln,2324,FW,25,727,8.1,0.37,0.0,0.37,2.72,1.11,0.14,0.8641975308641976,0.9876543209876544,0.8641975308641976,0.2469135802469136,2024,,,,,,,,,,,,,,,,,,,,True,-0.6077765707526301,-0.5934303380474961,0.5312263504399574,,-0.2233268527867229,False,,238656.0,69.0,73.0,24.0,2000000.0,ST,FC 24,"Aug 11, 2023",240001.0
GER-Bundesliga,Jean-Paul Boëtius,Mainz 05,2021,"MF,FW",26,2065,22.9,0.09,0.17,0.26,1.26,0.44,0.07,1.7030567685589522,1.572052401746725,1.2227074235807862,0.0436681222707423,2021,F M S,2086.0,3.3356855027377605,3.3356855027377605,6.803743686527014,2.0,2.0,34.0,29.0,13.248810466378927,6.524871790781617,0.1439173994469791,0.2935459883928242,0.4374633878398033,1.4669223394055608,1.6299137104506232,-1.3356855027377603,-0.0576278500701814,0.11502363802544,True,-0.1428113579998252,0.2995480367022614,-1.0265785817884974,-0.0241709576073044,-0.2235032151733414,False,,205402.0,76.0,77.0,26.0,9000000.0,CAM,FIFA 21,"Aug 24, 2020",210001.0
GER-Bundesliga,Jessic Ngankam,Hertha BSC,2223,"FW,MF",22,826,9.2,0.33,0.0,0.33,2.07,0.98,0.16,0.2173913043478261,1.4130434782608696,2.065217391304348,0.108695652173913,2023,,,,,,,,,,,,,,,,,,,,True,-0.966290110579032,0.056577474785501,0.2289656919478689,,-0.226915647948554,False,,256658.0,69.0,79.0,21.0,3200000.0,ST,FIFA 23,"Sep 1, 2022",230001.0
GER-Bundesliga,Anton Kade,Augsburg,2526,"MF,FW",21,1743,19.4,0.31,0.0,0.31,2.48,1.08,0.13,1.1340206185567012,0.9278350515463918,1.0309278350515465,0.5154639175257733,2026,,,,,,,,,,,,,,,,,,,,True,-0.458218285241783,-0.6848360352308154,0.461473890787937,,-0.2271934765615537,False,,,,,,,,,,
GER-Bundesliga,André Hahn,Augsburg,1819,"MF,FW",27,2052,22.8,0.18,0.18,0.35,1.62,0.66,0.11,3.5964912280701755,0.9649122807017544,2.93859649122807,0.8771929824561403,2019,F M S,2043.0,2.4322961131110787,2.4322961131110787,4.400328692048788,4.0,4.0,30.0,37.0,7.77820950280875,1.5726307816803455,0.1071496085070959,0.1938470789448805,0.3009966874519765,1.3215859030837005,1.4684287812041117,1.5677038868889213,0.0690618452373974,0.0657377327867859,True,0.9066867183633542,-0.6281808802577279,-0.5150605443403481,-0.6730596224378477,-0.2274035821681423,False,,211862.0,73.0,73.0,27.0,4200000.0,RM,FIFA 19,"Aug 21, 2018",190002.0
GER-Bundesliga,Ruben Vargas,Augsburg,1920,MF,20,2530,28.1,0.21,0.04,0.25,2.13,0.89,0.1,0.9252669039145908,1.3523131672597863,1.4234875444839856,0.2135231316725978,2020,M S,2549.0,6.7616592068225145,6.7616592068225145,3.849915100261569,6.0,6.0,23.0,60.0,13.098144063726068,4.665670998394489,0.2387404192287274,0.1359326634066462,0.3746730826353737,0.8120831698705374,0.902314633189486,-0.7616592068225145,-0.0268926357842394,0.1126943201137085,True,-0.5739268701627096,-0.0362203221294966,0.0197083129918079,-0.3227340297165727,-0.2282932272542427,False,,238581.0,70.0,85.0,20.0,3900000.0,RM,FIFA 20,"Aug 20, 2019",200001.0
GER-Bundesliga,Lee Jae-sung,Mainz 05,2223,MF,29,1894,21.0,0.33,0.24,0.57,1.66,0.81,0.2,1.5238095238095235,1.1904761904761905,0.8571428571428571,0.2857142857142857,2023,,,,,,,,,,,,,,,,,,,,True,-0.242165015377798,-0.2835122371113489,-0.1662982460802462,,-0.230658499523131,False,,,,,,,,,,
ENG-Premier League,Christian Pulisic,Chelsea,2223,"MF,FW",23,821,9.1,0.11,0.11,0.22,2.08,0.66,0.05,1.978021978021978,1.6483516483516485,1.098901098901099,0.0,2023,D F M S,779.0,1.8723955135792496,1.8723955135792496,0.4368242975324392,1.0,1.0,12.0,18.0,3.675874702632427,1.6829779082909226,0.2163229733275127,0.0504675054915526,0.2667904788190655,1.386392811296534,1.540436456996149,-0.8723955135792494,-0.1007902390528016,0.1040219729766249,False,0.0095971169535344,0.4161356496174122,-0.5150605443403481,-0.835707513723014,-0.2312588228731038,False,,,,,,,,,,
GER-Bundesliga,Nathan N'Goumou,Gladbach,2324,"MF,FW",23,1385,15.4,0.32,0.13,0.45,1.95,0.78,0.17,1.883116883116883,1.103896103896104,0.8441558441558441,0.3896103896103896,2024,,,,,,,,,,,,,,,,,,,,True,-0.0430071409016194,-0.4158092920564236,-0.2360507057322666,,-0.2316223795634365,False,,,,,,,,,,
GER-Bundesliga,Robin Quaison,Mainz 05,1920,"FW,MF",25,2602,28.9,0.42,0.07,0.48,2.46,0.97,0.17,0.3806228373702422,1.1764705882352942,0.8996539792387543,0.5882352941176471,2020,F M S,2631.0,10.43891722150147,11.196697177365422,2.7613996025174856,12.0,13.0,28.0,71.0,13.350589018315077,3.494772717356682,0.357089528671658,0.0944606477486027,0.4515501764202607,0.9578107183580388,1.064234131508932,1.5610827784985304,0.0534007791960728,0.147027003119739,True,-0.8758136860858065,-0.3049132312936403,0.2057148720638621,0.0428106386923485,-0.233050351655809,False,,208451.0,75.0,78.0,25.0,8500000.0,CF,FIFA 20,"Aug 20, 2019",200001.0
FRA-Ligue 1,Arnaud Kalimuendo,Rennes,2223,FW,20,1849,20.5,0.34,0.15,0.49,2.09,1.02,0.16,0.6829268292682927,1.170731707317073,0.7317073170731707,0.3414634146341463,2023,,,,,,,,,,,,,,,,,,,,False,-0.7082517953743559,-0.3136824191537014,0.3219689714838961,,-0.233321747681387,False,,,,,,,,,,
GER-Bundesliga,Fredrik Jensen,Augsburg,2324,MF,25,1338,14.9,0.13,0.27,0.4,0.94,0.34,0.14,6.10738255033557,0.1342281879194631,0.9395973154362416,0.3355704697986577,2024,M S,1393.0,1.3293611658737063,1.3293611658737063,5.256843195296824,2.0,2.0,32.0,14.0,7.1586007522419095,2.8322389433160424,0.0858883739616895,0.3396381102488974,0.425526484210587,2.067480258435032,2.297200287150036,0.6706388341262937,0.0433291421904999,0.094954368990979,True,2.2984304882294544,-1.8974919124563805,-1.2590867806285653,-0.0809300163092466,-0.2347695552911844,False,,234889.0,71.0,76.0,25.0,2800000.0,CAM,FC 24,"Aug 11, 2023",240001.0
GER-Bundesliga,Marcel Sabitzer,RB Leipzig,1819,"MF,FW",24,2352,26.1,0.15,0.11,0.27,2.45,0.61,0.06,2.4521072796934864,1.1494252873563218,1.0344827586206895,0.1915708812260536,2019,,,,,,,,,,,,,,,,,,,,True,0.2723744260053329,-0.346239289024962,-0.631314643760382,,-0.235059835593337,False,,204923.0,81.0,84.0,24.0,22500000.0,CAM,FIFA 19,"Aug 21, 2018",190002.0
GER-Bundesliga,Chris Führich,Stuttgart,2324,MF,25,2567,28.5,0.28,0.25,0.53,1.89,0.88,0.15,3.508771929824561,0.3508771929824561,0.2105263157894736,0.1052631578947368,2024,,,,,,,,,,,,,,,,,,,,True,0.8580654237068361,-1.566445519933982,-0.0035425068921988,,-0.2373075343731149,False,,241925.0,73.0,77.0,25.0,4200000.0,CAM,FC 24,"Aug 11, 2023",240001.0
GER-Bundesliga,Florian Neuhaus,Gladbach,1819,MF,21,2062,22.9,0.13,0.35,0.48,2.23,0.57,0.06,0.960698689956332,1.7467248908296944,1.1353711790393013,0.0436681222707423,2019,,,,,,,,,,,,,,,,,,,,True,-0.5542876420362085,0.5664530121809712,-0.7243179232964093,,-0.2373841843838822,False,,234943.0,73.0,84.0,21.0,6500000.0,CM,FIFA 19,"Aug 21, 2018",190002.0
GER-Bundesliga,Jean-Paul Boëtius,Mainz 05,1819,"MF,FW",24,2127,23.6,0.17,0.3,0.47,1.99,0.59,0.09,0.9322033898305084,1.9915254237288136,2.1610169491525424,0.1271186440677966,2019,F M S,2133.0,2.64057550765574,2.64057550765574,4.636646362021565,4.0,4.0,31.0,47.0,12.327529922127724,5.505719335749745,0.11141668808674,0.1956390870051293,0.3070557750918694,1.3080168776371308,1.4533520862634786,1.3594244923442602,0.0573596832212768,0.0561824576096965,True,-0.5700820956108853,0.9405158115012388,-0.6778162835283957,-0.6442491267083554,-0.2379079235865994,False,,,,,,,,,,
GER-Bundesliga,Daniel Ginczek,Wolfsburg,1819,FW,27,1276,14.2,0.42,0.14,0.56,2.54,0.99,0.17,1.267605633802817,0.9859154929577464,0.9859154929577464,0.2816901408450704,2019,F S,1276.0,3.79047660715878,3.79047660715878,1.8157592471688984,6.0,6.0,13.0,35.0,7.245265224948525,2.911572366952896,0.2673533657086914,0.1280707932956119,0.3954241590043034,0.9169278996865204,1.018808777429467,2.20952339284122,0.155844126454318,0.108299331633108,True,-0.384174414418847,-0.5960873211541136,0.2522165118318757,-0.2240642575262534,-0.2380273703168345,False,,192445.0,76.0,77.0,27.0,9000000.0,ST,FIFA 19,"Aug 21, 2018",190002.0
GER-Bundesliga,Antonio Nusa,RB Leipzig,2425,"MF,DF",19,1558,17.3,0.17,0.17,0.35,1.39,0.4,0.13,2.0231213872832368,1.6184971098265897,0.8092485549132947,0.5202312138728323,2025,,,,,,,,,,,,,,,,,,,,True,0.0345949419519371,0.3705169897197214,-1.1195818613245243,,-0.2381566432176219,False,,,,,,,,,,
ESP-La Liga,Paco Alcácer,Villarreal,2021,FW,26,1544,17.2,0.29,0.23,0.52,2.16,1.17,0.14,0.1744186046511628,0.4651162790697674,0.4069767441860465,1.0465116279069768,2021,F S,1568.0,7.429995173588395,8.916550623252988,3.049871390685439,5.0,6.0,16.0,37.0,10.210286812856792,1.460300287231803,0.4264665597085176,0.1750563935980162,0.6015229533065339,0.9183673469387756,1.020408163265306,-2.429995173588395,-0.1394767637901502,0.2008106803672539,False,-0.9901091371321998,-1.3918846567383998,0.6707312697439977,0.7559196585345518,-0.2388357163980125,False,,,,,,,,,,
GER-Bundesliga,Victor Sá,Wolfsburg,1920,"MF,FW",25,1629,18.1,0.11,0.11,0.22,1.66,0.66,0.07,1.2707182320441988,1.4917127071823204,1.43646408839779,0.4419889502762431,2020,,,,,,,,,,,,,,,,,,,,True,-0.382449154877693,0.1767864941132966,-0.5150605443403481,,-0.2402410683682481,False,,,,,,,,,,
GER-Bundesliga,Stefan Schimmer,Heidenheim,2526,FW,31,820,9.1,0.55,0.11,0.66,3.51,1.32,0.16,1.098901098901099,0.5494505494505495,1.4285714285714286,0.4395604395604395,2026,,,,,,,,,,,,,,,,,,,,True,-0.4776844294942056,-1.263019278531614,1.0194935680040995,,-0.2404033800072399,False,,239078.0,68.0,68.0,31.0,1000000.0,ST,FC 26,"Aug 7, 2025",260001.0
GER-Bundesliga,Adam Hložek,Leverkusen,2223,"FW,MF",20,1286,14.3,0.35,0.21,0.56,2.1,0.77,0.17,1.048951048951049,1.3986013986013983,1.3286713286713283,0.0699300699300699,2023,,,,,,,,,,,,,,,,,,,,True,-0.5053708809969182,0.0345095295835423,-0.2593015256162734,,-0.2433876256765497,False,,246618.0,77.0,87.0,19.0,23000000.0,CAM,FIFA 23,"Sep 1, 2022",230001.0
GER-Bundesliga,Tim Kleindienst,Gladbach,2425,FW,28,2737,30.4,0.49,0.23,0.72,2.47,1.28,0.2,0.493421052631579,0.8223684210526316,2.4671052631578947,0.7565789473684211,2025,,,,,,,,,,,,,,,,,,,,True,-0.8132915801109675,-0.8459923144682868,0.9264902884680726,,-0.2442645353703939,False,,214096.0,77.0,77.0,28.0,11000000.0,ST,FC 25,"Aug 7, 2024",250001.0
ESP-La Liga,Chidera Ejuke,Sevilla,2425,"MF,FW",26,966,10.7,0.19,0.09,0.28,1.86,0.75,0.1,2.0560747663551404,1.4953271028037385,0.5607476635514019,0.3738317757009346,2025,F M S,917.0,0.9540498401038348,0.9540498401038348,1.5952777117490768,2.0,2.0,21.0,20.0,3.6467593014240265,1.846392972394824,0.0936362983744221,0.1565703315784263,0.2502066299528485,2.0610687022900764,2.2900763358778624,1.0459501598961651,0.1026559589865374,0.0477024920051917,False,0.0528604318250628,0.1823094026134824,-0.3058031653842871,-0.9145624396351156,-0.2462989426452143,False,,,,,,,,,,
FRA-Ligue 1,Ludovic Ajorque,Brest,2425,FW,30,2495,27.7,0.47,0.07,0.54,1.95,0.97,0.24,0.2527075812274368,0.9386281588447654,2.2021660649819497,0.3971119133574007,2025,F S,2533.0,11.832614213228226,12.592709366232157,3.065709619782865,13.0,13.0,35.0,54.0,12.956114443950357,3.216817481443286,0.4204245081683933,0.1089277006634259,0.5293522088318192,1.2435846821950256,1.381760757994473,1.1673857867717743,0.041478373789759,0.2191224854301523,False,-0.9467149071896162,-0.6683438328586196,0.2057148720638621,0.4127533191350145,-0.2491476372123398,False,,,,,,,,,,
GER-Bundesliga,Ermedin Demirović,Augsburg,2324,"FW,MF",25,2873,31.9,0.38,0.28,0.66,2.57,1.13,0.15,0.3134796238244514,1.09717868338558,1.8808777429467085,0.5015673981191223,2024,,,,,,,,,,,,,,,,,,,,True,-0.913030011743754,-0.4260737187331967,0.5777279902079705,,-0.2537919134229934,False,,238900.0,75.0,78.0,25.0,7500000.0,LM,FC 24,"Aug 11, 2023",240001.0
FRA-Ligue 1,Tanguy Coulibaly,Montpellier,2425,"MF,FW",23,1485,16.5,0.18,0.0,0.18,1.82,0.79,0.1,1.2727272727272727,1.2727272727272727,2.727272727272727,0.1818181818181818,2025,F M S,1502.0,4.956881604157388,4.956881604157388,1.4983827639371157,3.0,3.0,18.0,30.0,6.335359319113195,1.3342339172959328,0.2970168737511084,0.0897832548297872,0.3868001285808957,1.078561917443409,1.1984021304926764,-1.956881604157388,-0.117256554177207,0.1652293868052462,False,-0.3813355782647661,-0.1578300349135278,-0.2127998858482598,-0.2650708589242468,-0.2542590894877001,False,,,,,,,,,,
GER-Bundesliga,Bas Dost,Eintracht Frankfurt,1920,FW,30,1475,16.4,0.49,0.12,0.61,1.95,1.04,0.25,0.0609756097560975,0.7926829268292683,0.9756097560975612,0.5487804878048781,2020,F S,1480.0,7.223516527563333,7.223516527563333,1.9827608540654185,8.0,8.0,19.0,32.0,10.67036196961999,2.6332447975873947,0.439267896946419,0.1205732951796538,0.5598411921260728,1.1554054054054057,1.2837837837837838,0.7764834724366665,0.0472185895400675,0.2257348914863541,True,-1.0529886333414231,-0.8913526694352137,0.3684706112519098,0.5577260898228423,-0.2545361504254712,False,,,,,,,,,,
GER-Bundesliga,Ádám Szalai,Mainz 05,2021,FW,32,733,8.1,0.12,0.0,0.12,1.72,0.74,0.07,0.7407407407407408,1.6049382716049383,2.345679012345679,0.4938271604938272,2021,F S,727.0,2.556362822651863,2.556362822651863,0.4017278011888265,1.0,1.0,6.0,14.0,3.4106338061392307,0.614819310605526,0.3164685750188001,0.0497324650715191,0.3662010400903192,0.7427785419532325,0.8253094910591471,-1.556362822651863,-0.192672151359928,0.182597344475133,True,-0.6762065410099517,0.349798664801648,-0.3290539852682939,-0.3630179404422279,-0.2546199504797063,False,,184789.0,71.0,71.0,32.0,1500000.0,ST,FIFA 21,"Aug 24, 2020",210001.0
GER-Bundesliga,Benedict Hollerbach,Mainz 05,2526,"FW,MF",24,872,9.7,0.1,0.31,0.41,2.27,0.62,0.05,2.061855670103093,1.2371134020618555,1.8556701030927836,0.5154639175257733,2026,,,,,,,,,,,,,,,,,,,,True,0.0560646871044788,-0.2122491327723781,-0.6080638238763753,,-0.2547494231814248,False,,258715.0,77.0,82.0,24.0,16000000.0,ST,FC 26,"Aug 7, 2025",260001.0
ENG-Premier League,Kai Havertz,Chelsea,2021,"MF,FW",21,1520,16.9,0.24,0.18,0.41,2.07,1.01,0.11,0.7100591715976332,0.8875739644970415,1.5976331360946747,0.4142011834319527,2021,F M S,1523.0,6.352187737822533,6.352187737822533,1.5533829852938652,4.0,4.0,18.0,33.0,10.38293974660337,4.811912000179291,0.3753755065029731,0.0917954489011476,0.4671709554041207,1.0636900853578464,1.1818778726198294,-2.3521877378225327,-0.1389999319790072,0.1924905375097737,False,-0.6932128058076291,-0.746356223716529,0.2987181515998893,0.1170862413825571,-0.2559411591354279,False,,,,,,,,,,
GER-Bundesliga,Serge Gnabry,Bayern Munich,2526,MF,30,1219,13.5,0.59,0.44,1.03,3.69,1.26,0.16,1.5555555555555556,0.4444444444444444,0.6666666666666666,0.4444444444444444,2026,,,,,,,,,,,,,,,,,,,,True,-0.2245687373116295,-1.4234718605547432,0.879988648700059,,-0.2560173163887713,False,,206113.0,82.0,82.0,29.0,30000000.0,LM,FC 26,"Aug 7, 2025",260001.0
GER-Bundesliga,Leonardo Bittencourt,Werder Bremen,2324,MF,29,1578,17.5,0.06,0.11,0.17,1.77,0.29,0.03,2.342857142857143,1.7714285714285714,1.9428571428571428,0.1142857142857142,2024,M S,1600.0,3.068262171931565,3.068262171931565,3.054721027612686,1.0,1.0,26.0,31.0,9.704018617980182,4.66505157481879,0.1725897471711505,0.1718280578032135,0.3444178049743641,1.4625,1.625,-2.068262171931565,-0.1163397471711505,0.0989761990945666,True,0.2118189587293466,0.6042010015701028,-1.3753408800485991,-0.4665955480923855,-0.2564791169603838,False,,203106.0,73.0,73.0,29.0,3000000.0,CAM,FC 24,"Aug 11, 2023",240001.0
ESP-La Liga,Chidera Ejuke,Sevilla,2526,"MF,FW",27,932,10.4,0.1,0.1,0.19,2.22,0.29,0.04,2.5961538461538463,1.5384615384615383,0.4807692307692307,0.1923076923076923,2026,,,,,,,,,,,,,,,,,,,,False,0.3522169542996017,0.2482201568025091,-1.3753408800485991,,-0.2583012563154961,False,,,,,,,,,,
GER-Bundesliga,Linton Maina,Köln,2223,"MF,FW",23,2239,24.9,0.12,0.28,0.4,1.41,0.52,0.09,3.534136546184739,0.8433734939759037,0.6827309236947792,0.7228915662650602,2023,,,,,,,,,,,,,,,,,,,,True,0.8721245932460704,-0.8138959122074166,-0.840572022716443,,-0.2607811138925964,False,,242997.0,70.0,78.0,23.0,3500000.0,LM,FIFA 23,"Sep 1, 2022",230001.0
GER-Bundesliga,Lucas Höler,Freiburg,2324,"FW,MF",29,2305,25.6,0.23,0.08,0.31,1.33,0.7,0.18,0.5078125,1.875,0.9765625,0.2734375,2024,F M S,2354.0,6.217894554138184,7.733447901904583,2.173959033563733,6.0,7.0,32.0,34.0,11.54770889878273,4.904460255987942,0.237727489325589,0.083116530595045,0.320844019920634,1.2234494477485132,1.3593882752761255,-0.2178945541381836,-0.0083307178727427,0.1828792515922995,True,-0.8053146489563825,0.7624613535481486,-0.4220572648043211,-0.5786870829873085,-0.2608994107999658,False,,234875.0,74.0,74.0,28.0,4300000.0,ST,FC 24,"Aug 11, 2023",240001.0
GER-Bundesliga,Fábio Silva,Dortmund,2526,"FW,MF",23,817,9.1,0.22,0.66,0.88,2.53,0.88,0.09,1.3186813186813189,1.098901098901099,2.087912087912088,0.3296703296703296,2026,,,,,,,,,,,,,,,,,,,,True,-0.3558640428822707,-0.4234418144571009,-0.0035425068921988,,-0.2609494547438568,False,,,,,,,,,,
GER-Bundesliga,Igor Matanović,Freiburg,2526,FW,22,1571,17.5,0.57,0.11,0.69,2.92,1.09,0.2,0.0,1.2571428571428571,2.4,0.3428571428571428,2026,,,,,,,,,,,,,,,,,,,,True,-1.0867863625538807,-0.1816435048036413,0.4847247106719438,,-0.2612350522285261,False,,259750.0,71.0,79.0,22.0,4200000.0,ST,FC 26,"Aug 7, 2025",260001.0
GER-Bundesliga,Ruben Vargas,Augsburg,2223,MF,23,1130,12.6,0.24,0.32,0.56,1.67,0.48,0.14,3.8095238095238098,1.2698412698412698,1.2698412698412698,0.3174603174603174,2023,F M S,1146.0,0.8962412793189287,0.8962412793189287,2.1243868889287114,3.0,3.0,16.0,21.0,2.8856554022058845,0.824656150303781,0.070385440784209,0.1668366666697941,0.2372221074540031,1.256544502617801,1.3961605584642234,2.1037587206810713,0.1652166534566286,0.0426781561580442,True,1.0247670053863265,-0.1622399367450304,-0.9335753022524704,-0.9763028454908542,-0.2618377697755071,False,,238581.0,75.0,81.0,23.0,9000000.0,LM,FIFA 23,"Sep 1, 2022",230001.0
ENG-Premier League,Jean-Philippe Mateta,Crystal Palace,2526,FW,28,2218,24.6,0.32,0.0,0.32,2.56,1.3,0.13,0.4471544715447154,0.7723577235772358,0.8536585365853658,0.7317073170731707,2026,,,,,,,,,,,,,,,,,,,,False,-0.838936348329192,-0.9224102097729296,0.9729919282360862,,-0.2627848766220118,False,,,,,,,,,,
GER-Bundesliga,Kevin Behrens,Union Berlin,2223,FW,31,1535,17.1,0.47,0.06,0.53,2.05,0.82,0.23,0.4678362573099415,1.52046783625731,2.046783625730994,0.7017543859649122,2023,F S,1551.0,5.351088147610426,5.351088147610426,1.17486921697855,8.0,8.0,21.0,35.0,6.587344314903021,1.4740190654993055,0.3105080163023457,0.0681742292250609,0.3786822455274067,1.218568665377176,1.3539651837524178,2.648911852389574,0.1537086181270545,0.1528882327888693,True,-0.8274727910524519,0.2207252223065018,-0.1430474261962397,-0.3036707685055504,-0.263366440861935,False,,244706.0,71.0,71.0,31.0,1600000.0,ST,FIFA 23,"Sep 1, 2022",230001.0
GER-Bundesliga,Benjamin Šeško,RB Leipzig,2324,FW,20,1526,17.0,0.83,0.12,0.94,2.77,1.47,0.3,0.2352941176470588,0.5882352941176471,0.8235294117647058,0.7058823529411765,2024,,,,,,,,,,,,,,,,,,,,True,-0.956366889828162,-1.2037549869498836,1.3682558662642013,,-0.2639553368379481,False,,260592.0,75.0,85.0,20.0,12500000.0,ST,FC 24,"Aug 11, 2023",240001.0
GER-Bundesliga,Jean-Paul Boëtius,Mainz 05,1920,"MF,FW",25,2266,25.2,0.16,0.2,0.36,1.43,0.48,0.11,0.5952380952380952,2.3412698412698414,1.9047619047619049,0.0,2020,F M S,2272.0,3.6848216205835342,3.6848216205835342,2.9675988843664527,4.0,4.0,36.0,36.0,10.244967608712614,4.831557939760387,0.145965645181566,0.1175545332715584,0.2635201784531245,1.426056338028169,1.584507042253521,0.3151783794164657,0.012485059043786,0.1023561561273204,True,-0.7568561488132235,1.4749361182002705,-0.9335753022524704,-0.8512575404476258,-0.2666882183282623,False,,205402.0,78.0,81.0,25.0,13000000.0,CAM,FIFA 20,"Aug 20, 2019",200001.0
ENG-Premier League,Justin Kluivert,Bournemouth,2526,MF,26,952,10.6,0.19,0.0,0.19,1.61,0.38,0.12,3.7735849056603774,0.9433962264150944,1.69811320754717,0.0943396226415094,2026,,,,,,,,,,,,,,,,,,,,False,1.0048466905944375,-0.6610580778744161,-1.166083501092538,,-0.2740982961241722,False,,,,,,,,,,
GER-Bundesliga,Adam Daghim,Wolfsburg,2526,"MF,FW",19,1364,15.2,0.13,0.2,0.33,1.78,0.59,0.07,1.3157894736842106,1.5131578947368425,1.1842105263157896,0.2631578947368421,2026,,,,,,,,,,,,,,,,,,,,True,-0.3574669427061118,0.2095554051674991,-0.6778162835283957,,-0.2752426070223361,False,,,,,,,,,,
GER-Bundesliga,Dominick Drexler,Köln,2021,"MF,FW",30,1233,13.7,0.15,0.07,0.22,0.88,0.15,0.17,2.7007299270072993,1.6788321167883211,1.45985401459854,0.437956204379562,2021,,,,,,,,,,,,,,,,,,,,True,0.410181672929277,0.4627107498142465,-1.7008523584246942,,-0.2759866452270569,False,,198617.0,73.0,73.0,30.0,2900000.0,CAM,FIFA 21,"Aug 24, 2020",210001.0
GER-Bundesliga,Emil Forsberg,RB Leipzig,2223,"MF,FW",30,1482,16.5,0.24,0.24,0.49,1.4,0.67,0.17,0.9696969696969696,1.5151515151515151,1.3333333333333333,0.4242424242424242,2023,,,,,,,,,,,,,,,,,,,,True,-0.5493000507145553,0.2126017189326815,-0.4918097244563412,,-0.276169352079405,False,,208448.0,81.0,81.0,30.0,25000000.0,CAM,FIFA 23,"Sep 1, 2022",230001.0
GER-Bundesliga,Linton Maina,Köln,2324,MF,24,1901,21.1,0.05,0.14,0.19,1.56,0.52,0.03,3.554502369668246,0.8056872037914692,0.4739336492890995,0.2369668246445497,2024,,,,,,,,,,,,,,,,,,,,True,0.8834130180775326,-0.8714817313044478,-0.840572022716443,,-0.2762135786477861,False,,242997.0,74.0,79.0,24.0,6500000.0,LM,FC 24,"Aug 11, 2023",240001.0
GER-Bundesliga,Jeong Woo-yeong,Freiburg,2021,"FW,MF",20,823,9.1,0.44,0.0,0.44,1.53,0.66,0.29,1.5384615384615383,1.3186813186813189,1.3186813186813189,0.1098901098901098,2021,,,,,,,,,,,,,,,,,,,,True,-0.2340436562703355,-0.0876108288272958,-0.5150605443403481,,-0.2789050098126598,False,,,,,,,,,,
GER-Bundesliga,Renato Steffen,Wolfsburg,1819,"FW,MF",26,1503,16.7,0.3,0.06,0.36,1.62,0.54,0.19,1.7365269461077846,1.7365269461077846,1.25748502994012,0.1796407185628742,2019,D F M S,1505.0,2.922868033871054,2.922868033871054,1.8282380048185587,5.0,5.0,14.0,27.0,7.711905083619058,4.074940140359104,0.1747894505304949,0.1093298474642327,0.2841192979947277,0.8372093023255814,0.9302325581395348,2.077131966128946,0.1242138717286412,0.1082543716248538,True,-0.1242594156410168,0.5508702366664957,-0.7940703829484295,-0.7533103112844004,-0.2801924683018377,False,,210537.0,75.0,76.0,26.0,8000000.0,LM,FIFA 19,"Aug 21, 2018",190002.0
GER-Bundesliga,Krzysztof Piątek,Hertha BSC,2021,FW,25,1630,18.1,0.39,0.06,0.44,2.26,1.05,0.17,0.3314917127071823,1.160220994475138,2.430939226519337,1.1049723756906076,2021,,,,,,,,,,,,,,,,,,,,True,-0.9030462214209622,-0.3297431140465753,0.3917214311359165,,-0.2803559681105403,False,,223113.0,78.0,83.0,25.0,21000000.0,ST,FIFA 21,"Aug 24, 2020",210001.0
GER-Bundesliga,Kingsley Schindler,Köln,2223,"MF,DF",29,1088,12.1,0.0,0.08,0.08,0.91,0.33,0.0,3.801652892561984,0.9917355371900828,0.9090909090909092,0.1652892561983471,2023,,,,,,,,,,,,,,,,,,,,True,1.020404291816202,-0.5871941132352705,-1.2823376005125722,,-0.2830424739772135,False,,238569.0,70.0,70.0,28.0,1600000.0,RM,FIFA 23,"Sep 1, 2022",230001.0
GER-Bundesliga,Maximilian Beier,Dortmund,2526,"MF,FW",22,2026,22.5,0.4,0.27,0.67,2.22,0.89,0.18,1.2444444444444445,1.0666666666666669,1.3777777777777778,0.1333333333333333,2026,,,,,,,,,,,,,,,,,,,,True,-0.3970122623600798,-0.4726970256828058,0.0197083129918079,,-0.2833336583503592,False,,254117.0,79.0,84.0,22.0,27500000.0,ST,FC 26,"Aug 7, 2025",260001.0
ENG-Premier League,Timo Werner,Tottenham Hotspur,2324,"MF,FW",27,809,9.0,0.22,0.33,0.56,3.23,0.78,0.07,3.111111111111111,0.5555555555555556,0.3333333333333333,1.3333333333333333,2024,,,,,,,,,,,,,,,,,,,,False,0.6376488879306217,-1.2536906400418972,-0.2360507057322666,,-0.2840308192811807,False,,,,,,,,,,
GER-Bundesliga,Budu Zivzivadze,Heidenheim,2526,FW,31,1142,12.7,0.47,0.0,0.47,2.21,1.1,0.21,0.4724409448818898,1.0236220472440944,1.1811023622047243,0.6299212598425197,2026,,,,,,,,,,,,,,,,,,,,True,-0.8249204921203511,-0.5384705378814832,0.5079755305559506,,-0.2851384998152946,False,,237633.0,72.0,72.0,31.0,2000000.0,ST,FC 26,"Aug 7, 2025",260001.0
GER-Bundesliga,Kingsley Schindler,Köln,1920,"MF,FW",26,849,9.4,0.0,0.21,0.21,1.38,0.32,0.0,3.617021276595744,1.0638297872340423,1.276595744680851,0.3191489361702127,2020,,,,,,,,,,,,,,,,,,,,True,0.9180661703042412,-0.4770318653554742,-1.3055884203965789,,-0.2881847051492706,False,,238569.0,73.0,74.0,25.0,4800000.0,RM,FIFA 20,"Aug 20, 2019",200001.0
GER-Bundesliga,Timo Werner,RB Leipzig,2223,"FW,MF",26,1937,21.5,0.42,0.14,0.56,2.83,1.16,0.15,1.3488372093023255,0.6046511627906976,0.2790697674418604,1.162790697674419,2023,,,,,,,,,,,,,,,,,,,,True,-0.3391491526262145,-1.1786710309780817,0.6474804498599909,,-0.2901132445814351,False,,212188.0,82.0,84.0,26.0,38000000.0,ST,FIFA 23,"Sep 1, 2022",230001.0
GER-Bundesliga,Christoph Baumgartner,RB Leipzig,2526,MF,25,2780,30.9,0.42,0.26,0.68,2.62,1.13,0.16,0.1941747572815534,1.0679611650485437,2.0388349514563107,0.1294498381877022,2026,,,,,,,,,,,,,,,,,,,,True,-0.9791586423433364,-0.4707189920457629,0.5777279902079705,,-0.2907165480603763,False,,242187.0,77.0,80.0,25.0,14000000.0,CAM,FC 26,"Aug 7, 2025",260001.0
GER-Bundesliga,Jordan Pefok,Gladbach,2324,FW,27,1420,15.8,0.32,0.19,0.51,2.28,0.63,0.14,0.0,1.8987341772151896,2.2784810126582276,0.4430379746835443,2024,,,,,,,,,,,,,,,,,,,,True,-1.0867863625538807,0.7987279117273165,-0.5848130039923685,,-0.2909571516063109,False,,,,,,,,,,
GER-Bundesliga,Dani Olmo,RB Leipzig,2324,MF,25,1449,16.1,0.25,0.31,0.56,2.8,0.87,0.09,1.3043478260869563,1.0559006211180124,0.9316770186335402,0.062111801242236,2024,,,,,,,,,,,,,,,,,,,,True,-0.3638088507047882,-0.4891478768629325,-0.0267933267762056,,-0.2932500181146421,False,,,,,,,,,,
FRA-Ligue 1,Franck Honorat,Saint-Étienne,1920,MF,22,849,9.4,0.0,0.32,0.32,0.53,0.11,0.0,5.638297872340425,0.6382978723404255,0.7446808510638298,0.0,2020,,,,,,,,,,,,,,,,,,,,False,2.038424938666133,-1.1272578162557354,-1.7938556379607211,,-0.2942295051834413,False,,,,,,,,,,
GER-Bundesliga,Anthony Modeste,Köln,1920,FW,31,1138,12.6,0.32,0.08,0.4,2.77,0.87,0.11,0.4761904761904762,1.3492063492063493,1.984126984126984,0.6349206349206349,2020,,,,,,,,,,,,,,,,,,,,True,-0.8228421915613549,-0.0409676363787116,-0.0267933267762056,,-0.2968677182387574,False,,182212.0,79.0,79.0,31.0,11500000.0,ST,FIFA 20,"Aug 20, 2019",200001.0
GER-Bundesliga,Andrej Ilic,Union Berlin,2425,FW,24,937,10.4,0.58,0.0,0.58,2.59,1.06,0.22,0.2884615384615384,0.7692307692307692,1.346153846153846,0.7692307692307692,2025,F S,954.0,4.909044222906232,5.666820885613561,0.3420870099216699,6.0,7.0,6.0,27.0,4.31884459964931,0.4574203137308359,0.4631173795194558,0.0322723594265726,0.4953897389460285,0.5660377358490566,0.628930817610063,1.090955777093768,0.1029203563296007,0.1818164527002308,True,-0.926897105125716,-0.9271882929018088,0.4149722510199233,0.2512643868467089,-0.2969621900402232,False,,,,,,,,,,
GER-Bundesliga,Ermedin Demirović,Freiburg,2021,FW,22,1498,16.6,0.3,0.36,0.66,2.52,1.14,0.12,0.5421686746987951,0.9036144578313252,2.650602409638554,0.6024096385542168,2021,,,,,,,,,,,,,,,,,,,,True,-0.786271613652752,-0.7218458528932232,0.6009788100919773,,-0.3023795521513326,False,,238900.0,70.0,81.0,22.0,3600000.0,ST,FIFA 21,"Aug 24, 2020",210001.0
GER-Bundesliga,Wout Weghorst,Hoffenheim,2324,FW,30,1977,22.0,0.27,0.14,0.41,1.78,0.68,0.15,0.1818181818181818,1.5454545454545454,1.0909090909090908,0.5909090909090909,2024,F S,2019.0,6.332072140648961,7.089848818257451,3.5110421497374773,6.0,7.0,34.0,39.0,12.106838148087265,4.090849205851555,0.2822617596128808,0.1565100512512991,0.43877181086418,1.5156017830609212,1.6840019811788014,-0.332072140648961,-0.0148026214256594,0.1623608241192041,True,-0.9860076790840072,0.2589056881634576,-0.4685589045723344,-0.0179495067558625,-0.3034026005621866,False,,223689.0,77.0,77.0,30.0,10500000.0,ST,FC 24,"Aug 11, 2023",240001.0
GER-Bundesliga,Franck Honorat,Gladbach,2526,"MF,FW",28,1977,22.0,0.09,0.27,0.36,0.77,0.23,0.12,6.090909090909091,0.2727272727272727,0.5454545454545454,0.4545454545454545,2026,,,,,,,,,,,,,,,,,,,,True,2.289299533686882,-1.6858610195291417,-1.51484579935264,,-0.3038024283982998,False,,220876.0,80.0,80.0,28.0,21000000.0,RM,FC 26,"Aug 7, 2025",260001.0
GER-Bundesliga,Ermedin Demirović,Augsburg,2223,"FW,MF",24,2366,26.3,0.27,0.15,0.42,2.4,0.91,0.11,0.7224334600760456,1.1787072243346006,1.8631178707224336,0.4182509505703422,2023,,,,,,,,,,,,,,,,,,,,True,-0.6863539510481096,-0.3014955820325902,0.0662099527598215,,-0.3072131934402928,False,,238900.0,73.0,78.0,24.0,4700000.0,ST,FIFA 23,"Sep 1, 2022",230001.0
GER-Bundesliga,Ransford Königsdörffer,Hamburger SV,2526,"FW,MF",23,2329,25.9,0.19,0.04,0.23,2.51,0.85,0.08,0.8108108108108109,1.2355212355212355,0.9652509652509652,1.0810810810810811,2026,,,,,,,,,,,,,,,,,,,,True,-0.6373679092422827,-0.214682012579114,-0.0732949665442192,,-0.308448296121872,False,,,,,,,,,,
GER-Bundesliga,Josh Sargent,Werder Bremen,2021,"FW,MF",20,2506,27.8,0.18,0.07,0.25,1.62,0.75,0.11,0.4676258992805755,1.5107913669064748,1.2589928057553956,0.2158273381294964,2021,,,,,,,,,,,,,,,,,,,,True,-0.8275893888813644,0.2059392773167424,-0.3058031653842871,,-0.309151092316303,False,,242075.0,69.0,82.0,20.0,3400000.0,ST,FIFA 21,"Aug 24, 2020",210001.0
GER-Bundesliga,Christopher Antwi-Adjei,Paderborn 07,1920,"MF,FW",25,2470,27.4,0.04,0.07,0.11,1.68,0.29,0.02,2.5182481751824817,1.45985401459854,0.5839416058394161,0.145985401459854,2020,,,,,,,,,,,,,,,,,,,,True,0.3090351840452798,0.1281054247159367,-1.3753408800485991,,-0.3127334237624609,False,,,,,,,,,,
GER-Bundesliga,Michael Gregoritsch,Augsburg,1819,"MF,FW",24,2487,27.6,0.18,0.07,0.25,3.08,0.9,0.06,0.5797101449275363,1.0144927536231882,1.0144927536231882,0.6159420289855072,2019,F M S,2499.0,9.94392023794353,10.701694233343003,2.454625306650996,5.0,6.0,28.0,85.0,14.628487627953293,5.329399188049138,0.358124378317294,0.0884018717881511,0.4465262501054451,1.0084033613445378,1.1204481792717087,-4.94392023794353,-0.1780523495057694,0.1169872969169827,True,-0.765463023954284,-0.5524203814018815,0.0429591328758147,0.0189222554504066,-0.314000504257486,False,,199439.0,79.0,82.0,24.0,16000000.0,CAM,FIFA 19,"Aug 21, 2018",190002.0
GER-Bundesliga,Rouwen Hennings,Düsseldorf,1819,FW,30,1833,20.4,0.29,0.2,0.49,2.9,1.08,0.1,0.2450980392156863,1.0784313725490198,1.1274509803921569,0.3921568627450981,2019,,,,,,,,,,,,,,,,,,,,True,-0.9509327451312573,-0.4547201905696806,0.461473890787937,,-0.3147263483043336,False,,179516.0,73.0,73.0,30.0,3900000.0,ST,FIFA 19,"Aug 21, 2018",190002.0
ITA-Serie A,Mattias Svanberg,Bologna,1819,MF,19,1176,13.1,0.0,0.23,0.23,1.68,0.23,0.0,1.5267175572519085,2.519083969465649,2.0610687022900764,0.0763358778625954,2019,M S,1168.0,1.0236045820638535,1.0236045820638535,1.2841016929596665,0.0,0.0,16.0,22.0,3.2617542017251253,1.8861230676993728,0.0788736407412216,0.0989461920944948,0.1778198328357164,1.2328767123287672,1.36986301369863,-1.0236045820638535,-0.0788736407412216,0.0465274810029024,False,-0.2405531425778435,1.7466416155858768,-1.51484579935264,-1.2587560927329606,-0.3168783547693918,False,,228946.0,68.0,83.0,19.0,1900000.0,LM,FIFA 19,"Aug 21, 2018",190002.0
GER-Bundesliga,Patrik Schick,Leverkusen,2324,FW,27,1063,11.8,0.51,0.0,0.51,3.39,1.1,0.15,0.0847457627118644,1.1016949152542372,0.9322033898305084,0.423728813559322,2024,,,,,,,,,,,,,,,,,,,,True,-1.0398132473772448,-0.4191727765041798,0.5079755305559506,,-0.317003497775158,False,,234236.0,83.0,84.0,27.0,42500000.0,ST,FC 24,"Aug 11, 2023",240001.0
GER-Bundesliga,Admir Mehmedi,Wolfsburg,2021,"MF,FW",29,820,9.1,0.0,0.22,0.22,0.88,0.33,0.0,2.307692307692308,1.6483516483516485,2.197802197802198,0.989010989010989,2021,F M S,814.0,0.3513136096298694,0.3513136096298694,2.519929375499487,0.0,0.0,18.0,7.0,4.425206968560815,2.529821889474988,0.0388430280917546,0.2786162700183708,0.3174592981101254,1.9901719901719903,2.211302211302211,-0.3513136096298694,-0.0388430280917546,0.0501876585185527,True,0.1923276968714371,0.4161356496174122,-1.2823376005125722,-0.5947811748808037,-0.3171638572261316,False,,188770.0,76.0,76.0,29.0,7500000.0,CF,FIFA 21,"Aug 24, 2020",210001.0
GER-Bundesliga,Aurélio Buta,Eintracht Frankfurt,2223,MF,25,1318,14.6,0.2,0.14,0.34,0.61,0.27,0.33,4.315068493150685,1.1643835616438356,2.1232876712328768,0.0684931506849315,2023,D S,1339.0,0.7913053203374147,0.7913053203374147,3.1968461498618126,3.0,3.0,18.0,9.0,6.491749152541161,3.201746217906475,0.053187064100349,0.2148739010362682,0.2680609651366172,1.2098581030619866,1.344286781179985,2.2086946796625853,0.1484559530766487,0.0879228133708238,True,1.3049817074674324,-0.3233825824372618,-1.4218425198166127,-0.8296664489948515,-0.3174774609453234,False,,,,,,,,,,
GER-Bundesliga,Marcus Ingvartsen,Union Berlin,2021,MF,24,1963,21.8,0.14,0.23,0.37,1.74,0.64,0.08,2.3394495412844036,1.3302752293577982,2.018348623853211,0.2293577981651376,2021,F M S,1989.0,3.1824697740375996,3.940165899693966,2.5287782046943903,3.0,3.0,24.0,38.0,8.522312108427286,4.476009886711836,0.1440031571962714,0.1144243531535923,0.2584275103498638,1.085972850678733,1.206636500754148,-0.1824697740375995,-0.0082565508614298,0.0837492045799368,True,0.2099301839277486,-0.0698949740807693,-0.5615621841083617,-0.8754727856067643,-0.3242499399670366,False,,215247.0,69.0,73.0,24.0,2000000.0,ST,FIFA 21,"Aug 24, 2020",210001.0
GER-Bundesliga,Eren Dinkçi,Heidenheim,2324,MF,21,2650,29.4,0.34,0.17,0.51,1.66,0.71,0.2,2.653061224489796,0.7482993197278912,0.9523809523809524,0.0680272108843537,2024,,,,,,,,,,,,,,,,,,,,True,0.3837597329759064,-0.9591721962951236,-0.3988064449203143,,-0.3247396360798438,False,,258316.0,65.0,77.0,21.0,1800000.0,RM,FC 24,"Aug 11, 2023",240001.0
ESP-La Liga,Takuma Asano,Mallorca,2425,"MF,FW",29,1054,11.7,0.17,0.09,0.26,2.39,0.68,0.07,1.7094017094017095,1.2820512820512822,0.4273504273504274,0.5128205128205129,2025,F M S,1071.0,2.957052057608962,2.957052057608962,0.93105398863554,2.0,2.0,6.0,28.0,6.2074980661273,2.5558740701526403,0.2484917695469715,0.0782398309777764,0.3267316005247481,0.5042016806722689,0.5602240896358543,-0.957052057608962,-0.0804245426562152,0.1056090020574629,False,-0.1392944666832749,-0.1435826597655965,-0.4685589045723344,-0.5506920900225153,-0.3255320302609303,False,,,,,,,,,,
GER-Bundesliga,Andreas Hountondji,St Pauli,2526,FW,23,1067,11.9,0.34,0.0,0.34,1.77,1.1,0.19,1.680672268907563,0.5042016806722689,0.7563025210084033,0.5882352941176471,2026,,,,,,,,,,,,,,,,,,,,True,-0.1552187002273188,-1.3321609520436328,0.5079755305559506,,-0.326468040571667,False,,,,,,,,,,
ENG-Premier League,Jean-Philippe Mateta,Crystal Palace,2223,FW,25,770,8.6,0.23,0.0,0.23,3.27,0.94,0.07,0.3488372093023256,0.9302325581395348,1.8604651162790695,0.813953488372093,2023,F S,717.0,3.3088645320385695,3.3088645320385695,0.4064396023750305,2.0,2.0,5.0,28.0,4.657251037657261,1.3217991441488266,0.4153386441889418,0.0510175233106732,0.466356167499615,0.6276150627615062,0.697350069735007,-1.3088645320385697,-0.1642926190843392,0.1181737332870917,False,-0.8934319117105188,-0.6811725708706725,0.1359624124118417,0.1132119875611324,-0.3313575206520543,False,,,,,,,,,,
GER-Bundesliga,Junior Adamu,Freiburg,2425,FW,23,1545,17.2,0.12,0.12,0.23,2.16,0.7,0.05,0.2906976744186046,1.2790697674418603,2.1511627906976747,0.988372093023256,2025,F S,1579.0,6.322013634257019,6.322013634257019,2.053700706921518,2.0,2.0,17.0,37.0,8.28467621654272,0.9772418979555368,0.3603427657271258,0.1170570383932467,0.4773998041203726,0.9689677010766308,1.076630778974034,-4.322013634257019,-0.2463465656004634,0.1708652333582977,True,-0.9256576535177458,-0.1481385064698769,-0.4220572648043211,0.1657236303381001,-0.3325324486134609,False,,257877.0,70.0,77.0,23.0,3200000.0,ST,FC 25,"Aug 7, 2024",250001.0
GER-Bundesliga,Jean-Paul Boëtius,Hertha BSC,2223,MF,28,1050,11.7,0.0,0.0,0.0,0.43,0.26,0.0,0.4273504273504274,2.2222222222222223,1.1965811965811963,0.0,2023,,,,,,,,,,,,,,,,,,,,True,-0.8499133885862293,1.2930276676507924,-1.4450933397006196,,-0.3339930202120189,False,,205402.0,75.0,75.0,28.0,5500000.0,CAM,FIFA 23,"Sep 1, 2022",230001.0
GER-Bundesliga,Daichi Kamada,Eintracht Frankfurt,2223,MF,25,2265,25.2,0.24,0.24,0.48,1.75,0.6,0.14,2.0238095238095237,1.031746031746032,1.5873015873015874,0.2777777777777778,2023,M S,2279.0,6.612399263307452,8.885730244219303,3.55752938054502,6.0,9.0,34.0,44.0,17.701268509030342,10.873036798089744,0.2611302912231991,0.1404904099381534,0.4016207011613525,1.3426941641070644,1.491882404563405,-0.6123992633074522,-0.0241842622631288,0.1502818014388057,True,0.0349763641643541,-0.5260568378439858,-0.654565463644389,-0.1946001761391688,-0.3350615283657974,False,,232730.0,80.0,82.0,25.0,26500000.0,CAM,FIFA 23,"Sep 1, 2022",230001.0
GER-Bundesliga,Marco Reus,Dortmund,2223,MF,33,1353,15.0,0.33,0.27,0.6,2.46,0.73,0.14,1.2666666666666666,1.2,1.2,0.2,2023,,,,,,,,,,,,,,,,,,,,True,-0.384694867713762,-0.2689595610673907,-0.3523048051523006,,-0.3353197446444844,False,,188350.0,85.0,85.0,33.0,33500000.0,CAM,FIFA 23,"Sep 1, 2022",230001.0
GER-Bundesliga,Silas Katompa,Stuttgart,2223,"FW,MF",23,1992,22.1,0.18,0.09,0.27,1.94,0.81,0.09,1.4932126696832575,0.995475113122172,1.67420814479638,0.6787330316742081,2023,,,,,,,,,,,,,,,,,,,,True,-0.2591243241022047,-0.5814799253417154,-0.1662982460802462,,-0.3356341651747221,False,,,,,,,,,,
GER-Bundesliga,Jean-Philippe Mateta,Mainz 05,1920,FW,22,1053,11.7,0.17,0.09,0.26,2.99,1.03,0.06,0.4273504273504274,0.5982905982905983,0.7692307692307693,1.0256410256410258,2020,F S,1062.0,4.809065014123917,5.5668420270085335,1.2826550006866455,2.0,3.0,6.0,35.0,6.353745108470321,1.8619926422834396,0.4075478825528743,0.1086995763293767,0.516247458882251,0.5084745762711864,0.5649717514124294,-2.8090650141239166,-0.2380563571291454,0.1374018575463976,True,-0.8499133885862293,-1.1883901706138795,0.3452197913679029,0.3504412409976583,-0.3356606317086369,False,,236461.0,78.0,85.0,22.0,15000000.0,ST,FIFA 20,"Aug 20, 2019",200001.0
GER-Bundesliga,Mario Götze,Eintracht Frankfurt,2223,MF,30,2740,30.4,0.1,0.03,0.13,0.85,0.3,0.12,3.355263157894737,1.4473684210526316,0.8223684210526316,0.0986842105263157,2023,M,2766.0,3.3162593068554997,3.3162593068554997,4.618421275168657,3.0,3.0,42.0,26.0,20.433497086167336,14.922903863247484,0.1079043158412852,0.1502740111226244,0.2581783269639096,1.3665943600867678,1.5184381778741864,-0.3162593068554997,-0.0102904329779446,0.1275484348790576,True,0.7729781580579301,0.1090270509164717,-1.3520900601645924,-0.8766576334425383,-0.3366856211581822,False,,192318.0,81.0,81.0,30.0,25000000.0,CAM,FIFA 23,"Sep 1, 2022",230001.0
GER-Bundesliga,Mohamed Amoura,Wolfsburg,2425,"FW,MF",24,2467,27.4,0.29,0.33,0.62,2.77,1.02,0.11,1.3138686131386863,0.7299270072992701,1.131386861313869,0.8394160583941607,2025,,,,,,,,,,,,,,,,,,,,True,-0.3585316425891012,-0.9872456589450952,0.3219689714838961,,-0.3412694433501,False,,264697.0,75.0,80.0,24.0,8500000.0,ST,FC 25,"Aug 7, 2024",250001.0
GER-Bundesliga,Guido Burgstaller,Schalke 04,1920,FW,30,1234,13.7,0.0,0.07,0.07,2.55,0.73,0.0,0.9489051094890512,1.3138686131386863,1.5328467153284673,1.2408759124087592,2020,F S,1220.0,3.985293870791793,3.985293870791793,0.967811793088913,0.0,0.0,8.0,35.0,5.032767821103334,1.3905220869928598,0.2939970888289027,0.0713959519491821,0.3653930407780849,0.5901639344262295,0.6557377049180327,-3.985293870791793,-0.2939970888289027,0.1138655391654798,True,-0.5608246203570956,-0.0949647920162694,-0.3523048051523006,-0.3668599150295061,-0.3437385331387929,False,,193584.0,77.0,77.0,30.0,8500000.0,ST,FIFA 20,"Aug 20, 2019",200001.0
ITA-Serie A,Justin Kluivert,Roma,1920,MF,20,1514,16.8,0.24,0.06,0.3,2.02,0.65,0.12,1.369047619047619,1.726190476190476,1.7857142857142856,0.0595238095238095,2020,F M S,1539.0,2.7704060915857553,2.7704060915857553,1.0244837878271935,4.0,4.0,21.0,34.0,7.511801402084529,4.072239125147462,0.1620120521395178,0.0599113326214733,0.2219233847609911,1.2280701754385963,1.364522417153996,1.2295939084142449,0.0719060765154529,0.0814825321054634,False,-0.3279468709503688,0.5350757903613012,-0.5383113642243549,-1.0490470952870985,-0.3450573850251302,False,,236920.0,75.0,86.0,20.0,11500000.0,LW,FIFA 20,"Aug 20, 2019",200001.0
GER-Bundesliga,Jonas Wind,Wolfsburg,2223,FW,23,1291,14.3,0.42,0.0,0.42,2.09,0.7,0.2,0.1398601398601398,1.5384615384615383,1.1888111888111887,0.0,2023,F S,1311.0,4.390843458473682,5.148620136082172,1.4154658820480108,6.0,6.0,14.0,30.0,7.339821260422468,2.81390243396163,0.3014309010393832,0.0971715708499778,0.3986024718893611,0.9610983981693364,1.0678871090770403,1.6091565415263176,0.1104684124617609,0.1463614486157894,True,-1.0092642983462858,0.2482201568025091,-0.4220572648043211,-0.2089516241985792,-0.3480132576366692,False,,241522.0,76.0,82.0,23.0,12000000.0,ST,FIFA 23,"Sep 1, 2022",230001.0
GER-Bundesliga,Ihlas Bebou,Hoffenheim,1920,"FW,MF",25,2102,23.4,0.26,0.04,0.3,1.5,0.73,0.17,1.5811965811965814,1.2393162393162394,1.0256410256410258,0.2564102564102564,2020,F M S,2085.0,4.252615045756102,4.252615045756102,2.9289172547869384,6.0,6.0,31.0,35.0,9.96163349924609,3.8058319855481386,0.1835661170829972,0.1264280829404434,0.3099942000234406,1.3381294964028776,1.486810551558753,1.7473849542438984,0.0754266886723984,0.1215032870216029,True,-0.2103563588735704,-0.2088831291936143,-0.3523048051523006,-0.630277142149974,-0.3504553588423648,False,,216258.0,77.0,80.0,25.0,11000000.0,RW,FIFA 20,"Aug 20, 2019",200001.0
FRA-Ligue 1,Ludovic Ajorque,Strasbourg,1819,FW,24,1531,17.0,0.53,0.06,0.59,2.7,1.0,0.2,0.2941176470588235,1.0,2.6470588235294117,0.1764705882352941,2019,F S,1541.0,5.792464706115425,5.792464706115425,1.0850900150835514,9.0,9.0,14.0,46.0,5.933150049299002,1.3923137113451958,0.3383009886764362,0.063373200102219,0.4016741887786553,0.81765087605451,0.9085009733939,3.2075352938845754,0.1873317173586059,0.1259231457851179,False,-0.9237620216467324,-0.5745657579905133,0.2754673317158825,-0.194345846632572,-0.3543015736384838,False,,,,,,,,,,
GER-Bundesliga,Mateo Klimowicz,Stuttgart,2021,"FW,MF",20,1198,13.3,0.08,0.08,0.15,2.48,0.83,0.03,0.5263157894736842,1.2781954887218046,0.9774436090225564,0.0,2021,,,,,,,,,,,,,,,,,,,,True,-0.7950585946147732,-0.1494744314433125,-0.1197966063122328,,-0.3547765441234395,False,,251243.0,60.0,74.0,19.0,575000.0,CAM,FIFA 21,"Aug 24, 2020",210001.0
GER-Bundesliga,Mikael Ishak,Nürnberg,1819,FW,25,1917,21.3,0.19,0.14,0.33,1.78,0.66,0.11,0.6103286384976525,1.5023474178403755,1.1267605633802815,0.7511737089201878,2019,,,,,,,,,,,,,,,,,,,,True,-0.748491720859235,0.1930366615112267,-0.5150605443403481,,-0.3568385345627854,False,,,,,,,,,,
GER-Bundesliga,Rafael Borré,Eintracht Frankfurt,2223,"MF,FW",26,1078,12.0,0.08,0.17,0.25,2.09,0.75,0.04,1.8333333333333333,0.9166666666666666,1.9166666666666667,1.5833333333333333,2023,,,,,,,,,,,,,,,,,,,,True,-0.0706013042326561,-0.7019016733751479,-0.3058031653842871,,-0.3594353809973636,False,,,,,,,,,,
GER-Bundesliga,Tomáš Čvančara,Gladbach,2425,"MF,FW",23,831,9.2,0.22,0.0,0.22,2.6,0.97,0.08,1.6304347826086958,0.6521739130434783,1.1956521739130437,0.108695652173913,2025,,,,,,,,,,,,,,,,,,,,True,-0.1830644727425149,-1.1060547961176834,0.2057148720638621,,-0.361134798932112,False,,246919.0,75.0,80.0,23.0,8500000.0,ST,FC 25,"Aug 7, 2024",250001.0
GER-Bundesliga,Robin Quaison,Mainz 05,2021,"MF,FW",26,1476,16.4,0.3,0.12,0.43,2.13,1.04,0.14,0.4878048780487805,0.7317073170731708,1.2804878048780488,0.1829268292682927,2021,F M S,1485.0,5.289112162776291,6.046889369376004,1.9227150157094,5.0,6.0,8.0,35.0,11.021495144814253,4.826903821900487,0.3205522522894722,0.1165281827702666,0.4370804350597388,0.4848484848484848,0.5387205387205387,-0.2891121627762913,-0.0175219492591691,0.1511174903650368,True,-0.8164045288542202,-0.9845252904483608,0.3684706112519098,-0.0259918686240064,-0.3646127691686694,False,,208451.0,76.0,77.0,26.0,9000000.0,ST,FIFA 21,"Aug 24, 2020",210001.0
GER-Bundesliga,Haris Tabaković,Hoffenheim,2425,FW,30,821,9.1,0.33,0.11,0.44,3.29,1.1,0.1,0.4395604395604395,0.8791208791208791,1.6483516483516485,1.208791208791209,2025,,,,,,,,,,,,,,,,,,,,True,-0.8431455893300108,-0.7592728000869062,0.5079755305559506,,-0.3648142862869888,False,,,,,,,,,,
GER-Bundesliga,Tim Skarke,Union Berlin,2425,"FW,MF",27,1164,12.9,0.0,0.15,0.15,1.55,0.7,0.0,2.1705426356589146,1.162790697674419,0.7751937984496123,0.7751937984496123,2025,F M S,1126.0,1.8874823031947017,1.8874823031947017,1.4547926597297192,0.0,0.0,16.0,20.0,4.5260762674734,1.596790213137865,0.1508644824933598,0.116280052731505,0.2671445352248649,1.2788632326820604,1.4209591474245116,-1.8874823031947017,-0.1508644824933598,0.094374115159735,True,0.1163079982492603,-0.3258165279368087,-0.4220572648043211,-0.8340240027435517,-0.3663974493088553,False,,229286.0,73.0,73.0,27.0,3300000.0,ST,FC 25,"Aug 7, 2024",250001.0
GER-Bundesliga,Lovro Majer,Wolfsburg,2526,MF,27,1371,15.2,0.13,0.2,0.33,1.77,0.39,0.07,1.842105263157895,1.4473684210526316,1.973684210526316,0.2631578947368421,2026,,,,,,,,,,,,,,,,,,,,True,-0.0657391747670042,0.1090270509164717,-1.1428326812085312,,-0.3665149350196879,False,,244261.0,78.0,79.0,27.0,16000000.0,CM,FC 26,"Aug 7, 2025",260001.0
GER-Bundesliga,Alfreð Finnbogason,Augsburg,1819,FW,29,1335,14.8,0.4,0.07,0.47,2.76,1.21,0.15,0.3378378378378378,0.7432432432432432,2.297297297297298,1.6216216216216215,2019,,,,,,,,,,,,,,,,,,,,True,-0.8995286736740482,-0.966898037824252,0.7637345492800249,,-0.3675640540727585,False,,195586.0,78.0,78.0,29.0,10500000.0,ST,FIFA 19,"Aug 21, 2018",190002.0
GER-Bundesliga,Dženan Pejčinović,Wolfsburg,2526,FW,20,1460,16.2,0.49,0.0,0.49,3.14,1.42,0.16,0.308641975308642,0.4320987654320988,1.3580246913580247,0.308641975308642,2026,,,,,,,,,,,,,,,,,,,,True,-0.915711436910577,-1.442336440611726,1.2520017668441674,,-0.3686820368927119,False,,270532.0,65.0,79.0,20.0,1700000.0,ST,FC 26,"Aug 7, 2025",260001.0
GER-Bundesliga,Ansgar Knauff,Eintracht Frankfurt,2324,"MF,FW",21,2109,23.4,0.3,0.09,0.38,1.58,0.55,0.19,1.965811965811966,1.0256410256410258,1.3675213675213675,0.0854700854700854,2024,D F M S,2159.0,6.450881984084845,6.450881984084845,3.2767638489603996,7.0,7.0,19.0,37.0,11.87765314336866,3.4460749896243215,0.2689112452837591,0.1365950654962649,0.4055063107800241,0.7920333487725799,0.8800370541917555,0.5491180159151554,0.0228905147903492,0.1743481617320228,True,0.0028293176973158,-0.5353854763337026,-0.7708195630644227,-0.1761244012406253,-0.3698750307353586,False,,257540.0,75.0,81.0,21.0,9000000.0,RM,FC 24,"Aug 11, 2023",240001.0
GER-Bundesliga,Merlin Röhl,Freiburg,2324,"MF,FW",21,1477,16.4,0.12,0.24,0.37,1.46,0.49,0.08,0.9756097560975612,1.707317073170732,2.1341463414634148,0.1219512195121951,2024,F M S,1509.0,3.106929948553443,3.106929948553443,2.4336063899099827,2.0,2.0,18.0,24.0,8.70490767993033,3.5572371650487185,0.185303973074758,0.1451455103326033,0.3304494834073614,1.0735586481113322,1.1928429423459244,-1.106929948553443,-0.0660196788401655,0.1294554145230601,True,-0.5460226951545595,0.5062366457619941,-0.9103244823684636,-0.5330138428542377,-0.3707810936538166,False,,259714.0,65.0,77.0,20.0,1700000.0,CM,FC 24,"Aug 11, 2023",240001.0
GER-Bundesliga,Niclas Füllkrug,Hannover 96,1819,FW,25,1112,12.4,0.08,0.08,0.16,2.99,1.05,0.03,0.564516129032258,1.129032258064516,1.6129032258064515,0.4032258064516129,2019,F S,1114.0,2.649823907762766,3.407600898295641,0.9361870167776942,1.0,2.0,13.0,37.0,5.011509217321873,2.4912899769842625,0.2140791307887333,0.0756344986624708,0.2897136294512041,1.0502692998204668,1.1669658886894074,-1.649823907762766,-0.1332891846486974,0.0716168623719666,True,-0.7738848050062896,-0.377400469653015,0.3917214311359165,-0.7267096954631339,-0.3715683847466305,False,,205431.0,78.0,79.0,25.0,12500000.0,ST,FIFA 19,"Aug 21, 2018",190002.0
GER-Bundesliga,Jordan Pefok,Union Berlin,2425,FW,28,908,10.1,0.0,0.1,0.1,2.28,0.79,0.0,0.0,1.4851485148514851,2.1782178217821784,0.6930693069306931,2025,,,,,,,,,,,,,,,,,,,,True,-1.0867863625538807,0.1667562048428041,-0.2127998858482598,,-0.3776100145197787,False,,,,,,,,,,
GER-Bundesliga,Gerrit Holtmann,Paderborn 07,1920,"MF,DF",24,1065,11.8,0.08,0.0,0.08,2.03,0.76,0.04,3.0508474576271185,0.423728813559322,1.271186440677966,0.0,2020,,,,,,,,,,,,,,,,,,,,True,0.6042457838050138,-1.4551259864130703,-0.2825523455002802,,-0.3778108493694456,False,,228614.0,71.0,76.0,24.0,3200000.0,LM,FIFA 20,"Aug 20, 2019",200001.0
GER-Bundesliga,Jeong Woo-yeong,Union Berlin,2425,"MF,FW",24,1263,14.0,0.21,0.14,0.36,1.78,0.43,0.12,2.642857142857143,1.0714285714285714,1.1428571428571428,0.2857142857142857,2025,,,,,,,,,,,,,,,,,,,,True,0.3781037864546379,-0.4654206876608267,-1.0498294016725045,,-0.3790487676262311,False,,,,,,,,,,
GER-Bundesliga,Streli Mamba,Paderborn 07,1920,FW,25,1521,16.9,0.3,0.12,0.41,1.36,0.59,0.22,0.3550295857988166,1.656804733727811,2.1301775147928996,0.6508875739644971,2020,,,,,,,,,,,,,,,,,,,,True,-0.889999584180755,0.4290522259877894,-0.6778162835283957,,-0.3795878805737871,False,,243749.0,64.0,68.0,25.0,600000.0,ST,FIFA 20,"Aug 20, 2019",200001.0
FRA-Ligue 1,Ludovic Ajorque,Brest,2526,FW,31,2820,31.3,0.26,0.29,0.54,1.76,0.54,0.15,0.2875399361022364,1.757188498402556,2.07667731629393,0.4472843450479233,2026,,,,,,,,,,,,,,,,,,,,False,-0.9274079334242088,0.5824417287631621,-0.7940703829484295,,-0.379678862536492,False,,,,,,,,,,
GER-Bundesliga,Sergio Córdova,Arminia,2021,"FW,MF",22,1090,12.1,0.17,0.08,0.25,1.65,0.33,0.1,0.9917355371900828,1.8181818181818183,1.2396694214876034,0.7438016528925621,2021,,,,,,,,,,,,,,,,,,,,True,-0.537084452718207,0.6756414112404435,-1.2823376005125722,,-0.3812602139967785,False,,,,,,,,,,
GER-Bundesliga,Danny da Costa,Eintracht Frankfurt,1920,MF,26,1389,15.4,0.06,0.26,0.32,1.1,0.26,0.06,5.51948051948052,0.3246753246753247,0.4545454545454545,0.2597402597402597,2020,D M S,1389.0,1.5111648067831993,1.5111648067831993,3.846551671624184,1.0,1.0,22.0,17.0,8.529056921601295,4.603726426139474,0.097915646227853,0.2492366093924957,0.3471522556203488,1.42548596112311,1.5838732901367891,-0.5111648067831993,-0.0331208298131662,0.0888920474578352,True,1.9725665284958511,-1.6064827865620968,-1.4450933397006196,-0.453593445574515,-0.383150760835345,False,,202429.0,79.0,81.0,25.0,13500000.0,RWB,FIFA 20,"Aug 20, 2019",200001.0
GER-Bundesliga,Tim Lemperle,Hoffenheim,2526,FW,23,1944,21.6,0.32,0.09,0.42,2.45,0.97,0.13,1.25,0.7407407407407407,2.7777777777777777,0.8333333333333333,2026,,,,,,,,,,,,,,,,,,,,True,-0.3939329136985003,-0.970721939187154,0.2057148720638621,,-0.3863133269405974,False,,256564.0,73.0,81.0,23.0,7000000.0,ST,FC 26,"Aug 7, 2025",260001.0
GER-Bundesliga,Marvin Pieringer,Heidenheim,2324,"FW,MF",23,1513,16.8,0.18,0.18,0.36,1.61,0.48,0.11,0.4166666666666666,1.7857142857142856,2.261904761904762,0.3571428571428571,2024,,,,,,,,,,,,,,,,,,,,True,-0.8558352129354206,0.62603001563604,-0.9335753022524704,,-0.387793499850617,False,,260290.0,71.0,77.0,23.0,3000000.0,ST,FC 24,"Aug 11, 2023",240001.0
GER-Bundesliga,Marius Wolf,Dortmund,1819,"DF,FW",23,828,9.2,0.11,0.0,0.11,0.76,0.33,0.14,2.065217391304348,1.4130434782608696,1.4130434782608696,0.2173913043478261,2019,,,,,,,,,,,,,,,,,,,,True,0.0579280312071827,0.056577474785501,-1.2823376005125722,,-0.3892773648399628,False,,224425.0,77.0,83.0,23.0,12000000.0,RM,FIFA 19,"Aug 21, 2018",190002.0
GER-Bundesliga,Adrian Beck,Heidenheim,2526,MF,28,868,9.6,0.1,0.1,0.21,1.14,0.41,0.09,1.5625,1.4583333333333337,1.3541666666666667,0.1041666666666666,2026,,,,,,,,,,,,,,,,,,,,True,-0.2207195514846552,0.1257817766249764,-1.096331041440518,,-0.3970896054333988,False,,253133.0,73.0,73.0,28.0,3000000.0,CM,FC 26,"Aug 7, 2025",260001.0
GER-Bundesliga,Marius Bülter,Union Berlin,1920,"MF,FW",26,2321,25.8,0.27,0.04,0.31,1.59,0.58,0.17,2.7906976744186047,1.007751937984496,1.2790697674418603,0.3488372093023256,2020,D F M S,2357.0,3.441751189529896,3.441751189529896,3.8247946482151742,7.0,7.0,26.0,41.0,7.673503904603422,1.8091041650623083,0.1314202830113239,0.1460464651418607,0.2774667481531847,0.992787441663131,1.1030971574034791,3.558248810470104,0.1358686435902882,0.0839451509641438,True,0.4600492441930152,-0.5627205565593846,-0.7010671034124025,-0.7849426741401714,-0.3971702724797358,False,,244390.0,69.0,70.0,26.0,1200000.0,RM,FIFA 20,"Aug 20, 2019",200001.0
ENG-Premier League,Joelinton,Newcastle United,2324,"MF,FW",26,1279,14.2,0.14,0.07,0.21,1.34,0.63,0.11,0.1408450704225352,1.5492957746478877,1.971830985915493,0.0,2024,F M S,1289.0,2.5591788068413734,2.5591788068413734,2.958754763007164,2.0,2.0,23.0,19.0,10.31060659699142,6.361314440146089,0.1786858747988546,0.2065848942363419,0.3852707690351965,1.6058960434445306,1.7843289371605895,-0.5591788068413734,-0.0390427405862867,0.1346936214127038,False,-1.0087183683166547,0.2647752053898944,-0.5848130039923685,-0.2723428459425766,-0.4002747532154264,False,,,,,,,,,,
GER-Bundesliga,Sirlord Conteh,Heidenheim,2425,"MF,FW",28,892,9.9,0.1,0.1,0.2,1.31,0.5,0.08,2.121212121212121,1.1111111111111112,0.8080808080808081,0.404040404040404,2025,,,,,,,,,,,,,,,,,,,,True,0.0889649445946435,-0.4047845374776673,-0.8870736624844567,,-0.4009644184558268,False,,251002.0,67.0,67.0,27.0,1100000.0,ST,FC 25,"Aug 7, 2024",250001.0
GER-Bundesliga,Philipp Hofmann,Bochum,2223,FW,29,2631,29.2,0.27,0.07,0.34,1.78,0.72,0.15,0.136986301369863,1.404109589041096,1.5753424657534247,0.547945205479452,2023,F S,2663.0,8.852028047665954,8.852028047665954,2.597704393789172,8.0,8.0,25.0,52.0,10.911799021065235,2.271575433202088,0.2991673016484926,0.0877932389940013,0.3869605406424939,0.8449117536612842,0.938790837401427,-0.8520280476659536,-0.0287955404768816,0.1702313086089606,True,-1.0108572174738393,0.0429262152445634,-0.3755556250363075,-0.264308111908474,-0.4019486847935143,False,,206606.0,74.0,74.0,29.0,4200000.0,ST,FIFA 23,"Sep 1, 2022",230001.0
GER-Bundesliga,Benjamin Šeško,RB Leipzig,2425,"FW,MF",21,2380,26.4,0.42,0.19,0.61,2.57,1.17,0.16,0.2651515151515151,0.7575757575757576,0.9848484848484848,0.6818181818181819,2025,,,,,,,,,,,,,,,,,,,,True,-0.9398174491603152,-0.9449975118367228,0.6707312697439977,,-0.4046945637510135,False,,260592.0,79.0,88.0,21.0,39500000.0,ST,FC 25,"Aug 7, 2024",250001.0
GER-Bundesliga,Nils Petersen,Freiburg,1819,FW,29,1929,21.4,0.42,0.14,0.56,2.33,1.07,0.18,0.3738317757009346,0.8878504672897197,1.074766355140187,0.0934579439252336,2019,F S,1925.0,5.907995667308569,7.423546638339758,1.5120443776249886,9.0,10.0,21.0,49.0,8.715456280857325,3.148185597732663,0.2762179792507902,0.0706929838889605,0.3469109631397507,0.9818181818181818,1.090909090909091,3.092004332691431,0.1445612415284305,0.1205713401491544,True,-0.8795778544849819,-0.7459337188819839,0.4382230709039301,-0.4547407727622023,-0.4105073188063095,False,,183580.0,79.0,79.0,29.0,12500000.0,ST,FIFA 19,"Aug 21, 2018",190002.0
ESP-La Liga,Paco Alcácer,Villarreal,1920,FW,25,924,10.3,0.39,0.1,0.49,2.53,0.68,0.15,0.0970873786407767,1.0679611650485437,0.3883495145631068,1.262135922330097,2020,F S,931.0,3.686905272305012,3.686905272305012,1.59313347004354,4.0,4.0,9.0,26.0,5.896117832511663,1.7246623151004314,0.3564140435096144,0.1540086061266579,0.5104226496362725,0.870032223415682,0.966702470461869,0.3130947276949882,0.0302669446751331,0.1418040489348081,False,-1.0329725024486085,-0.4707189920457629,-0.4685589045723344,0.3227447210131189,-0.4123764195133967,False,,,,,,,,,,
GER-Bundesliga,Shuto Machino,Gladbach,2526,"FW,MF",25,1076,12.0,0.25,0.08,0.33,2.09,0.92,0.12,0.8333333333333334,0.9166666666666666,1.1666666666666667,0.75,2026,,,,,,,,,,,,,,,,,,,,True,-0.6248840633169606,-0.7019016733751479,0.0894607726438283,,-0.41244165468276,False,,245622.0,75.0,78.0,25.0,7500000.0,ST,FC 26,"Aug 7, 2025",260001.0
FRA-Ligue 1,Ludovic Ajorque,Strasbourg,1920,FW,25,2058,22.9,0.31,0.17,0.48,2.14,0.92,0.14,0.5240174672489083,0.9170305676855895,1.6157205240174672,0.1746724890829694,2020,F S,2082.0,5.699635338038206,6.4597303085029125,3.3605425357818604,7.0,8.0,16.0,50.0,10.182374380528929,2.2302952921018004,0.2463819310391155,0.1452684093277461,0.3916503403668617,0.69164265129683,0.7684918347742555,1.300364661961794,0.0562117289032475,0.1139927067607641,False,-0.7963325149987868,-0.7013456213429005,0.0894607726438283,-0.2420084749067786,-0.4125564596511594,False,,,,,,,,,,
GER-Bundesliga,Mathias Honsak,Heidenheim,2526,"MF,FW",28,1249,13.9,0.14,0.07,0.22,2.23,0.58,0.06,1.7985611510791366,1.079136690647482,0.7913669064748201,0.6474820143884892,2026,,,,,,,,,,,,,,,,,,,,True,-0.0898749253518945,-0.4536424426612203,-0.7010671034124025,,-0.4148614904751724,False,,232156.0,74.0,74.0,28.0,4200000.0,LM,FC 26,"Aug 7, 2025",260001.0
GER-Bundesliga,Alexander Sørloth,RB Leipzig,2021,FW,24,1443,16.0,0.31,0.19,0.5,2.99,1.12,0.1,1.125,0.5,1.75,0.5,2021,,,,,,,,,,,,,,,,,,,,True,-0.4632182585840384,-1.3385812502983203,0.5544771703239642,,-0.4157741128527982,False,,,,,,,,,,
GER-Bundesliga,Mario Götze,Eintracht Frankfurt,2324,MF,31,2068,23.0,0.13,0.09,0.22,0.57,0.3,0.23,2.347826086956522,1.5217391304347827,0.6086956521739131,0.0434782608695652,2024,F M S,2079.0,2.785656651481986,2.785656651481986,3.756745349615812,3.0,3.0,35.0,13.0,12.171520452015102,7.01344698201865,0.1205911970338522,0.1626296688145373,0.2832208658483895,1.5151515151515151,1.6835016835016834,0.2143433485180139,0.0092789328362776,0.2142812808832297,True,0.2145731587744861,0.2226677992002417,-1.3520900601645924,-0.7575822870427463,-0.4181078473081527,False,,192318.0,82.0,82.0,31.0,25000000.0,CAM,FC 24,"Aug 11, 2023",240001.0
GER-Bundesliga,Philipp Hofmann,Bochum,2425,FW,31,2277,25.3,0.12,0.12,0.24,2.13,0.75,0.06,0.3952569169960474,1.225296442687747,1.4229249011857708,0.1581027667984189,2025,F M S,2257.0,4.961120470426977,4.961120470426977,4.690533764660358,3.0,3.0,27.0,52.0,10.245639266446233,3.2190974690020084,0.1978293497290331,0.1870394500750696,0.3848687998041028,1.076650420912716,1.1962782454585734,-1.961120470426977,-0.0782015251831758,0.0954061628928264,True,-0.8677022680541558,-0.23030581283996,-0.3058031653842871,-0.274254178721387,-0.4195163562499475,False,,206606.0,73.0,73.0,31.0,2600000.0,ST,FC 25,"Aug 7, 2024",250001.0
GER-Bundesliga,Jan Thielmann,Köln,2021,"FW,MF",18,1029,11.4,0.17,0.26,0.44,1.05,0.35,0.17,3.7719298245614032,0.7017543859649122,1.1403508771929824,0.175438596491228,2021,,,,,,,,,,,,,,,,,,,,True,1.00392930767639,-1.0302942972618367,-1.2358359607445586,,-0.4207336501100018,False,,254660.0,67.0,84.0,18.0,2600000.0,RM,FIFA 21,"Aug 24, 2020",210001.0
GER-Bundesliga,Patrik Schick,Leverkusen,2021,FW,24,1866,20.7,0.43,0.05,0.48,2.7,1.01,0.16,0.0,1.0628019323671498,1.352657004830918,0.3381642512077294,2021,,,,,,,,,,,,,,,,,,,,True,-1.0867863625538807,-0.4786024594397742,0.2987181515998893,,-0.4222235567979218,False,,,,,,,,,,
ITA-Serie A,Ivan Perišić,Inter,2021,MF,31,1795,19.9,0.2,0.15,0.35,1.81,0.55,0.11,4.572864321608041,0.100502512562814,0.6532663316582915,0.4020100502512563,2021,,,,,,,,,,,,,,,,,,,,False,1.4478734905451995,-1.9490257893784273,-0.7708195630644227,,-0.4239906206325501,False,,,,,,,,,,
GER-Bundesliga,Kevin Möhwald,Werder Bremen,2021,MF,27,1555,17.3,0.29,0.06,0.35,1.33,0.46,0.22,1.791907514450867,1.907514450867052,1.213872832369942,0.0,2021,M S,1578.0,1.7985939159989357,1.7985939159989357,0.6334564816206694,5.0,5.0,10.0,23.0,3.867029432207346,2.233619318343699,0.1025814020531712,0.0361286966703803,0.1387100987235516,0.5703422053231939,0.6337135614702154,3.2014060840010643,0.1825897006084257,0.0781997354782146,True,-0.0935629214201562,0.8121444419207658,-0.9800769420204838,-1.4447198705468776,-0.426553823016688,False,,211818.0,72.0,73.0,26.0,2700000.0,CM,FIFA 21,"Aug 24, 2020",210001.0
GER-Bundesliga,Davie Selke,Köln,2324,FW,28,1265,14.1,0.43,0.0,0.43,2.35,0.78,0.18,0.2836879432624113,1.2765957446808511,1.702127659574468,0.7092198581560284,2024,,,,,,,,,,,,,,,,,,,,True,-0.92954302664344,-0.1519188899053435,-0.2360507057322666,,-0.4391708740936833,False,,212626.0,73.0,73.0,28.0,3100000.0,ST,FC 24,"Aug 11, 2023",240001.0
GER-Bundesliga,Lee Jae-sung,Mainz 05,2425,MF,31,2650,29.4,0.24,0.2,0.44,1.32,0.54,0.18,1.054421768707483,1.3605442176870748,0.7823129251700681,0.3061224489795918,2025,,,,,,,,,,,,,,,,,,,,True,-0.5023385553561449,-0.0236430220406663,-0.7940703829484295,,-0.4400173201150802,False,,,,,,,,,,
FRA-Ligue 1,Mathias Pereira Lage,Angers,2021,MF,23,1467,16.3,0.25,0.06,0.31,1.72,0.61,0.14,1.7791411042944785,0.98159509202454,1.7791411042944785,0.1226993865030674,2021,,,,,,,,,,,,,,,,,,,,False,-0.1006391224652411,-0.6026890276460155,-0.631314643760382,,-0.4448809312905462,False,,,,,,,,,,
GER-Bundesliga,Janik Haberer,Union Berlin,2526,MF,31,1646,18.3,0.0,0.05,0.05,0.6,0.05,0.0,3.66120218579235,1.147540983606557,1.3114754098360657,0.0546448087431694,2026,,,,,,,,,,,,,,,,,,,,True,0.9425548865525888,-0.3491185635390295,-1.933360557264762,,-0.4466414114170675,False,,211879.0,74.0,74.0,31.0,3500000.0,CM,FC 26,"Aug 7, 2025",260001.0
GER-Bundesliga,Anthony Modeste,Dortmund,2223,FW,34,813,9.0,0.22,0.11,0.33,2.44,1.11,0.09,0.2222222222222222,0.7777777777777778,1.5555555555555556,0.6666666666666666,2023,,,,,,,,,,,,,,,,,,,,True,-0.963612416090702,-0.9141281990162052,0.5312263504399574,,-0.4488380882223167,False,,182212.0,79.0,79.0,34.0,8500000.0,ST,FIFA 23,"Sep 1, 2022",230001.0
GER-Bundesliga,Marvin Pieringer,Heidenheim,2526,"FW,MF",25,1650,18.3,0.16,0.05,0.22,1.75,0.44,0.09,1.092896174863388,1.4754098360655736,2.021857923497268,0.6010928961748634,2026,,,,,,,,,,,,,,,,,,,,True,-0.4810128553579198,0.1518752019087126,-1.0265785817884974,,-0.4519054117459015,False,,260290.0,75.0,76.0,25.0,7000000.0,ST,FC 26,"Aug 7, 2025",260001.0
GER-Bundesliga,Maximilian Philipp,Dortmund,1819,"FW,MF",24,758,8.4,0.12,0.12,0.24,1.54,0.36,0.08,0.238095238095238,1.9047619047619049,1.3095238095238095,0.7142857142857143,2019,,,,,,,,,,,,,,,,,,,,True,-0.954814277057618,0.8079384661855179,-1.2125851408605517,,-0.4531536505775506,False,,216497.0,79.0,84.0,24.0,17000000.0,ST,FIFA 19,"Aug 21, 2018",190002.0
GER-Bundesliga,Jadon Sancho,Dortmund,2324,"MF,FW",23,947,10.5,0.19,0.19,0.38,0.86,0.38,0.22,2.761904761904762,0.9523809523809524,0.2857142857142857,0.2857142857142857,2024,,,,,,,,,,,,,,,,,,,,True,0.4440898292027693,-0.6473291382103046,-1.166083501092538,,-0.4564409367000244,False,,,,,,,,,,
GER-Bundesliga,Adrian Beck,Heidenheim,2425,"MF,FW",27,1598,17.8,0.23,0.06,0.28,2.2,0.73,0.1,1.7415730337078652,0.7865168539325842,0.898876404494382,0.1123595505617977,2025,,,,,,,,,,,,,,,,,,,,True,-0.121462456283463,-0.9007746198747456,-0.3523048051523006,,-0.4581806271035031,False,,253133.0,70.0,71.0,27.0,1800000.0,CM,FC 25,"Aug 7, 2024",250001.0
GER-Bundesliga,Rômulo,RB Leipzig,2526,FW,23,2188,24.3,0.37,0.16,0.53,2.59,1.11,0.14,0.0,0.823045267489712,0.823045267489712,0.3292181069958848,2026,,,,,,,,,,,,,,,,,,,,True,-1.0867863625538807,-0.8449580721406014,0.5312263504399574,,-0.4668393614181749,False,,,,,,,,,,
GER-Bundesliga,André Hahn,Augsburg,2021,"MF,FW",29,2037,22.6,0.35,0.13,0.49,1.9,0.62,0.19,1.2831858407079646,1.238938053097345,1.5486725663716814,0.6194690265486725,2021,F M S,2053.0,4.733328433241695,4.733328433241695,2.077149643562734,8.0,8.0,19.0,43.0,8.328997133299708,2.421224804595113,0.2075010029185351,0.0910586789676795,0.2985596818862146,0.8329274232830005,0.9254749147588894,3.266671566758305,0.143205280569044,0.1100774054242254,True,-0.3755385743483575,-0.2094610094540394,-0.6080638238763753,-0.6846473964754537,-0.4694277010385564,False,,211862.0,72.0,72.0,29.0,2300000.0,RM,FIFA 21,"Aug 24, 2020",210001.0
GER-Bundesliga,Michael Gregoritsch,Augsburg,2021,"FW,MF",26,835,9.3,0.11,0.22,0.32,1.4,0.32,0.08,1.6129032258064515,1.6129032258064515,1.2903225806451613,0.4301075268817204,2021,F M S,808.0,1.3399280905723572,1.3399280905723572,1.1878060027956965,1.0,1.0,5.0,12.0,3.983179520815611,1.7016144022345543,0.1492494160290992,0.132305124073778,0.2815545401028772,0.556930693069307,0.6188118811881188,-0.3399280905723572,-0.0378632774152378,0.1116606742143631,True,-0.192781912417906,0.3619693616126045,-1.3055884203965789,-0.7655055378072579,-0.4754766272522845,False,,199439.0,74.0,77.0,26.0,5500000.0,ST,FIFA 21,"Aug 24, 2020",210001.0
GER-Bundesliga,Chidera Ejuke,Hertha BSC,2223,"FW,MF",24,890,9.9,0.0,0.3,0.3,2.43,0.61,0.0,1.5151515151515151,1.0101010101010102,0.202020202020202,0.101010101010101,2023,,,,,,,,,,,,,,,,,,,,True,-0.2469640003049348,-0.5591311015802546,-0.631314643760382,,-0.4791365818818571,False,,238050.0,76.0,81.0,24.0,11500000.0,LM,FIFA 23,"Sep 1, 2022",230001.0
GER-Bundesliga,Chris Führich,Stuttgart,2425,MF,26,1981,22.0,0.09,0.14,0.23,1.64,0.55,0.06,3.772727272727273,0.2727272727272727,0.4090909090909091,0.0454545454545454,2025,,,,,,,,,,,,,,,,,,,,True,1.004371319445995,-1.6858610195291417,-0.7708195630644227,,-0.4841030877158563,False,,241925.0,79.0,80.0,26.0,20500000.0,LM,FC 25,"Aug 7, 2024",250001.0
GER-Bundesliga,Phillip Tietz,Augsburg,2425,FW,27,1686,18.7,0.32,0.11,0.43,2.72,1.07,0.12,0.106951871657754,0.6417112299465241,1.9251336898395723,0.8021390374331551,2025,F S,1683.0,5.862877114675939,6.620653829537332,1.4810154465958476,6.0,7.0,21.0,51.0,7.860493987798691,1.4614172922447324,0.3135228403570021,0.0791986869837351,0.3927215273407373,1.1229946524064172,1.2477718360071302,0.1371228853240609,0.0073327746162599,0.1149583747975674,True,-1.0275047840421905,-1.1220421000720433,0.4382230709039301,-0.2369150632298886,-0.4870597191100481,False,,233216.0,74.0,75.0,26.0,5000000.0,ST,FC 25,"Aug 7, 2024",250001.0
GER-Bundesliga,Ji Dong-won,Augsburg,1819,"MF,FW",27,891,9.9,0.4,0.1,0.51,2.32,0.71,0.17,1.3131313131313131,0.9090909090909092,1.5151515151515151,0.101010101010101,2019,,,,,,,,,,,,,,,,,,,,True,-0.3589403152714609,-0.713477665682842,-0.3988064449203143,,-0.4904081419582057,False,,,,,,,,,,
GER-Bundesliga,Lucas Höler,Freiburg,2526,"FW,MF",31,2037,22.6,0.13,0.04,0.18,1.46,0.66,0.09,0.3539823008849557,1.327433628318584,1.327433628318584,0.5309734513274336,2026,,,,,,,,,,,,,,,,,,,,True,-0.8905800761523572,-0.0742370285146047,-0.5150605443403481,,-0.4932925496691033,False,,234875.0,73.0,73.0,30.0,3000000.0,ST,FC 26,"Aug 7, 2025",260001.0
GER-Bundesliga,Genki Haraguchi,Stuttgart,2223,MF,31,748,8.3,0.0,0.24,0.24,0.6,0.12,0.0,0.9638554216867468,1.9277108433734935,0.4819277108433734,0.0,2023,,,,,,,,,,,,,,,,,,,,True,-0.5525379200629851,0.8430051554480676,-1.7706048180767144,,-0.4933791942305439,False,,,,,,,,,,
GER-Bundesliga,Mohamed Amoura,Wolfsburg,2526,"FW,MF",25,1919,21.3,0.33,0.14,0.47,2.81,0.89,0.12,1.596244131455399,0.5164319248826291,0.9859154929577464,0.5633802816901409,2026,,,,,,,,,,,,,,,,,,,,True,-0.2020157611986532,-1.3134727599407867,0.0197083129918079,,-0.4985934027158774,False,,264697.0,80.0,84.0,25.0,29500000.0,ST,FC 26,"Aug 7, 2025",260001.0
GER-Bundesliga,Julian Brandt,Dortmund,1920,"MF,FW",23,2203,24.5,0.12,0.29,0.41,1.39,0.69,0.09,1.5918367346938775,0.8163265306122449,0.4897959183673469,0.0816326530612244,2020,,,,,,,,,,,,,,,,,,,,True,-0.2044587052360085,-0.8552245102668505,-0.4453080846883279,,-0.5016637667303957,False,,212194.0,84.0,88.0,23.0,40500000.0,CAM,FIFA 20,"Aug 20, 2019",200001.0
GER-Bundesliga,Danny Latza,Mainz 05,2021,MF,30,1800,20.0,0.0,0.1,0.1,1.1,0.5,0.0,2.1,1.45,1.6,0.05,2021,F M S,1810.0,1.5235892850905657,1.5235892850905657,1.7410470275208354,0.0,0.0,24.0,22.0,5.20104880258441,2.5874674282968044,0.0757585832365474,0.0865713991584945,0.162329982395042,1.1933701657458564,1.3259668508287292,-1.5235892850905657,-0.0757585832365474,0.0692540584132075,True,0.0772074315231584,0.1130481850865127,-0.8870736624844567,-1.3324091402699012,-0.5073067965361717,False,,189410.0,74.0,74.0,30.0,4000000.0,CM,FIFA 21,"Aug 24, 2020",210001.0
GER-Bundesliga,Oliver Burke,Union Berlin,2526,"FW,MF",28,1664,18.5,0.32,0.11,0.43,1.84,0.81,0.18,2.108108108108108,0.4324324324324324,0.5405405405405406,0.4324324324324324,2026,,,,,,,,,,,,,,,,,,,,True,0.0817016160562742,-1.4418265870966724,-0.1662982460802462,,-0.5088077390402148,False,,225632.0,73.0,73.0,28.0,3100000.0,ST,FC 26,"Aug 7, 2025",260001.0
GER-Bundesliga,Yuya Osako,Werder Bremen,1819,"FW,MF",28,1346,15.0,0.2,0.13,0.33,1.87,0.4,0.11,1.2,1.4,1.3333333333333333,0.2666666666666666,2019,F M S,1354.0,2.997259831055999,2.997259831055999,1.9703973736613989,3.0,3.0,16.0,27.0,6.685528703033924,2.48740460537374,0.199227019789542,0.1309717604353958,0.3301987802249378,1.0635155096011817,1.1816838995568686,0.0027401689440011,0.0001821382606795,0.1110096233724444,True,-0.4216470516527156,0.0366466358557319,-1.1195818613245243,-0.5342059172053379,-0.5096970485817116,False,,191565.0,75.0,75.0,28.0,7000000.0,CF,FIFA 19,"Aug 21, 2018",190002.0
GER-Bundesliga,Robin Quaison,Mainz 05,1819,"FW,MF",24,2194,24.4,0.29,0.12,0.41,2.05,0.74,0.14,0.4508196721311475,0.9016393442622952,1.352459016393443,0.4098360655737705,2019,F M S,2211.0,8.18384890910238,8.18384890910238,1.88888977561146,7.0,7.0,22.0,50.0,10.860764971002936,3.653213099576533,0.333128178118143,0.0768883219380513,0.4100165000561943,0.8955223880597015,0.9950248756218906,-1.1838489091023805,-0.0481892364627834,0.1636769781820476,True,-0.8369047908355469,-0.724863887624836,-0.3290539852682939,-0.1546787981064543,-0.5113753654587828,False,,208451.0,74.0,78.0,24.0,7500000.0,CF,FIFA 19,"Aug 21, 2018",190002.0
GER-Bundesliga,Tanguy Coulibaly,Stuttgart,2021,"MF,FW",19,1506,16.7,0.12,0.06,0.18,1.55,0.54,0.08,1.437125748502994,1.0778443113772456,1.9760479041916168,0.6586826347305389,2021,,,,,,,,,,,,,,,,,,,,True,-0.2902123375225452,-0.4556172382300164,-0.7940703829484295,,-0.5132999862336637,False,,251401.0,59.0,73.0,19.0,525000.0,LW,FIFA 21,"Aug 24, 2020",210001.0
GER-Bundesliga,Julian Brandt,Dortmund,2021,"MF,FW",24,1495,16.6,0.18,0.12,0.3,1.32,0.54,0.14,1.7469879518072289,0.9638554216867468,0.4216867469879518,0.1204819277108433,2021,,,,,,,,,,,,,,,,,,,,True,-0.1184610605391323,-0.6297957935790297,-0.7940703829484295,,-0.5141090790221972,False,,212194.0,84.0,88.0,24.0,60500000.0,CAM,FIFA 21,"Aug 24, 2020",210001.0
GER-Bundesliga,Danny Latza,Mainz 05,1819,MF,28,1863,20.7,0.0,0.14,0.14,1.88,0.39,0.0,0.4347826086956521,1.9323671497584545,1.207729468599034,0.0966183574879227,2019,M S,1886.0,3.070860857143998,3.070860857143998,2.086093107238412,0.0,0.0,23.0,40.0,8.443461778573692,4.978068144991994,0.1465416103621208,0.0995484515649295,0.2460900619270503,1.0975609756097562,1.2195121951219512,-3.070860857143998,-0.1465416103621208,0.0767715214285999,True,-0.8457938586041833,0.8501201358781508,-1.1428326812085312,-0.9341364039967728,-0.5181607019828341,False,,189410.0,77.0,77.0,28.0,9000000.0,CM,FIFA 19,"Aug 21, 2018",190002.0
GER-Bundesliga,Merlin Röhl,Freiburg,2425,MF,22,965,10.7,0.0,0.09,0.09,1.12,0.28,0.0,1.121495327102804,1.7757009345794394,2.0560747663551404,0.0,2025,M S,970.0,1.1238267552107573,1.1238267552107573,1.742141860537231,0.0,0.0,9.0,12.0,3.592243045568466,1.3427801579236984,0.1042725855350187,0.1616420282972688,0.2659146138322875,0.8350515463917525,0.9278350515463918,-1.1238267552107573,-0.1042725855350187,0.0936522296008964,True,-0.4651608383471842,0.6107293048421593,-1.3985916999326058,-0.8398721843732678,-0.5232238544527247,False,,259714.0,75.0,83.0,21.0,12500000.0,CM,FC 25,"Aug 7, 2024",250001.0
GER-Bundesliga,Maximilian Beier,Dortmund,2425,"MF,FW",21,1591,17.7,0.45,0.28,0.74,2.38,0.74,0.19,1.0169491525423728,0.903954802259887,0.96045197740113,0.5084745762711864,2025,,,,,,,,,,,,,,,,,,,,True,-0.5231089804342492,-0.7213257960609396,-0.3290539852682939,,-0.524496253921161,False,,,,,,,,,,
GER-Bundesliga,Davie Selke,Hertha BSC,1920,FW,24,960,10.7,0.09,0.09,0.19,1.78,0.28,0.05,0.2803738317757009,1.869158878504673,2.429906542056075,0.5607476635514019,2020,,,,,,,,,,,,,,,,,,,,True,-0.9313799815022068,0.7535359389183848,-1.3985916999326058,,-0.5254785808388093,False,,212626.0,78.0,83.0,24.0,14000000.0,ST,FIFA 20,"Aug 20, 2019",200001.0
GER-Bundesliga,Benito Raman,Schalke 04,1920,"FW,MF",24,1601,17.8,0.22,0.17,0.39,1.91,0.96,0.12,1.1235955056179774,0.5056179775280899,1.0674157303370786,1.0112359550561798,2020,F M S,1627.0,4.217386391013861,4.217386391013861,1.8976702224463224,4.0,4.0,15.0,34.0,6.409005416557193,0.4823285937309265,0.2332911955692977,0.1049725384266558,0.3382637339959535,0.8297480024585125,0.921942224953903,-0.2173863910138607,-0.012025061580361,0.12404077620629,True,-0.4639967456052243,-1.329996806564525,0.1824640521798553,-0.495857682291458,-0.526846795570338,False,,200429.0,76.0,80.0,24.0,10000000.0,LM,FIFA 20,"Aug 20, 2019",200001.0
GER-Bundesliga,Linton Maina,Köln,2526,"MF,FW",26,1023,11.4,0.18,0.0,0.18,1.76,0.7,0.1,2.1929824561403506,0.5263157894736842,0.7017543859649122,0.087719298245614,2026,,,,,,,,,,,,,,,,,,,,True,0.1287460038590672,-1.2983699085979097,-0.4220572648043211,,-0.530560389847721,False,,242997.0,73.0,74.0,26.0,3600000.0,LM,FC 26,"Aug 7, 2025",260001.0
GER-Bundesliga,Chris Führich,Stuttgart,2223,"MF,FW",24,1884,20.9,0.19,0.1,0.29,2.1,0.67,0.09,2.4401913875598087,0.4784688995215311,0.2870813397129186,0.1435406698564593,2023,,,,,,,,,,,,,,,,,,,,True,0.265769652436527,-1.371481438962293,-0.4918097244563412,,-0.5325071703273689,False,,241925.0,74.0,78.0,24.0,6000000.0,RM,FIFA 23,"Sep 1, 2022",230001.0
GER-Bundesliga,Bobby Wood,Hannover 96,1819,"FW,MF",25,1182,13.1,0.23,0.08,0.3,1.37,0.69,0.17,0.7633587786259542,0.9923664122137404,1.3740458015267176,0.3053435114503817,2019,F M S,1168.0,2.8527941666543484,2.8527941666543484,1.666541762650013,3.0,3.0,11.0,18.0,5.4668949488550425,1.6150915883481505,0.2198214683209686,0.1284150330809085,0.3482365014018772,0.8476027397260274,0.9417808219178082,0.1472058333456516,0.0113429152406752,0.1584885648141304,True,-0.6636697525658621,-0.5862301166517013,-0.4453080846883279,-0.4484379402715755,-0.5359114735443667,False,,202428.0,72.0,75.0,25.0,4000000.0,ST,FIFA 19,"Aug 21, 2018",190002.0
ITA-Serie A,Joel Pohjanpalo,Venezia,2425,FW,29,1603,17.8,0.17,0.0,0.17,2.13,0.95,0.08,0.1685393258426966,0.8426966292134831,0.6741573033707865,0.5617977528089887,2025,F S,1635.0,4.397692278958857,7.442887621931732,1.742062452249229,3.0,6.0,14.0,38.0,6.818921614438295,1.4799817521125078,0.242074804346359,0.0958933459953703,0.3379681503417295,0.7706422018348623,0.8562691131498471,-1.397692278958857,-0.07693718966746,0.1157287441831278,False,-0.9933679200115824,-0.8149301825367897,0.1592132322958485,-0.4972631598342585,-0.5365870075216955,False,,,,,,,,,,
GER-Bundesliga,Vedad Ibišević,Hertha BSC,1920,FW,34,1257,14.0,0.43,0.14,0.57,2.0,0.93,0.21,0.0714285714285714,0.9285714285714286,1.3571428571428572,0.8571428571428571,2020,,,,,,,,,,,,,,,,,,,,True,-1.047194736905002,-0.6837108283202,0.1127115925278351,,-0.5393979908991222,False,,162369.0,77.0,77.0,34.0,4700000.0,ST,FIFA 20,"Aug 20, 2019",200001.0
GER-Bundesliga,Paul Wanner,Heidenheim,2425,"MF,FW",18,1771,19.7,0.1,0.1,0.2,1.27,0.3,0.08,2.741116751269036,0.9137055837563453,1.16751269035533,0.0507614213197969,2025,,,,,,,,,,,,,,,,,,,,True,0.4325673933117252,-0.7064262998101347,-1.3520900601645924,,-0.5419829888876673,False,,266237.0,68.0,85.0,18.0,3100000.0,CAM,FC 25,"Aug 7, 2024",250001.0
ITA-Serie A,Luka Jović,Fiorentina,2223,FW,24,1534,17.0,0.35,0.18,0.53,3.34,1.23,0.11,0.0588235294117647,0.4705882352941176,1.3529411764705883,0.6470588235294118,2023,,,,,,,,,,,,,,,,,,,,False,-1.0541814943724512,-1.3835233380811325,0.8102361890480385,,-0.5424895478018484,False,,,,,,,,,,
GER-Bundesliga,Vedad Ibišević,Hertha BSC,1819,FW,33,1807,20.1,0.45,0.1,0.55,2.64,1.0,0.17,0.2487562189054726,0.7462686567164178,1.9402985074626864,1.2935323383084576,2019,,,,,,,,,,,,,,,,,,,,True,-0.9489050791995762,-0.9622751122959676,0.2754673317158825,,-0.5452376199265538,False,,162369.0,77.0,77.0,33.0,5500000.0,ST,FIFA 19,"Aug 21, 2018",190002.0
GER-Bundesliga,Florian Neuhaus,Gladbach,2021,MF,23,2622,29.1,0.21,0.17,0.38,1.65,0.58,0.13,0.549828178694158,1.2714776632302405,0.7903780068728522,0.0343642611683848,2021,,,,,,,,,,,,,,,,,,,,True,-0.782026082644985,-0.159739476943663,-0.7010671034124025,,-0.5476108876670168,False,,234943.0,79.0,86.0,23.0,35000000.0,CM,FIFA 21,"Aug 24, 2020",210001.0
GER-Bundesliga,Mario Götze,Eintracht Frankfurt,2425,MF,32,1542,17.1,0.18,0.12,0.29,0.47,0.29,0.38,2.280701754385965,0.8771929824561403,0.8771929824561403,0.0584795321637426,2025,F M S,1564.0,2.9721628725528717,2.9721628725528717,3.852848513051867,3.0,3.0,35.0,8.0,12.429652636870742,7.472723245620728,0.1710323903642957,0.2217112315694809,0.3927436219337766,2.014066496163683,2.237851662404092,0.0278371274471282,0.0016018807354485,0.3715203590691089,True,0.1773672985155853,-0.7622186859257642,-1.3753408800485991,-0.2368100051392591,-0.5492505681495093,False,,192318.0,80.0,80.0,32.0,16500000.0,CAM,FC 25,"Aug 7, 2024",250001.0
ENG-Premier League,Joelinton,Newcastle United,2223,"MF,FW",25,2661,29.6,0.2,0.03,0.24,1.72,0.68,0.12,0.5405405405405405,1.148648648648649,2.195945945945946,0.0337837837837837,2023,F M S,2677.0,6.252544686198235,6.252544686198235,3.116438364610076,6.0,6.0,26.0,51.0,12.307858122512698,7.0922601986676455,0.2102088239663209,0.1047737963447541,0.314982620311075,0.8741128128502055,0.9712364587224503,-0.2525446861982345,-0.0084904825393504,0.1225989154156516,False,-0.7871740603461487,-0.3474260170341383,-0.4685589045723344,-0.606557587336546,-0.5524291423222918,False,,,,,,,,,,
ENG-Premier League,Daichi Kamada,Crystal Palace,2526,MF,28,1902,21.1,0.0,0.0,0.0,0.9,0.19,0.0,1.990521327014218,1.3270142180094786,1.4218009478672984,0.0473933649289099,2026,,,,,,,,,,,,,,,,,,,,False,0.0165252905997107,-0.0748779004621848,-1.6078490788886668,,-0.555400562917047,False,,,,,,,,,,
GER-Bundesliga,Haris Tabaković,Gladbach,2526,FW,31,2382,26.5,0.49,0.11,0.6,2.53,1.02,0.19,0.0754716981132075,0.7547169811320755,1.8113207547169812,1.018867924528302,2026,,,,,,,,,,,,,,,,,,,,True,-1.0449537014909145,-0.949365810820758,0.3219689714838961,,-0.5574501802759255,False,,212002.0,73.0,73.0,31.0,2600000.0,ST,FC 26,"Aug 7, 2025",260001.0
GER-Bundesliga,Nick Woltemade,Werder Bremen,2324,"FW,MF",21,1189,13.2,0.15,0.0,0.15,1.67,0.45,0.09,0.2272727272727273,1.7424242424242424,1.6666666666666667,0.4545454545454546,2024,F M S,1170.0,2.1179728470742702,2.1179728470742702,1.358275574631989,2.0,2.0,24.0,21.0,7.065050270408392,4.377801384776831,0.1629209882364823,0.104482736510153,0.2674037247466353,1.8461538461538465,2.051282051282051,-0.1179728470742702,-0.0090748343903284,0.1008558498606795,True,-0.9608130082165388,0.5598814881635028,-1.0033277619044907,-0.832791576501533,-0.559262714614765,False,,254022.0,67.0,78.0,21.0,2300000.0,ST,FC 24,"Aug 11, 2023",240001.0
GER-Bundesliga,Julian Brandt,Dortmund,2526,"MF,FW",29,1606,17.8,0.39,0.22,0.62,2.13,1.01,0.18,1.4044943820224718,0.2808988764044943,0.449438202247191,0.3932584269662921,2026,,,,,,,,,,,,,,,,,,,,True,-0.3082993413680601,-1.673374555916348,0.2987181515998893,,-0.5609852485615062,False,,212194.0,83.0,83.0,29.0,35500000.0,CAM,FC 26,"Aug 7, 2025",260001.0
ENG-Premier League,Bilal El Khannouss,Leicester City,2425,MF,20,2182,24.2,0.08,0.12,0.21,1.24,0.29,0.07,3.677685950413223,0.5371900826446281,1.2396694214876034,0.0413223140495867,2025,,,,,,,,,,,,,,,,,,,,False,0.9516915530867428,-1.281753651696913,-1.3753408800485991,,-0.5684676595529232,False,,,,,,,,,,
GER-Bundesliga,Marius Wolf,Hertha BSC,1920,MF,24,1410,15.7,0.06,0.19,0.26,0.89,0.13,0.07,2.484076433121019,1.2101910828025475,0.9554140127388536,0.0636942675159235,2020,,,,,,,,,,,,,,,,,,,,True,0.290094376572735,-0.2533872707783144,-1.7473539981927078,,-0.570215630799429,False,,,,,,,,,,
GER-Bundesliga,Moritz Broschinski,Bochum,2324,"FW,MF",22,1247,13.9,0.14,0.22,0.36,1.88,0.58,0.08,0.8633093525179856,0.935251798561151,2.2302158273381294,0.7913669064748201,2024,F M S,1249.0,2.9109442364424467,2.9109442364424467,2.3446606807410717,2.0,2.0,15.0,26.0,6.10059529542923,1.952606625854969,0.2097557896555806,0.1689507295970347,0.3787065192526154,1.0808646917534026,1.200960768614892,-0.9109442364424468,-0.0656404974217935,0.1119593937093248,True,-0.6082688726969274,-0.6735030159872079,-0.7010671034124025,-0.3035553488090503,-0.5715985852263971,False,,243960.0,67.0,76.0,22.0,2300000.0,ST,FC 24,"Aug 11, 2023",240001.0
FRA-Ligue 1,Ludovic Ajorque,Strasbourg,2223,FW,28,771,8.6,0.0,0.0,0.0,2.68,0.93,0.0,0.0,0.9302325581395348,1.627906976744186,0.1162790697674418,2023,F S,771.0,1.607848297804594,2.367943238466978,1.044712396338582,0.0,1.0,10.0,23.0,4.022622004151344,1.936723225750029,0.1876865717281627,0.1219508633858267,0.3096374351139894,1.1673151750972763,1.297016861219196,-1.607848297804594,-0.1876865717281627,0.0699064477306345,False,-1.0867863625538807,-0.6811725708706725,0.1127115925278351,-0.6319735318559919,-0.5718052181881775,False,,,,,,,,,,
GER-Bundesliga,Marcus Ingvartsen,Union Berlin,1920,"MF,FW",23,1716,19.1,0.21,0.1,0.31,2.36,0.73,0.09,1.0471204188481675,1.099476439790576,2.513089005235602,0.1047120418848167,2020,F M S,1728.0,3.0561766531318426,3.813873654231429,1.2972741834819317,4.0,5.0,10.0,45.0,4.890205077826977,1.3402677811682224,0.1591758673506168,0.0675663637230172,0.2267422310736341,0.5208333333333334,0.5787037037037037,0.9438233468681574,0.0491574659827165,0.0679150367362631,True,-0.5063855677012061,-0.4225626757512639,-0.3523048051523006,-1.026133851682995,-0.5768467250719415,False,,215247.0,70.0,76.0,23.0,2500000.0,ST,FIFA 20,"Aug 20, 2019",200001.0
ITA-Serie A,Weston McKennie,Juventus,2021,MF,21,1702,18.9,0.26,0.11,0.37,1.53,0.79,0.17,0.5291005291005292,0.3703703703703704,2.3280423280423284,0.2116402116402116,2021,M S,1684.0,5.1992762088775635,5.1992762088775635,3.8772406643256545,5.0,5.0,26.0,28.0,11.353354293853045,5.908968903124332,0.2778710562939315,0.2072159499936513,0.4850870062875829,1.3895486935866983,1.5439429928741093,-0.1992762088775634,-0.0106501536811049,0.1856884360313415,False,-0.7935150614510743,-1.5366593408966405,-0.2127998858482598,0.2022756854283725,-0.5851746506919004,False,,,,,,,,,,
GER-Bundesliga,Nils Petersen,Freiburg,1920,"FW,MF",30,2436,27.1,0.37,0.07,0.44,2.0,0.74,0.19,0.4428044280442804,0.6273062730627306,0.3690036900369003,0.4428044280442804,2020,F M S,2415.0,7.958825904875994,8.716602399945259,3.7289467081427574,10.0,11.0,34.0,55.0,12.84362655878067,3.0478852037340403,0.2966022076351302,0.1389669580674319,0.4355691657025621,1.2670807453416149,1.4078674948240166,2.0411740951240063,0.0760685998182859,0.1447059255431999,True,-0.8413475024427497,-1.1440533205225318,-0.3290539852682939,-0.0331778381872097,-0.5869081616051963,False,,183580.0,78.0,78.0,30.0,10000000.0,ST,FIFA 20,"Aug 20, 2019",200001.0
GER-Bundesliga,Ben Zolinski,Paderborn 07,1920,"FW,MF",27,1210,13.4,0.22,0.15,0.37,1.41,0.52,0.16,0.3731343283582089,1.343283582089552,1.9402985074626864,0.9701492537313432,2020,,,,,,,,,,,,,,,,,,,,True,-0.879964437522424,-0.0500178080478402,-0.840572022716443,,-0.5901847560955691,False,,211848.0,70.0,70.0,27.0,1900000.0,ST,FIFA 20,"Aug 20, 2019",200001.0
GER-Bundesliga,Levin Öztunalı,Mainz 05,1920,MF,23,1778,19.8,0.2,0.15,0.35,1.77,0.51,0.11,2.0202020202020203,0.7575757575757576,1.2626262626262623,0.5555555555555556,2020,,,,,,,,,,,,,,,,,,,,True,0.0329767871113806,-0.9449975118367228,-0.8638228426004498,,-0.591947855775264,False,,213134.0,73.0,78.0,23.0,5500000.0,RM,FIFA 20,"Aug 20, 2019",200001.0
GER-Bundesliga,Lee Jae-sung,Mainz 05,2324,MF,30,2113,23.5,0.26,0.13,0.38,1.62,0.55,0.16,0.7659574468085106,1.148936170212766,0.8085106382978723,0.3829787234042553,2024,,,,,,,,,,,,,,,,,,,,True,-0.6622293555956903,-0.3469866751754218,-0.7708195630644227,,-0.5933451979451783,False,,,,,,,,,,
GER-Bundesliga,Tim Kleindienst,Heidenheim,2324,FW,27,2869,31.9,0.31,0.09,0.41,2.6,1.07,0.12,0.6269592476489029,0.4075235109717868,2.7586206896551726,0.4702194357366771,2024,,,,,,,,,,,,,,,,,,,,True,-0.7392736609336273,-1.4798881908818955,0.4382230709039301,,-0.5936462603038642,False,,214096.0,75.0,75.0,27.0,6000000.0,ST,FC 24,"Aug 11, 2023",240001.0
GER-Bundesliga,Michael Gregoritsch,Schalke 04,1920,FW,25,829,9.2,0.11,0.11,0.22,2.61,0.98,0.04,0.3260869565217391,0.6521739130434783,1.0869565217391306,0.2173913043478261,2020,,,,,,,,,,,,,,,,,,,,True,-0.9060419845916076,-1.1060547961176834,0.2289656919478689,,-0.5943770295871408,False,,,,,,,,,,
GER-Bundesliga,Sebastian Andersson,Köln,2021,FW,29,1126,12.5,0.16,0.0,0.16,3.12,1.04,0.05,0.32,0.56,1.68,0.56,2021,,,,,,,,,,,,,,,,,,,,True,-0.9094158796469034,-1.2468993912213833,0.3684706112519098,,-0.5959482198721257,False,,,,,,,,,,
GER-Bundesliga,Luca Waldschmidt,Freiburg,1920,FW,23,1268,14.1,0.28,0.07,0.35,3.05,0.85,0.09,0.4964539007092198,0.7801418439716312,1.1347517730496457,0.425531914893617,2020,,,,,,,,,,,,,,,,,,,,True,-0.8116105247106091,-0.910515832622315,-0.0732949665442192,,-0.5984737746257144,False,,220085.0,76.0,81.0,23.0,10500000.0,CF,FIFA 20,"Aug 20, 2019",200001.0
GER-Bundesliga,Alfreð Finnbogason,Augsburg,1920,FW,30,966,10.7,0.19,0.09,0.28,1.68,0.84,0.11,0.0934579439252336,0.9345794392523366,1.3084112149532712,0.5607476635514019,2020,,,,,,,,,,,,,,,,,,,,True,-1.034984235536656,-0.6745304018438711,-0.096545786428226,,-0.6020201412695845,False,,195586.0,78.0,78.0,30.0,10000000.0,ST,FIFA 20,"Aug 20, 2019",200001.0
GER-Bundesliga,Janik Haberer,Union Berlin,2223,MF,28,2187,24.3,0.21,0.04,0.25,1.32,0.58,0.16,0.6172839506172839,1.5637860082304529,1.39917695473251,0.0411522633744856,2023,M S,2275.0,2.4466502936556935,2.4466502936556935,2.097323566675186,5.0,5.0,23.0,32.0,8.055939726531506,4.546195590868592,0.0967905610676977,0.0829710421981392,0.1797616032658369,0.90989010989011,1.0109890109890112,2.5533497063443065,0.1010116367345,0.0764578216767404,True,-0.7446365112672733,0.2869167312783717,-0.7010671034124025,-1.249523123677304,-0.602077501769652,False,,211879.0,73.0,73.0,28.0,3000000.0,CM,FIFA 23,"Sep 1, 2022",230001.0
GER-Bundesliga,Ludovic Ajorque,Mainz 05,2324,FW,29,1360,15.1,0.13,0.0,0.13,1.99,0.73,0.07,0.1986754966887417,0.9933774834437088,1.8543046357615895,0.3311258278145695,2024,F S,1347.0,4.200159281492233,5.715712696313858,0.8593341186642647,2.0,2.0,15.0,30.0,6.111298134550452,2.058779038488865,0.2806342504337795,0.0574165335410421,0.3380507839748217,1.0022271714922049,1.11358574610245,-2.2001592814922333,-0.1470039609014855,0.1400053093830744,True,-0.9766639600868006,-0.5846851684846563,-0.3523048051523006,-0.4968702432641728,-0.6026310442469827,False,,219733.0,79.0,79.0,29.0,17500000.0,ST,FC 24,"Aug 11, 2023",240001.0
GER-Bundesliga,Genki Haraguchi,Hannover 96,1819,MF,27,2133,23.7,0.0,0.13,0.13,1.35,0.3,0.0,1.6455696202531649,1.4767932489451476,1.4345991561181437,0.0421940928270042,2019,D F M S,2128.0,2.346636176109314,2.346636176109314,2.9394325083121657,0.0,0.0,27.0,32.0,7.610533704981208,3.151723450049758,0.0992468307565029,0.1243181042049318,0.2235649349614347,1.1419172932330826,1.268796992481203,-2.346636176109314,-0.0992468307565029,0.073332380503416,True,-0.1746754931746457,0.1539890996532179,-1.3520900601645924,-1.0412416503339266,-0.6035045260049867,False,,217648.0,76.0,76.0,27.0,8000000.0,LM,FIFA 19,"Aug 21, 2018",190002.0
GER-Bundesliga,Rabbi Matondo,Schalke 04,1920,"FW,MF",18,1162,12.9,0.15,0.0,0.15,1.78,0.54,0.09,0.7751937984496123,1.317829457364341,1.7054263565891472,1.162790697674419,2020,F M S,1174.0,2.618232928216458,2.618232928216458,0.7550368933007121,2.0,2.0,12.0,23.0,3.954907432198525,0.9120400883257388,0.2007163232874626,0.0578818742734787,0.2585981975609414,0.919931856899489,1.0221465076660987,-0.6182329282164574,-0.0473943471375478,0.1138362142702807,True,-0.6571098051241876,-0.0889124993142332,-0.7940703829484295,-0.8746611810454679,-0.6036884671080796,False,,243392.0,66.0,85.0,18.0,1300000.0,RM,FIFA 20,"Aug 20, 2019",200001.0
GER-Bundesliga,Rafael Borré,Werder Bremen,2324,FW,27,991,11.0,0.36,0.0,0.36,1.82,0.73,0.2,1.0909090909090908,0.7272727272727273,1.5454545454545454,1.2727272727272727,2024,,,,,,,,,,,,,,,,,,,,True,-0.4821142617346397,-0.9913014810674988,-0.3523048051523006,,-0.608573515984813,False,,,,,,,,,,
GER-Bundesliga,Jean Mattéo Bahoya,Eintracht Frankfurt,2425,MF,19,921,10.2,0.2,0.29,0.49,0.98,0.29,0.2,3.03921568627451,0.6862745098039216,0.8823529411764707,0.196078431372549,2025,,,,,,,,,,,,,,,,,,,,True,0.5977984934866523,-1.053948027673843,-1.3753408800485991,,-0.6104968047452634,False,,269728.0,67.0,80.0,19.0,2400000.0,LM,FC 25,"Aug 7, 2024",250001.0
GER-Bundesliga,Marius Wolf,Augsburg,2526,MF,30,1019,11.3,0.09,0.09,0.18,1.24,0.44,0.07,3.805309734513274,0.1769911504424778,0.8849557522123893,0.9734513274336284,2026,,,,,,,,,,,,,,,,,,,,True,1.0224312162624984,-1.8321487807272576,-1.0265785817884974,,-0.6120987154177521,False,,224425.0,75.0,75.0,30.0,4800000.0,RB,FC 26,"Aug 7, 2025",260001.0
GER-Bundesliga,Mario Gómez,Stuttgart,1819,FW,33,2211,24.6,0.28,0.08,0.37,2.16,0.81,0.13,0.2439024390243902,0.8943089430894309,1.3414634146341462,0.5284552845528455,2019,,,,,,,,,,,,,,,,,,,,True,-0.9515954457040504,-0.7360649677466352,-0.1662982460802462,,-0.617986219843644,False,,150418.0,81.0,81.0,32.0,14000000.0,ST,FIFA 19,"Aug 21, 2018",190002.0
GER-Bundesliga,Phillip Tietz,Augsburg,2324,FW,26,2382,26.5,0.3,0.15,0.45,1.96,0.72,0.15,0.2641509433962264,0.6415094339622641,1.5471698113207548,0.6037735849056604,2024,F S,2470.0,9.15065080858767,9.15065080858767,2.794616512954235,8.0,8.0,29.0,52.0,12.386572120711207,3.8898986922577024,0.3334245233898341,0.101828132050964,0.4352526554407982,1.05668016194332,1.174089068825911,-1.1506508085876703,-0.0419265476813321,0.1759740540113013,True,-0.9403720488334986,-1.1223504505885635,-0.3755556250363075,-0.0346828201394186,-0.618240236149447,False,,233216.0,72.0,75.0,25.0,3100000.0,ST,FC 24,"Aug 11, 2023",240001.0
GER-Bundesliga,Julian Brandt,Dortmund,2425,MF,28,2303,25.6,0.2,0.39,0.59,1.76,0.59,0.11,2.65625,0.3515625,0.3125,0.1953125,2025,,,,,,,,,,,,,,,,,,,,True,0.3855272162638027,-1.5653983495772004,-0.6778162835283957,,-0.6192291389472645,False,,212194.0,85.0,85.0,28.0,54500000.0,CAM,FC 25,"Aug 7, 2024",250001.0
GER-Bundesliga,Ansgar Knauff,Eintracht Frankfurt,2223,MF,20,1286,14.3,0.07,0.07,0.14,1.05,0.49,0.07,1.958041958041958,1.1888111888111887,1.1188811188811187,0.1398601398601398,2023,D S,1284.0,1.006381593644619,1.006381593644619,1.4539695186540484,1.0,1.0,8.0,15.0,4.798351685516536,2.471011712215841,0.0705407659096695,0.1019137513075267,0.1724545172171963,0.5607476635514018,0.6230529595015576,-0.0063815936446189,-0.0004473079657443,0.0670921062429746,True,-0.0014774636475506,-0.2860564112449081,-0.9103244823684636,-1.284267755858118,-0.6205315282797601,False,,257540.0,75.0,83.0,20.0,12500000.0,RM,FIFA 23,"Sep 1, 2022",230001.0
ENG-Premier League,Joelinton,Newcastle,2526,MF,28,1951,21.7,0.09,0.05,0.14,1.48,0.51,0.06,0.5069124423963134,1.2442396313364057,2.119815668202765,0.0460829493087557,2026,,,,,,,,,,,,,,,,,,,,False,-0.8058135353682887,-0.2013600336373912,-0.8638228426004498,,-0.6236654705353766,False,,,,,,,,,,
GER-Bundesliga,Jakub Kamiński,Wolfsburg,2223,"MF,FW",20,2058,22.9,0.17,0.09,0.26,1.71,0.7,0.1,1.572052401746725,0.5676855895196506,0.3930131004366812,0.131004366812227,2023,,,,,,,,,,,,,,,,,,,,True,-0.2154248198885987,-1.2351555723003202,-0.4220572648043211,,-0.6242125523310801,False,,252495.0,71.0,83.0,20.0,4500000.0,LM,FIFA 23,"Sep 1, 2022",230001.0
GER-Bundesliga,Salomon Kalou,Hertha BSC,1819,"MF,FW",32,2317,25.7,0.19,0.08,0.27,1.83,0.66,0.11,0.8171206225680934,0.8949416342412452,1.1284046692607004,0.6614785992217899,2019,,,,,,,,,,,,,,,,,,,,True,-0.6338704893721535,-0.7350981960629708,-0.5150605443403481,,-0.6280097432584908,False,,158232.0,79.0,79.0,32.0,10000000.0,LM,FIFA 19,"Aug 21, 2018",190002.0
GER-Bundesliga,Benito Raman,Schalke 04,2021,"MF,FW",25,1246,13.8,0.14,0.0,0.14,1.88,0.65,0.08,1.2318840579710144,0.8695652173913043,1.1594202898550725,0.3623188405797101,2021,F M S,1245.0,2.469737741164863,2.469737741164863,1.3358156830072403,2.0,2.0,14.0,26.0,3.650688653811813,0.8288288014009595,0.1785352583974599,0.0965649891330535,0.2751002475305135,1.0120481927710845,1.1244979919678717,-0.4697377411648631,-0.0339569451444479,0.0949899131217255,True,-0.4039742680297378,-0.7738741472882021,-0.5383113642243549,-0.7961952025958439,-0.6280887455345346,False,,200429.0,74.0,77.0,25.0,5500000.0,ST,FIFA 21,"Aug 24, 2020",210001.0
ENG-Premier League,Florian Wirtz,Liverpool,2526,MF,22,2377,26.4,0.19,0.11,0.3,1.93,0.68,0.1,1.2121212121212122,0.7196969696969697,0.8333333333333334,0.0757575757575757,2026,,,,,,,,,,,,,,,,,,,,False,-0.414928472754724,-1.0028774733751928,-0.4685589045723344,,-0.6287882835674171,False,,,,,,,,,,
GER-Bundesliga,Ihlas Bebou,Hoffenheim,2223,"FW,MF",28,1416,15.7,0.38,0.0,0.38,1.84,0.89,0.21,0.7006369426751593,0.5732484076433121,1.4012738853503186,0.5095541401273885,2023,D F S,1440.0,4.061747618950903,4.819524594582617,0.9563902327790856,6.0,7.0,15.0,29.0,7.813072131946683,3.351820595562458,0.2538592261844314,0.0597743895486928,0.3136336157331243,0.9375,1.0416666666666663,1.9382523810490968,0.1211407738155685,0.1400602627224449,True,-0.6984353848515019,-1.2266554138455843,0.0197083129918079,-0.612972000354147,-0.6295886215148563,False,,216258.0,77.0,77.0,28.0,11000000.0,ST,FIFA 23,"Sep 1, 2022",230001.0
GER-Bundesliga,Yuya Osako,Werder Bremen,2021,"FW,MF",30,762,8.5,0.0,0.12,0.12,1.18,0.47,0.0,1.0588235294117647,1.411764705882353,1.7647058823529411,0.5882352941176471,2021,F M S,742.0,0.4499014038592577,0.4499014038592577,1.2267067208886149,0.0,0.0,10.0,10.0,2.4322572965174913,0.8417780064046383,0.0545702511419584,0.1487919203234169,0.2033621714653753,1.2129380053908356,1.3477088948787064,-0.4499014038592577,-0.0545702511419584,0.0449901403859257,True,-0.4998987352881467,0.0546234709688571,-0.9568261221364772,-1.1373042369839266,-0.6348514058599233,False,,191565.0,75.0,75.0,30.0,5500000.0,CF,FIFA 21,"Aug 24, 2020",210001.0
GER-Bundesliga,Mijat Gaćinović,Hoffenheim,2021,"MF,FW",25,822,9.1,0.0,0.22,0.22,1.42,0.22,0.0,2.967032967032967,0.7692307692307693,1.5384615384615383,0.0,2021,,,,,,,,,,,,,,,,,,,,True,0.5577888567072421,-0.9271882929018088,-1.5380966192366468,,-0.6358320184770712,False,,230564.0,73.0,78.0,25.0,4500000.0,CAM,FIFA 21,"Aug 24, 2020",210001.0
ENG-Premier League,Hugo Ekitike,Liverpool,2526,FW,23,1803,20.0,0.55,0.2,0.75,3.24,0.95,0.17,0.35,0.6,1.75,0.5,2026,,,,,,,,,,,,,,,,,,,,False,-0.8927873968743744,-1.185778151836759,0.1592132322958485,,-0.6397841054717616,False,,,,,,,,,,
ESP-La Liga,André Silva,Real Sociedad,2324,FW,27,729,8.1,0.25,0.0,0.25,1.98,0.74,0.13,0.0,0.9876543209876544,1.7283950617283952,0.617283950617284,2024,F S,717.0,2.2495892234146595,2.9928668327629566,0.3096608091145754,2.0,3.0,5.0,16.0,2.7100992649793625,0.6770922802388668,0.2823752163281999,0.0388695576294446,0.3212447739576445,0.6276150627615062,0.697350069735007,-0.2495892234146595,-0.0313291912235974,0.1405993264634162,False,-1.0867863625538807,-0.5934303380474961,-0.3290539852682939,-0.5767815283629044,-0.6465130535581438,False,,,,,,,,,,
GER-Bundesliga,Johannes Eggestein,St Pauli,2425,FW,26,1853,20.6,0.1,0.19,0.29,1.75,0.63,0.06,1.699029126213592,0.5825242718446602,0.5825242718446602,0.6796116504854368,2025,,,,,,,,,,,,,,,,,,,,True,-0.1450438107116161,-1.2124816059368375,-0.5848130039923685,,-0.6474461402136074,False,,,,,,,,,,
GER-Bundesliga,Arne Maier,Augsburg,2223,MF,23,1960,21.8,0.23,0.05,0.28,1.29,0.46,0.18,2.981651376146789,0.8256880733944953,0.5504587155963303,0.091743119266055,2023,D M S,2000.0,1.9074955079704523,1.9074955079704523,1.5759431831538675,5.0,5.0,21.0,28.0,5.386207904666662,2.6259657125920057,0.0858372978586703,0.070917443241924,0.1567547411005944,0.945,1.05,3.0925044920295477,0.1391627021413296,0.0681248395703733,True,0.5658915888442745,-0.8409197828317673,-0.9800769420204838,-1.3589189838389255,-0.6535060299617256,False,,237629.0,76.0,82.0,23.0,12000000.0,CM,FIFA 23,"Sep 1, 2022",230001.0
ENG-Premier League,Joelinton,Newcastle United,2425,"MF,FW",27,2393,26.6,0.15,0.11,0.26,1.69,0.53,0.09,0.6015037593984962,1.2781954887218046,2.180451127819549,0.2631578947368421,2025,F M,2435.0,4.270817156881094,4.270817156881094,2.4919691011309624,4.0,4.0,23.0,45.0,16.40742952376604,11.303140779957175,0.1578536115479665,0.0921056341280437,0.2499592456760102,0.8501026694045174,0.944558521560575,-0.270817156881094,-0.010009669042833,0.0949070479306909,False,-0.7533831991949008,-0.1494744314433125,-0.8173212028324363,-0.9157387328454112,-0.6589793915790152,False,,,,,,,,,,
ENG-Premier League,Joelinton,Newcastle United,1920,"FW,MF",22,2683,29.8,0.07,0.07,0.13,1.68,0.5,0.04,0.1677852348993288,1.308724832214765,1.0738255033557047,0.6711409395973155,2020,F M S,2722.0,6.031044367700815,6.031044367700815,3.1011656122282147,2.0,2.0,29.0,50.0,12.042092223651707,4.822177573107183,0.1994099901150159,0.1025367028290004,0.3019466929440164,0.958853783982366,1.06539309331374,-4.031044367700815,-0.1332821429438183,0.1206208873540163,False,-0.9937858996202726,-0.1028246486460957,-0.8870736624844567,-0.6685424193871431,-0.663056657534492,False,,,,,,,,,,
GER-Bundesliga,Fredrik Jensen,Augsburg,2223,"FW,MF",24,924,10.3,0.19,0.1,0.29,1.07,0.29,0.18,2.912621359223301,0.6796116504854368,1.4563106796116505,0.2912621359223301,2023,D F M S,919.0,1.9105474883690476,1.9105474883690476,0.9806190077215432,2.0,2.0,13.0,11.0,2.7763356287032366,1.3780555166304111,0.1871047594703093,0.096034505652817,0.2831392651231264,1.2731229597388467,1.4145810663764962,0.0894525116309523,0.0087603112587439,0.173686135306277,True,0.5276294406042871,-1.0641290831586228,-1.3753408800485991,-0.7579702922155445,-0.6674527037046198,False,,234889.0,70.0,75.0,24.0,2400000.0,CAM,FIFA 23,"Sep 1, 2022",230001.0
GER-Bundesliga,Mahmoud Dahoud,Dortmund,2021,MF,24,1258,14.0,0.07,0.07,0.14,1.14,0.36,0.06,0.5714285714285714,1.3571428571428572,1.9285714285714288,0.0,2021,,,,,,,,,,,,,,,,,,,,True,-0.7700533573628497,-0.0288404063420798,-1.2125851408605517,,-0.6704929681884938,False,,218339.0,76.0,81.0,24.0,11500000.0,CM,FIFA 21,"Aug 24, 2020",210001.0
GER-Bundesliga,Florian Grillitsch,Hoffenheim,1819,MF,22,2394,26.6,0.0,0.11,0.11,1.2,0.38,0.0,0.6015037593984962,1.7669172932330826,1.5789473684210529,0.0,2019,D M S,2400.0,1.1982432939112186,1.1982432939112186,2.95710670016706,0.0,0.0,27.0,32.0,16.875587731599808,13.906853836029768,0.0449341235216707,0.1108915012562647,0.1558256247779354,1.0125,1.125,-1.1982432939112186,-0.0449341235216707,0.0374451029347255,True,-0.7533831991949008,0.5973076287071751,-1.166083501092538,-1.3633368604957885,-0.6713739830190131,False,,228336.0,76.0,82.0,22.0,10500000.0,CM,FIFA 19,"Aug 21, 2018",190002.0
GER-Bundesliga,Mathias Honsak,Darmstadt 98,2324,"MF,FW",26,1021,11.3,0.09,0.09,0.18,2.03,0.53,0.04,0.8849557522123893,0.9734513274336284,1.238938053097345,0.2654867256637168,2024,,,,,,,,,,,,,,,,,,,,True,-0.5962706465500718,-0.6151329522723439,-0.8173212028324363,,-0.6762416005516173,False,,232156.0,70.0,71.0,26.0,1900000.0,LM,FC 24,"Aug 11, 2023",240001.0
GER-Bundesliga,Jakub Kamiński,Wolfsburg,2425,"MF,DF",22,1130,12.6,0.0,0.16,0.16,1.19,0.24,0.0,4.126984126984127,0.2380952380952381,0.7936507936507937,0.0,2025,,,,,,,,,,,,,,,,,,,,True,1.2007297860480104,-1.7387798415071714,-1.4915949794686332,,-0.6765483449759314,False,,252495.0,73.0,81.0,22.0,7000000.0,LM,FC 25,"Aug 7, 2024",250001.0
ITA-Serie A,Rômulo,Brescia,1920,MF,32,1723,19.1,0.05,0.16,0.21,0.89,0.37,0.06,1.93717277486911,1.256544502617801,1.413612565445026,0.4188481675392669,2020,M S,1749.0,1.790924208238721,1.790924208238721,1.3911909190937877,1.0,1.0,17.0,17.0,6.933941872790456,4.271012082695961,0.0921573349007918,0.0715878689070559,0.1637452038078477,0.8747855917667239,0.9719839908519152,-0.7909242082387209,-0.0406993589145139,0.1053484828375718,False,-0.0130448920764325,-0.1825578090577119,-1.1893343209765448,-1.3256798712952331,-0.6776542233514806,False,,,,,,,,,,
GER-Bundesliga,Levin Öztunalı,Mainz 05,2021,"MF,DF",24,758,8.4,0.12,0.24,0.36,0.71,0.36,0.17,2.619047619047619,0.5952380952380952,0.9523809523809524,0.4761904761904761,2021,,,,,,,,,,,,,,,,,,,,True,0.3649065779050116,-1.193054489858738,-1.2125851408605517,,-0.6802443509380928,False,,213134.0,73.0,76.0,24.0,4200000.0,RM,FIFA 21,"Aug 24, 2020",210001.0
GER-Bundesliga,Florian Neuhaus,Gladbach,2223,MF,25,1405,15.6,0.06,0.0,0.06,1.79,0.38,0.04,0.4487179487179487,1.3461538461538465,0.6410256410256411,0.1282051282051282,2023,,,,,,,,,,,,,,,,,,,,True,-0.8380697398878468,-0.04563195562357,-1.166083501092538,,-0.6832617322013183,False,,234943.0,80.0,84.0,25.0,29000000.0,CM,FIFA 23,"Sep 1, 2022",230001.0
GER-Bundesliga,Florian Neuhaus,Gladbach,2526,"MF,FW",28,930,10.3,0.0,0.1,0.1,2.13,0.58,0.0,0.8737864077669902,0.8737864077669902,0.8737864077669902,0.0,2026,,,,,,,,,,,,,,,,,,,,True,-0.6024616216064305,-0.7674240376021928,-0.7010671034124025,,-0.690317587540342,False,,234943.0,75.0,75.0,28.0,5500000.0,CM,FC 26,"Aug 7, 2025",260001.0
GER-Bundesliga,Eren Dinkçi,Heidenheim,2526,"MF,FW",23,1131,12.6,0.24,0.08,0.32,1.99,0.72,0.12,1.746031746031746,0.3174603174603174,0.7142857142857143,0.0,2026,,,,,,,,,,,,,,,,,,,,True,-0.1189910689146192,-1.6175075411408528,-0.3755556250363075,,-0.7040180783639265,False,,,,,,,,,,
GER-Bundesliga,Matthew Hoppe,Schalke 04,2021,FW,19,1305,14.5,0.41,0.07,0.48,1.45,0.55,0.29,0.3448275862068966,1.103448275862069,1.4482758620689655,0.5517241379310345,2021,F S,1315.0,3.4485140815377235,3.4485140815377235,0.7646889947354794,6.0,6.0,8.0,20.0,4.6318444237113,0.5462505016475916,0.2360199751622776,0.0523361289172571,0.2883561040795348,0.5475285171102662,0.6083650190114068,2.5514859184622765,0.1746264126704219,0.1724257040768861,True,-0.8956543766627414,-0.4164935871682085,-0.7708195630644227,-0.7331646241995412,-0.7040330377737285,False,,,,,,,,,,
GER-Bundesliga,Florian Grillitsch,Hoffenheim,2021,"MF,DF",24,1879,20.9,0.1,0.05,0.14,0.96,0.43,0.1,0.6220095693779905,1.4832535885167466,1.4354066985645937,0.0,2021,D F M S,1892.0,2.144049392081797,2.144049392081797,1.8991437014192345,2.0,2.0,16.0,20.0,11.27082690782845,8.603483263403177,0.1019896645282038,0.0903398166637056,0.1923294811919095,0.7610993657505285,0.8456659619450317,-0.1440493920817971,-0.0068522438093878,0.1072024696040898,True,-0.7420171822622081,0.1638606986897595,-1.0498294016725045,-1.189763830721395,-0.7044374289915869,False,,228336.0,78.0,83.0,24.0,21000000.0,CM,FIFA 21,"Aug 24, 2020",210001.0
GER-Bundesliga,Mario Götze,Frankfurt,2526,MF,33,886,9.8,0.0,0.0,0.0,0.51,0.0,0.0,2.2448979591836733,1.2244897959183672,0.9183673469387754,0.1020408163265306,2026,,,,,,,,,,,,,,,,,,,,True,0.1575218721251697,-0.2315383940972126,-2.049614656684796,,-0.7078770595522795,False,,192318.0,82.0,82.0,33.0,18500000.0,CM,FC 26,"Aug 7, 2025",260001.0
GER-Bundesliga,Marius Wolf,Augsburg,2425,MF,29,2144,23.8,0.04,0.13,0.17,0.5,0.08,0.08,4.7478991596638656,0.5882352941176471,0.7983193277310924,0.1680672268907563,2025,D M S,2201.0,0.7761038243770599,0.7761038243770599,3.1656010914593935,1.0,1.0,44.0,12.0,5.200451772660017,3.870687685906887,0.0317352767805249,0.1294430250937507,0.1611783018742757,1.7991821899136755,1.9990913221263065,0.22389617562294,0.0091552275356949,0.0646753186980883,True,1.5448922835186567,-1.2037549869498836,-1.8636080976127416,-1.3378852925715805,-0.7150890234038874,False,,,,,,,,,,
GER-Bundesliga,Romano Schmid,Werder Bremen,2021,"MF,FW",20,1177,13.1,0.0,0.23,0.23,1.38,0.23,0.0,1.2213740458015268,1.6030534351145038,1.3740458015267176,0.4580152671755725,2021,F M S,1182.0,0.626795805990696,0.626795805990696,1.530704390257597,0.0,0.0,16.0,18.0,3.911596653982997,2.4249870032072067,0.0477255689840631,0.1165510957048931,0.1642766646889563,1.218274111675127,1.353637901861252,-0.626795805990696,-0.0477255689840631,0.0348219892217053,True,-0.409799786573051,0.34691857624333,-1.51484579935264,-1.323152815679672,-0.7252199563405082,False,,239701.0,67.0,79.0,20.0,2400000.0,CM,FIFA 21,"Aug 24, 2020",210001.0
GER-Bundesliga,Danny da Costa,Eintracht Frankfurt,1819,"MF,DF",25,3033,33.7,0.06,0.12,0.18,,,,,,,,2019,D F M,3036.0,3.94845887646079,3.94845887646079,5.811638745479286,2.0,2.0,33.0,21.0,13.933870056644082,6.6535599287599325,0.1170491761796677,0.1722817809924689,0.2893309571721366,0.9782608695652174,1.0869565217391304,-1.9484588764607904,-0.0577606386302605,0.1880218512600376,True,,,,-0.7285292727191683,-0.7285292727191683,False,,202429.0,75.0,78.0,24.0,7000000.0,RB,FIFA 19,"Aug 21, 2018",190002.0
GER-Bundesliga,Janik Haberer,Freiburg,1920,"MF,FW",25,1721,19.1,0.1,0.1,0.21,0.68,0.21,0.15,0.6282722513089005,1.9895287958115184,1.7801047120418847,0.0,2020,D F M S,1725.0,0.6445356970652938,0.6445356970652938,1.5322561990469694,2.0,2.0,18.0,13.0,6.214112728834152,4.896367430686951,0.0336279494121022,0.0799438016894071,0.1135717511015093,0.9391304347826086,1.0434782608695654,1.3554643029347062,0.0707198766748542,0.0495796690050226,True,-0.738545885642276,0.9374649021788634,-1.5613474391206534,-1.564250780125227,-0.7316698006773232,False,,211879.0,75.0,78.0,25.0,8000000.0,CM,FIFA 20,"Aug 20, 2019",200001.0
GER-Bundesliga,Denis Huseinbasic,Köln,2223,"MF,FW",21,791,8.8,0.46,0.11,0.57,1.82,0.46,0.25,1.3636363636363635,0.7954545454545454,1.5909090909090908,0.0,2023,,,,,,,,,,,,,,,,,,,,True,-0.3309462365298294,-0.8871175502982526,-0.9800769420204838,,-0.7327135762828553,False,,269922.0,63.0,74.0,20.0,1000000.0,CM,FIFA 23,"Sep 1, 2022",230001.0
GER-Bundesliga,Philipp Max,Eintracht Frankfurt,2324,"MF,DF",29,1350,15.0,0.07,0.13,0.2,0.53,0.13,0.13,4.066666666666666,0.6,0.4666666666666667,0.1333333333333333,2024,D S,1388.0,0.1792451674118638,0.1792451674118638,2.8603504225611687,1.0,1.0,20.0,8.0,6.712096985429525,4.350963208824396,0.011622525264458,0.1854694078029576,0.1970919330674156,1.296829971181556,1.440922190201729,0.8207548325881362,0.0532189732946197,0.0224056459264829,True,1.16729685772229,-1.185778151836759,-1.7473539981927078,-1.1671187383286388,-0.7332385076589538,False,,212187.0,78.0,78.0,29.0,12500000.0,LWB,FC 24,"Aug 11, 2023",240001.0
GER-Bundesliga,Janik Haberer,Freiburg,1819,MF,24,2340,26.0,0.04,0.12,0.15,1.0,0.19,0.04,0.7692307692307693,1.8076923076923077,1.8461538461538465,0.1153846153846153,2019,M S,2347.0,1.039670778438449,1.039670778438449,3.1975245513021946,1.0,1.0,46.0,26.0,8.09823670051992,5.037819527089596,0.039868074162531,0.122614916752108,0.162482990914639,1.7639539838091178,1.9599488708990205,-0.0396707784384489,-0.0015212484275502,0.039987337632248,True,-0.6604150094121082,0.6596131141990208,-1.6078490788886668,-1.331681596526945,-0.7350831426571748,False,,211879.0,74.0,78.0,24.0,7000000.0,CM,FIFA 19,"Aug 21, 2018",190002.0
GER-Bundesliga,Linton Maina,Hannover 96,1819,"MF,FW",19,1414,15.7,0.06,0.19,0.25,1.34,0.19,0.05,1.7197452229299364,0.9554140127388536,0.7006369426751593,0.0636942675159235,2019,D F M S,1444.0,1.853275192901492,1.853275192901492,3.2777995858341455,1.0,1.0,15.0,21.0,5.677374079823494,1.489043191075325,0.1155088416628353,0.2042949880367542,0.3198038296995896,0.9349030470914128,1.0387811634349031,-0.8532751929014921,-0.0531819718567412,0.0882511996619758,True,-0.1335612354662236,-0.6426945280052222,-1.6078490788886668,-0.5836331074884148,-0.7419344874621319,False,,242997.0,65.0,80.0,19.0,1200000.0,CAM,FIFA 19,"Aug 21, 2018",190002.0
GER-Bundesliga,Steffen Tigges,Köln,2223,FW,24,1596,17.7,0.34,0.06,0.39,1.97,0.68,0.17,0.8474576271186441,0.6214689265536724,0.6214689265536724,0.5649717514124294,2023,,,,,,,,,,,,,,,,,,,,True,-0.6170552107875211,-1.152972966856311,-0.4685589045723344,,-0.7461956940720554,False,,238656.0,68.0,73.0,23.0,1800000.0,ST,FIFA 23,"Sep 1, 2022",230001.0
GER-Bundesliga,Dani de Wit,Bochum,2425,"MF,FW",26,1153,12.8,0.16,0.08,0.23,1.56,0.55,0.1,0.625,0.9375,1.875,0.625,2025,F M S,1131.0,2.942672602832318,2.942672602832318,0.4057057108730078,2.0,2.0,9.0,20.0,4.026078104972839,1.7941139079630375,0.2341649286073462,0.0322842740747751,0.2664492026821213,0.7161803713527851,0.7957559681697612,-0.9426726028323174,-0.0750137349733939,0.1471336301416158,True,-0.7403596381261905,-0.6700676945289892,-0.7708195630644227,-0.8373302555069866,-0.7546442878066473,False,,239361.0,74.0,76.0,26.0,5000000.0,CAM,FC 25,"Aug 7, 2024",250001.0
ENG-Premier League,Nick Woltemade,Newcastle,2526,"FW,MF",23,1902,21.1,0.33,0.14,0.47,1.51,0.62,0.22,0.1421800947867298,0.947867298578199,0.947867298578199,0.3791469194312796,2026,,,,,,,,,,,,,,,,,,,,False,-1.0079783873286243,-0.6542261410747399,-0.6080638238763753,,-0.7567561174265798,False,,,,,,,,,,
ENG-Premier League,Niclas Füllkrug,West Ham United,2425,FW,31,790,8.8,0.34,0.23,0.57,1.82,0.8,0.19,0.1136363636363636,0.6818181818181818,2.386363636363636,1.1363636363636362,2025,,,,,,,,,,,,,,,,,,,,False,-1.0237996853852098,-1.0607574349136633,-0.189549065964253,,-0.758035395421042,False,,,,,,,,,,
GER-Bundesliga,Lee Jae-sung,Mainz 05,2526,"MF,FW",32,2185,24.3,0.16,0.08,0.25,1.24,0.37,0.13,1.2757201646090537,0.9053497942386832,0.7818930041152263,0.3703703703703703,2026,,,,,,,,,,,,,,,,,,,,True,-0.3796766698948917,-0.7191942050940489,-1.1893343209765448,,-0.7627350653218284,False,,,,,,,,,,
GER-Bundesliga,Nils Petersen,Freiburg,2021,FW,31,1301,14.5,0.48,0.0,0.48,2.35,0.83,0.21,0.3448275862068966,0.2758620689655172,0.9655172413793104,0.4137931034482758,2021,F S,1268.0,4.6712500005960464,5.429026521742344,0.4524695016443729,7.0,8.0,10.0,34.0,5.773870201781392,1.8594335988163948,0.3315555994113913,0.032115343176651,0.3636709425880424,0.7097791798107256,0.7886435331230284,2.3287499994039536,0.1652898264561166,0.1373897058998837,True,-0.8956543766627414,-1.6810709537466475,-0.1197966063122328,-0.3750483594783575,-0.7678925740499948,False,,183580.0,76.0,76.0,31.0,6500000.0,ST,FIFA 21,"Aug 24, 2020",210001.0
GER-Bundesliga,Václav Černý,Wolfsburg,2324,"MF,FW",25,921,10.2,0.39,0.1,0.49,1.95,0.49,0.2,3.235294117647059,0.0,0.8823529411764707,0.3921568627450981,2024,,,,,,,,,,,,,,,,,,,,True,0.706481387424751,-2.102596742606127,-0.9103244823684636,,-0.7688132791832798,False,,216860.0,76.0,79.0,25.0,10000000.0,RW,FC 24,"Aug 11, 2023",240001.0
GER-Bundesliga,Simon Zoller,Bochum,2223,"FW,MF",31,1457,16.2,0.19,0.12,0.31,1.91,0.62,0.1,1.0493827160493827,0.4938271604938272,1.1728395061728396,0.4320987654320988,2023,F M S,1481.0,4.253587335348129,4.253587335348129,0.8861771766096354,3.0,3.0,11.0,31.0,5.685781069099903,0.9288454409688712,0.2584894396902982,0.0538527656278644,0.3123422053181626,0.6684672518568535,0.7427413909520594,-1.2535873353481293,-0.0761801891838836,0.1372124946886493,True,-0.5051316153666479,-1.3480135403268116,-0.6080638238763753,-0.6191125575562432,-0.7700803842815195,False,,202276.0,73.0,73.0,31.0,2600000.0,ST,FIFA 23,"Sep 1, 2022",230001.0
GER-Bundesliga,Danny da Costa,Mainz 05,2324,"MF,DF",30,830,9.2,0.0,0.11,0.11,0.65,0.11,0.0,4.347826086956522,0.4347826086956522,0.7608695652173914,0.0,2024,D S,831.0,0.2220892691984772,0.2220892691984772,1.5813138987869024,0.0,0.0,9.0,6.0,2.93437541089952,1.2424132823944092,0.0240529894438784,0.1712614330816139,0.1953144225254924,0.9747292418772564,1.083032490974729,-0.2220892691984772,-0.0240529894438784,0.0370148781997462,True,1.323138676943095,-1.4382354449471646,-1.7938556379607211,-1.1755706642489765,-0.7711307675534418,False,,202429.0,74.0,74.0,29.0,3700000.0,RWB,FC 24,"Aug 11, 2023",240001.0
ENG-Premier League,Daichi Kamada,Crystal Palace,2425,MF,27,1564,17.4,0.0,0.0,0.0,1.15,0.23,0.0,1.8390804597701151,1.206896551724138,1.6091954022988506,0.1149425287356322,2025,M S,1527.0,0.9768787622451782,0.9768787622451782,1.8320643100887537,0.0,0.0,20.0,20.0,8.12018227763474,6.361981469206512,0.0575763514093425,0.1079802147400051,0.1655565661493476,1.1787819253438114,1.309757694826457,-0.9768787622451782,-0.0575763514093425,0.0488439381122589,False,-0.0674157711344703,-0.2584214163459034,-1.51484579935264,-1.317066982671416,-0.7894374923761074,False,,,,,,,,,,
GER-Bundesliga,Matúš Bero,Bochum,2324,"MF,FW",27,1661,18.5,0.05,0.05,0.11,1.63,0.33,0.03,0.8108108108108109,1.0810810810810811,2.108108108108108,0.2702702702702703,2024,,,,,,,,,,,,,,,,,,,,True,-0.6373679092422827,-0.4506713538324906,-1.2823376005125722,,-0.7901256211957818,False,,235297.0,70.0,71.0,27.0,1800000.0,CAM,FC 24,"Aug 11, 2023",240001.0
GER-Bundesliga,Fabian Johnson,Gladbach,1819,"DF,FW",30,1012,11.2,0.09,0.0,0.09,0.27,0.18,0.33,0.7142857142857143,1.3392857142857144,0.3571428571428571,0.2678571428571428,2019,,,,,,,,,,,,,,,,,,,,True,-0.690870106065092,-0.0561266739245013,-1.6310998987726737,,-0.7926988929207557,False,,177159.0,77.0,77.0,30.0,8500000.0,LM,FIFA 19,"Aug 21, 2018",190002.0
ENG-Premier League,Wout Weghorst,Manchester Utd,2223,"FW,MF",29,797,8.9,0.0,0.11,0.11,1.58,0.56,0.0,0.0,1.0112359550561798,1.5730337078651684,0.5617977528089887,2023,,,,,,,,,,,,,,,,,,,,False,-1.0867863625538807,-0.5573968705229222,-0.7475687431804159,,-0.7972506587524063,False,,,,,,,,,,
GER-Bundesliga,Romano Schmid,Werder Bremen,2223,"MF,FW",22,1520,16.9,0.06,0.18,0.24,1.07,0.18,0.06,1.183431952662722,1.3609467455621302,0.9467455621301776,0.1183431952662722,2023,F M S,1509.0,1.517536404542625,1.517536404542625,1.95889806561172,1.0,1.0,23.0,18.0,7.789045225828886,4.613580694422126,0.090509129495584,0.1168328866170012,0.2073420161125852,1.371769383697813,1.5241882041086812,-0.517536404542625,-0.0308669823782877,0.0843075780301458,True,-0.4308304346434614,-0.0230279469754101,-1.6310998987726737,-1.118380381772203,-0.800834665540937,False,,239701.0,72.0,79.0,22.0,4800000.0,CAM,FIFA 23,"Sep 1, 2022",230001.0
GER-Bundesliga,Weston McKennie,Schalke 04,1819,"MF,DF",19,1746,19.4,0.05,0.21,0.26,1.34,0.52,0.04,0.5670103092783506,0.8762886597938145,1.752577319587629,0.2577319587628866,2019,D F M S,1745.0,2.5948123880662024,2.5948123880662024,2.6083775963634253,1.0,1.0,19.0,25.0,5.798862364143133,3.1639590011909604,0.133829865287082,0.1345295035373686,0.2683593688244507,0.979942693409742,1.0888252148997135,-1.5948123880662024,-0.0822539340549903,0.103792495522648,True,-0.7725023238978319,-0.7636005189738881,-0.840572022716443,-0.8282475624091239,-0.8012306069993218,False,,238744.0,72.0,85.0,19.0,6000000.0,CM,FIFA 19,"Aug 21, 2018",190002.0
ENG-Premier League,Jadon Sancho,Chelsea,2425,MF,24,1764,19.6,0.15,0.2,0.36,1.22,0.41,0.13,1.2244897959183672,0.5612244897959183,0.3061224489795918,0.3061224489795918,2025,M S,1760.0,2.4174315705895424,2.4174315705895424,4.314331844449043,3.0,3.0,39.0,24.0,10.85904686525464,5.599680565297604,0.1236186598596925,0.2206192420456897,0.3442379019053821,1.9943181818181817,2.215909090909091,0.5825684294104576,0.0297904310493983,0.1007263154412309,False,-0.4080727800016714,-1.2450283328728746,-1.096331041440518,-0.4674509733492344,-0.8042207819160746,False,,,,,,,,,,
ESP-La Liga,Oliver Burke,Alavés,1920,"MF,FW",22,1429,15.9,0.06,0.13,0.19,1.32,0.5,0.05,1.069182389937107,0.6918238993710691,1.1949685534591197,0.0628930817610062,2020,,,,,,,,,,,,,,,,,,,,False,-0.4941569974951906,-1.045468388469539,-0.8870736624844567,,-0.8088996828163956,False,,,,,,,,,,
GER-Bundesliga,Marius Wolf,Dortmund,2324,DF,28,1166,13.0,0.0,0.08,0.08,0.69,0.08,0.0,3.230769230769231,0.5384615384615384,0.9230769230769232,0.0769230769230769,2024,,,,,,,,,,,,,,,,,,,,True,0.7039733206415641,-1.2798108278131044,-1.8636080976127416,,-0.8131485349280941,False,,224425.0,78.0,78.0,28.0,12500000.0,RB,FC 24,"Aug 11, 2023",240001.0
GER-Bundesliga,Wilfried Kanga,Hertha BSC,2223,FW,24,1417,15.7,0.13,0.0,0.13,1.59,0.57,0.08,0.5095541401273885,0.7643312101910829,1.1464968152866242,0.7006369426751593,2023,,,,,,,,,,,,,,,,,,,,True,-0.8043492878612416,-0.9346749709254032,-0.7243179232964093,,-0.8211140606943514,False,,239589.0,68.0,75.0,24.0,2400000.0,ST,FIFA 23,"Sep 1, 2022",230001.0
GER-Bundesliga,Carney Chukwuemeka,Dortmund,2526,"MF,FW",21,919,10.2,0.2,0.0,0.2,1.76,0.2,0.11,0.0980392156862745,1.4705882352941178,1.0784313725490198,0.0,2026,,,,,,,,,,,,,,,,,,,,True,-1.0324449155848314,0.1445076465344814,-1.58459825900466,,-0.82417850935167,False,,,,,,,,,,
GER-Bundesliga,Marcel Sabitzer,Dortmund,2526,MF,31,1817,20.2,0.05,0.1,0.15,0.99,0.2,0.05,1.831683168316832,0.8415841584158417,0.99009900990099,0.1485148514851485,2026,,,,,,,,,,,,,,,,,,,,True,-0.071515962250947,-0.8166300723850659,-1.58459825900466,,-0.8242480978802244,False,,204923.0,80.0,80.0,31.0,15000000.0,CDM,FC 26,"Aug 7, 2025",260001.0
GER-Bundesliga,Danny Latza,Schalke 04,2223,MF,32,853,9.5,0.0,0.11,0.11,1.69,0.21,0.0,2.1052631578947367,1.1578947368421053,1.368421052631579,0.0,2023,M S,827.0,0.911188654601574,0.911188654601574,0.2813880555331707,0.0,0.0,4.0,16.0,1.7259758412837982,0.9968359656631948,0.0991620059421301,0.0306226420773704,0.1297846480195006,0.4353083434099153,0.4836759371221281,-0.911188654601574,-0.0991620059421301,0.0569492909125983,True,0.0801247092025493,-0.3332977077880479,-1.5613474391206534,-1.487159702197406,-0.8254200349758896,False,,189410.0,72.0,72.0,32.0,1800000.0,CM,FIFA 23,"Sep 1, 2022",230001.0
GER-Bundesliga,Luka Jović,Eintracht Frankfurt,2021,FW,22,894,9.9,0.4,0.1,0.5,2.52,0.6,0.16,0.202020202020202,0.8080808080808081,1.3131313131313131,0.303030303030303,2021,,,,,,,,,,,,,,,,,,,,True,-0.9748100475873548,-0.8678242297854292,-0.654565463644389,,-0.8323999136723909,False,,,,,,,,,,
GER-Bundesliga,Danny Latza,Mainz 05,1920,MF,29,1373,15.3,0.0,0.13,0.13,1.05,0.2,0.0,0.6535947712418301,1.437908496732026,2.679738562091503,0.0,2020,M S,1383.0,1.115903390571475,1.115903390571475,2.0376848094165325,0.0,0.0,20.0,16.0,5.260854614898562,3.0986421182751656,0.072618441902699,0.1326042175325292,0.2052226594352282,1.3015184381778742,1.4461315979754157,-1.115903390571475,-0.072618441902699,0.0697439619107171,True,-0.7245100494268845,0.0945719934424677,-1.58459825900466,-1.1284577597754926,-0.8357485186911424,False,,189410.0,77.0,77.0,29.0,8500000.0,CM,FIFA 20,"Aug 20, 2019",200001.0
ITA-Serie A,Daichi Kamada,Lazio,2324,MF,26,1544,17.2,0.12,0.12,0.23,1.69,0.47,0.07,0.6395348837209303,0.7558139534883721,2.2674418604651163,0.1162790697674418,2024,M S,1552.0,1.770090764388442,1.770090764388442,3.275326691567898,2.0,2.0,24.0,29.0,9.194597266614435,6.055140949785709,0.1026470159761338,0.1899351818563858,0.2925821978325197,1.3917525773195878,1.5463917525773196,0.2299092356115579,0.013332365467165,0.0610376125651186,False,-0.7323032026743839,-0.9476896030710702,-0.9568261221364772,-0.7130698734286222,-0.8374722003276384,False,,,,,,,,,,
GER-Bundesliga,Martijn Kaars,St Pauli,2526,FW,26,1348,15.0,0.13,0.07,0.2,1.54,0.67,0.09,1.0,0.4,0.5333333333333333,0.2666666666666666,2026,,,,,,,,,,,,,,,,,,,,True,-0.5325036034695765,-1.4913843487598817,-0.4918097244563412,,-0.8385658922285998,False,,,,,,,,,,
ENG-Premier League,Jadon Sancho,Manchester Utd,2223,MF,22,1686,18.7,0.32,0.16,0.48,1.12,0.59,0.29,0.9625668449197862,0.5347593582887701,0.4812834224598931,0.427807486631016,2023,,,,,,,,,,,,,,,,,,,,False,-0.5532521559486681,-1.285467873827724,-0.6778162835283957,,-0.8388454377682626,False,,,,,,,,,,
GER-Bundesliga,Florian Wirtz,Leverkusen,2021,MF,17,2224,24.7,0.2,0.24,0.45,1.25,0.61,0.16,0.7692307692307693,0.5668016194331984,1.0121457489878545,0.2834008097165992,2021,,,,,,,,,,,,,,,,,,,,True,-0.6604150094121082,-1.2365063059818926,-0.631314643760382,,-0.8427453197181277,False,,256630.0,68.0,88.0,17.0,3300000.0,CAM,FIFA 21,"Aug 24, 2020",210001.0
GER-Bundesliga,Xaver Schlager,Wolfsburg,1920,MF,21,1719,19.1,0.05,0.1,0.16,1.68,0.37,0.03,0.5759162303664921,1.256544502617801,1.7277486910994764,0.0,2020,F M S,1736.0,1.203978709876537,1.203978709876537,2.29444401524961,1.0,1.0,15.0,32.0,6.203220060095191,3.0414217840880156,0.0624182510880693,0.1189515906523415,0.1813698417404108,0.7776497695852534,0.8640552995391706,-0.2039787098765373,-0.0105749331157191,0.0376243346836417,True,-0.7675659253849096,-0.1825578090577119,-1.1893343209765448,-1.2418760734186725,-0.8453335322094597,False,,233195.0,76.0,84.0,21.0,11000000.0,CM,FIFA 20,"Aug 20, 2019",200001.0
GER-Bundesliga,Aurélio Buta,Eintracht Frankfurt,2324,"MF,DF",26,1744,19.4,0.05,0.05,0.1,0.67,0.21,0.08,2.3195876288659796,1.2371134020618555,1.1855670103092784,0.0515463917525773,2024,D F S,1765.0,0.4785298304632306,0.4785298304632306,0.528659038245678,1.0,1.0,9.0,13.0,6.759270810522139,5.984904651530087,0.0244009545278701,0.0269571180975133,0.0513580726253834,0.4589235127478753,0.509915014164306,0.5214701695367694,0.0265905468885604,0.03680998695871,True,0.1989210683117737,-0.2122491327723781,-1.5613474391206534,-1.86007203648918,-0.8586868850176095,False,,,,,,,,,,
GER-Bundesliga,Adam Zreľák,Nürnberg,1819,FW,24,941,10.5,0.19,0.1,0.29,1.63,0.67,0.12,0.0952380952380952,0.6666666666666666,1.8095238095238095,0.9523809523809524,2019,,,,,,,,,,,,,,,,,,,,True,-1.0339975283553755,-1.0839094195290513,-0.4918097244563412,,-0.8699055574469227,False,,,,,,,,,,
ENG-Premier League,Oliver Burke,Sheffield United,2021,FW,23,1269,14.1,0.07,0.07,0.14,1.77,0.43,0.04,0.7092198581560284,0.425531914893617,1.6312056737588654,0.2127659574468085,2021,F S,1272.0,2.6037588827311993,2.6037588827311993,2.620451921597123,1.0,1.0,15.0,25.0,6.119536662474275,1.0531198028475046,0.1842282228347546,0.1854093340752681,0.3696375569100228,1.0613207547169812,1.179245283018868,-1.6037588827311993,-0.1134735058536225,0.1041503553092479,False,-0.6936780227777785,-1.452370791705866,-1.0498294016725045,-0.3466775672635115,-0.8856389458549151,False,,,,,,,,,,
GER-Bundesliga,Janik Haberer,Union Berlin,2324,MF,29,1221,13.6,0.07,0.07,0.15,1.11,0.29,0.07,1.1029411764705883,1.1764705882352942,1.6176470588235294,0.0735294117647058,2024,D M S,1230.0,1.0519700599834323,1.0519700599834323,0.8010420650243759,1.0,1.0,10.0,15.0,3.1380159724503756,2.246667222119868,0.0769734190231779,0.0586128340261738,0.1355862530493518,0.7317073170731707,0.8130081300813009,-0.0519700599834322,-0.0038026873158609,0.0701313373322288,True,-0.4754450841520745,-0.3049132312936403,-1.3753408800485991,-1.4595735164759398,-0.9038181779925636,False,,211879.0,75.0,75.0,29.0,5500000.0,CM,FC 24,"Aug 11, 2023",240001.0
GER-Bundesliga,Florian Grillitsch,Hoffenheim,1920,"MF,DF",23,2408,26.8,0.0,0.11,0.11,0.64,0.04,0.0,0.4477611940298507,1.791044776119403,0.9328358208955224,0.0,2020,D M S,2423.0,1.107721191830933,1.107721191830933,2.567130151204765,0.0,0.0,18.0,17.0,10.51331859920174,8.10139468125999,0.0411452361802657,0.095353575570957,0.1364988117512228,0.6685926537350393,0.7428807263722659,-1.107721191830933,-0.0411452361802657,0.0651600701077019,True,-0.8386000525161326,0.6341751701382558,-1.9566113771487688,-1.4552343700324943,-0.904067657389785,False,,228336.0,79.0,83.0,23.0,16000000.0,CM,FIFA 20,"Aug 20, 2019",200001.0
GER-Bundesliga,Marcel Sabitzer,Dortmund,2425,MF,30,1616,18.0,0.06,0.0,0.06,1.17,0.45,0.05,1.2777777777777777,0.5,0.6666666666666666,0.0,2025,,,,,,,,,,,,,,,,,,,,True,-0.378536170390603,-1.3385812502983203,-1.0033277619044907,,-0.9068150608644712,False,,204923.0,84.0,84.0,30.0,40500000.0,CM,FC 25,"Aug 7, 2024",250001.0
GER-Bundesliga,Danny da Costa,Mainz 05,2526,"DF,MF",32,2695,29.9,0.07,0.1,0.17,0.47,0.17,0.14,1.605351170568562,0.802675585284281,0.7357859531772576,0.0334448160535117,2026,,,,,,,,,,,,,,,,,,,,True,-0.1969678864319206,-0.8760835776972732,-1.6543507186566804,,-0.9091340609286248,False,,202429.0,75.0,75.0,31.0,3800000.0,CB,FC 26,"Aug 7, 2025",260001.0
GER-Bundesliga,Danny da Costa,Mainz 05,2021,MF,27,1208,13.4,0.0,0.07,0.07,0.22,0.0,0.0,3.656716417910448,0.2985074626865671,0.3731343283582089,0.0746268656716417,2021,,,,,,,,,,,,,,,,,,,,True,0.9400685027543964,-1.6464680904820632,-2.049614656684796,,-0.9186714148041544,False,,,,,,,,,,
GER-Bundesliga,Levin Öztunalı,Mainz 05,1819,"MF,FW",22,921,10.2,0.0,0.1,0.1,1.56,0.68,0.0,1.0784313725490198,0.196078431372549,1.7647058823529411,0.0,2019,,,,,,,,,,,,,,,,,,,,True,-0.4890304458943368,-1.802982824054046,-0.4685589045723344,,-0.9201907248402392,False,,213134.0,74.0,80.0,22.0,7500000.0,RM,FIFA 19,"Aug 21, 2018",190002.0
ITA-Serie A,Weston McKennie,Juventus,2425,"MF,DF",25,2310,25.7,0.08,0.16,0.23,0.86,0.31,0.09,0.7392996108949417,0.7392996108949417,1.206225680933852,0.0389105058365758,2025,D F M S,2334.0,2.9408072270452976,2.9408072270452976,4.656233137473464,2.0,2.0,32.0,22.0,10.659127198159696,5.942629124969244,0.1133987362613868,0.1795462649411361,0.2929450012025229,1.2339331619537277,1.371036846615253,-0.9408072270452976,-0.0362779136392788,0.1336730557747862,False,-0.6770053344370799,-0.9729240302443892,-1.3288392402805858,-0.711344771307091,-0.9225283440672865,False,,,,,,,,,,
GER-Bundesliga,Anthony Ujah,Union Berlin,1920,"FW,MF",28,949,10.5,0.28,0.19,0.47,1.8,0.57,0.16,0.6666666666666666,0.2857142857142857,1.9047619047619049,0.8571428571428571,2020,F M S,948.0,2.2106569726020098,2.2106569726020098,1.1451426316052675,3.0,3.0,10.0,19.0,3.208867145702243,0.2517924979329109,0.2098724973989249,0.1087160726207532,0.3185885700196782,0.949367088607595,1.0548523206751057,0.7893430273979902,0.0749376291833535,0.1163503669790531,True,-0.7172645231643445,-1.6660164612873802,-0.7243179232964093,-0.5894115738020212,-0.9242526203875387,False,,198554.0,73.0,73.0,28.0,4099999.9999999995,ST,FIFA 20,"Aug 20, 2019",200001.0
GER-Bundesliga,Jordan Pefok,Union Berlin,2223,FW,26,1358,15.1,0.27,0.27,0.53,2.25,0.46,0.12,0.1324503311258278,0.8609271523178809,2.5165562913907285,0.5960264900662252,2023,,,,,,,,,,,,,,,,,,,,True,-1.0133714275758272,-0.7870733783675191,-0.9800769420204838,,-0.92684058265461,False,,,,,,,,,,
ENG-Premier League,Randal Kolo Muani,Tottenham,2526,"FW,MF",26,1664,18.5,0.05,0.05,0.11,1.08,0.22,0.05,0.972972972972973,0.918918918918919,2.216216216216216,0.1621621621621621,2026,,,,,,,,,,,,,,,,,,,,False,-0.547484218579963,-0.698460162148536,-1.5380966192366468,,-0.9280136666550486,False,,,,,,,,,,
GER-Bundesliga,Arne Maier,Arminia,2021,MF,21,1034,11.5,0.0,0.0,0.0,0.96,0.17,0.0,2.4347826086956523,0.4347826086956521,0.1739130434782608,0.1739130434782608,2021,,,,,,,,,,,,,,,,,,,,True,0.2627716595644255,-1.4382354449471646,-1.6543507186566804,,-0.9432715013464732,False,,,,,,,,,,
GER-Bundesliga,Sardar Azmoun,Leverkusen,2223,"FW,MF",27,927,10.3,0.39,0.1,0.49,2.72,0.97,0.14,0.0,0.0970873786407767,1.6504854368932038,0.7766990291262136,2023,,,,,,,,,,,,,,,,,,,,True,-1.0867863625538807,-1.954244219827912,0.2057148720638621,,-0.9451052367726436,False,,213955.0,80.0,81.0,27.0,24500000.0,ST,FIFA 23,"Sep 1, 2022",230001.0
GER-Bundesliga,Xaver Schlager,RB Leipzig,2223,MF,24,1506,16.7,0.06,0.06,0.12,0.3,0.06,0.2,0.1197604790419161,1.437125748502994,1.6167664670658684,0.059880239520958,2023,,,,,,,,,,,,,,,,,,,,True,-1.0204051938012697,0.0933759298953536,-1.9101097373807552,,-0.9457130004288904,False,,233195.0,80.0,84.0,24.0,27500000.0,CDM,FIFA 23,"Sep 1, 2022",230001.0
ITA-Serie A,Weston McKennie,Juventus,2324,MF,24,2594,28.8,0.0,0.24,0.24,0.8,0.24,0.0,2.048611111111111,0.4166666666666666,0.798611111111111,0.2083333333333333,2024,D M S,2603.0,3.1354414774104953,3.1354414774104953,4.233117712661624,0.0,0.0,41.0,23.0,12.871985682286322,8.706567496992648,0.1084094248816537,0.1463621183786193,0.254771543260273,1.4175950825970036,1.5751056473300038,-3.1354414774104953,-0.1084094248816537,0.1363235424961084,False,0.0487234564035483,-1.4659171656829548,-1.4915949794686332,-0.8928566279410993,-0.9504113291722848,False,,,,,,,,,,
GER-Bundesliga,Dion Drena Beljo,Augsburg,2223,FW,20,1128,12.5,0.24,0.16,0.4,0.96,0.4,0.25,0.4,0.8,2.08,0.56,2023,,,,,,,,,,,,,,,,,,,,True,-0.865073258920159,-0.8801719549136361,-1.1195818613245243,,-0.9549423583861064,False,,,,,,,,,,
GER-Bundesliga,Adrian Beck,Heidenheim,2324,MF,26,974,10.8,0.09,0.09,0.18,1.11,0.28,0.08,0.5555555555555555,0.9259259259259258,1.2962962962962965,0.1851851851851851,2024,,,,,,,,,,,,,,,,,,,,True,-0.778851496395934,-0.6877532383324109,-1.3985916999326058,,-0.955065478220317,False,,253133.0,68.0,71.0,26.0,1600000.0,CM,FC 24,"Aug 11, 2023",240001.0
ITA-Serie A,Weston McKennie,Juventus,2526,MF,26,2835,31.5,0.16,0.16,0.32,1.37,0.51,0.12,1.1428571428571428,0.3492063492063492,1.3968253968253967,0.2222222222222222,2026,,,,,,,,,,,,,,,,,,,,False,-0.4533203521718187,-1.5689986209943256,-0.8638228426004498,,-0.962047271922198,False,,,,,,,,,,
ENG-Premier League,Jadon Sancho,Aston Villa,2526,MF,25,876,9.7,0.0,0.21,0.21,1.03,0.31,0.0,2.3711340206185567,0.2061855670103093,0.3092783505154639,0.3092783505154639,2026,,,,,,,,,,,,,,,,,,,,False,0.2274923445532326,-1.7875388076338357,-1.3288392402805858,,-0.9629619011203964,False,,,,,,,,,,
GER-Bundesliga,Xaver Schlager,Wolfsburg,2021,MF,22,2626,29.2,0.07,0.14,0.21,1.68,0.17,0.04,0.3424657534246575,1.1643835616438356,1.5753424657534247,0.0342465753424657,2021,M S,2651.0,2.6503377333283424,2.6503377333283424,3.817872976884246,2.0,2.0,24.0,49.0,13.22123559564352,7.699162695556879,0.0899775164087328,0.1296146993283976,0.2195922157371305,0.8147868728781592,0.9053187476423992,-0.6503377333283424,-0.0220786103355529,0.0540885251699661,True,-0.8969634998537765,-0.3233825824372618,-1.6543507186566804,-1.0601316247077437,-0.9837071064138656,False,,233195.0,76.0,83.0,22.0,15000000.0,CM,FIFA 21,"Aug 24, 2020",210001.0
GER-Bundesliga,Xaver Schlager,RB Leipzig,2526,MF,27,1837,20.4,0.15,0.05,0.2,1.03,0.34,0.14,0.5392156862745099,0.7843137254901962,1.2254901960784317,0.0980392156862745,2026,,,,,,,,,,,,,,,,,,,,True,-0.7879084042241088,-0.9041410683978024,-1.2590867806285653,,-0.9837120844168256,False,,233195.0,80.0,82.0,27.0,23000000.0,CDM,FC 26,"Aug 7, 2025",260001.0
GER-Bundesliga,Danny da Costa,Mainz 05,2223,MF,29,1236,13.7,0.0,0.15,0.15,0.51,0.07,0.0,3.7956204379562046,0.218978102189781,0.5839416058394161,0.291970802919708,2023,D M S,1247.0,0.6438299268484116,0.6438299268484116,1.4726438075304031,0.0,0.0,11.0,7.0,3.3775308337062597,1.6387583166360855,0.0464672761959559,0.10628543919626,0.1527527153922159,0.7939053728949479,0.8821170809943866,-0.6438299268484116,-0.0464672761959559,0.0919757038354873,True,1.01706060623326,-1.7679914175078175,-1.8868589174967485,-1.377948308290584,-1.0039345092654726,False,,202429.0,74.0,74.0,28.0,3800000.0,RWB,FIFA 23,"Sep 1, 2022",230001.0
ITA-Serie A,Weston McKennie,Juventus,2223,MF,23,1052,11.7,0.09,0.09,0.17,0.68,0.34,0.13,1.2820512820512822,0.5982905982905983,1.1111111111111112,0.2564102564102564,2023,D M S,1068.0,0.6379169821739197,0.6379169821739197,1.5675778184086084,1.0,1.0,8.0,8.0,3.6511223763227463,1.7335574850440023,0.0537570490595999,0.1320992543602759,0.1858563034198759,0.6741573033707865,0.7490636704119851,0.3620830178260803,0.0305126138617483,0.0797396227717399,False,-0.3761674406509264,-1.1883901706138795,-1.2590867806285653,-1.2205432931819695,-1.011046921268835,False,,,,,,,,,,
GER-Bundesliga,Fredrik Jensen,Augsburg,2425,"MF,FW",26,763,8.5,0.0,0.0,0.0,1.3,0.0,0.0,2.4705882352941178,0.5882352941176471,0.5882352941176471,0.3529411764705882,2025,M S,753.0,0.8585721682757139,0.8585721682757139,0.7730063246563077,0.0,0.0,11.0,11.0,1.7357341358438134,0.3646342735737562,0.1026181874433124,0.0923911941820288,0.1950093816253412,1.3147410358565736,1.4608233731739706,-0.8585721682757139,-0.1026181874433124,0.0780520152977921,True,0.2826181010661653,-1.2037549869498836,-2.049614656684796,-1.1770211102688133,-1.0369431632093318,False,,234889.0,74.0,75.0,26.0,5000000.0,CAM,FC 25,"Aug 7, 2024",250001.0
FRA-Ligue 1,Aurélio Buta,Reims,2425,DF,27,1970,21.9,0.0,0.05,0.05,0.37,0.05,0.0,1.4155251141552512,1.2328767123287672,1.4611872146118725,0.136986301369863,2025,D S,2013.0,0.290973786264658,0.290973786264658,1.5548659227788448,0.0,0.0,10.0,8.0,6.656364345923066,5.113347943872213,0.0130092601906702,0.0695171053403358,0.082526365531006,0.4470938897168405,0.4967709885742672,-0.290973786264658,-0.0130092601906702,0.0363717232830822,False,-0.3021851967267833,-0.2187229259567402,-1.933360557264762,-1.7118692008442955,-1.0415344701981453,False,,,,,,,,,,
GER-Bundesliga,Weston McKennie,Schalke 04,1920,"MF,DF",20,2074,23.0,0.13,0.0,0.13,1.39,0.35,0.09,0.391304347826087,0.6521739130434783,1.608695652173913,0.0,2020,D M S,2075.0,2.4019281854853034,2.4019281854853034,2.8748298306018114,3.0,3.0,19.0,32.0,5.271044530905783,2.9065083600580692,0.1041800176836999,0.1246914143393556,0.2288714320230555,0.8240963855421686,0.9156626506024096,0.5980718145146966,0.0259404642440109,0.0750602557964157,True,-0.8698931089991531,-1.1060547961176834,-1.2358359607445586,-1.0160096649231511,-1.0569483826961366,False,,238744.0,76.0,86.0,20.0,12500000.0,CM,FIFA 20,"Aug 20, 2019",200001.0
GER-Bundesliga,Denis Huseinbasic,Köln,2324,MF,22,1627,18.1,0.0,0.17,0.17,0.66,0.17,0.0,0.8287292817679557,0.7734806629834253,1.5469613259668509,0.0,2024,,,,,,,,,,,,,,,,,,,,True,-0.6274360097215844,-0.920694323566426,-1.6543507186566804,,-1.0674936839815636,False,,269922.0,69.0,80.0,21.0,3100000.0,CM,FC 24,"Aug 11, 2023",240001.0
GER-Bundesliga,Federico Palacios Martínez,Nürnberg,1819,"MF,FW",23,942,10.5,0.19,0.0,0.19,0.67,0.19,0.29,0.1904761904761904,0.9523809523809524,0.8571428571428571,0.2857142857142857,2019,,,,,,,,,,,,,,,,,,,,True,-0.9812086941568704,-0.6473291382103046,-1.6078490788886668,,-1.0787956370852807,False,,,,,,,,,,
ENG-Premier League,Nicolás González,Manchester City,2526,MF,23,1569,17.4,0.06,0.0,0.06,0.8,0.11,0.07,0.1724137931034483,1.0344827586206895,1.7241379310344829,0.0,2026,,,,,,,,,,,,,,,,,,,,False,-0.9912203696083112,-0.5218750343830784,-1.7938556379607211,,-1.102317013984037,False,,,,,,,,,,
GER-Bundesliga,Xaver Schlager,RB Leipzig,2324,MF,25,2477,27.5,0.0,0.18,0.18,0.76,0.11,0.0,0.509090909090909,0.9090909090909092,1.2363636363636363,0.0727272727272727,2024,,,,,,,,,,,,,,,,,,,,True,-0.8046060488382349,-0.713477665682842,-1.7938556379607211,,-1.1039797841605994,False,,233195.0,81.0,84.0,25.0,31000000.0,CDM,FC 24,"Aug 11, 2023",240001.0
GER-Bundesliga,Arne Maier,Hertha BSC,1819,MF,19,2064,22.9,0.0,0.0,0.0,0.87,0.26,0.0,0.4366812227074236,0.6986899563318778,0.8296943231441049,0.0,2019,,,,,,,,,,,,,,,,,,,,True,-0.8447414895913026,-1.0349768406912876,-1.4450933397006196,,-1.10827055666107,False,,237629.0,72.0,84.0,19.0,5500000.0,CM,FIFA 19,"Aug 21, 2018",190002.0
GER-Bundesliga,Eren Dinkçi,Freiburg,2425,MF,22,1196,13.3,0.0,0.23,0.23,1.05,0.23,0.0,1.2030075187969924,0.4511278195488721,0.6766917293233082,0.075187969924812,2025,,,,,,,,,,,,,,,,,,,,True,-0.4199800358359207,-1.4132594563133691,-1.51484579935264,,-1.1160284305006432,False,,258316.0,76.0,82.0,22.0,12000000.0,RM,FC 25,"Aug 7, 2024",250001.0
GER-Bundesliga,Florian Grillitsch,Hoffenheim,2324,"DF,MF",27,2295,25.5,0.04,0.24,0.27,0.82,0.24,0.05,0.6666666666666666,0.9411764705882352,1.0588235294117647,0.0,2024,D M S,2299.0,0.9007108602672815,0.9007108602672815,1.5126190595328808,1.0,1.0,19.0,21.0,13.64495960623026,12.21770933177322,0.0352605382444781,0.0592151871935447,0.0944757254380228,0.743801652892562,0.8264462809917356,0.0992891397327184,0.0038869171709198,0.042890993346061,True,-0.7172645231643445,-0.6644499335561377,-1.4915949794686332,-1.6550509134994118,-1.1320900874221318,False,,228336.0,76.0,77.0,27.0,7500000.0,CDM,FC 24,"Aug 11, 2023",240001.0
ESP-La Liga,Nicolás González,Valencia,2223,MF,20,1405,15.6,0.06,0.06,0.13,0.9,0.19,0.07,0.1923076923076923,0.8333333333333334,2.1153846153846154,0.0,2023,,,,,,,,,,,,,,,,,,,,False,-0.9801935242684376,-0.8292375887597823,-1.6078490788886668,,-1.139093397305629,False,,,,,,,,,,
GER-Bundesliga,Tobias Strobl,Augsburg,2021,MF,30,1846,20.5,0.0,0.0,0.0,0.29,0.05,0.0,0.3414634146341463,1.3170731707317074,0.8292682926829268,0.0,2021,F M S,1860.0,0.7158754952251911,0.7158754952251911,0.7704354003071785,0.0,0.0,14.0,6.0,3.415845001116395,2.788331415504217,0.034639136865735,0.0372791322729279,0.071918269138663,0.6774193548387096,0.7526881720430108,-0.7158754952251911,-0.034639136865735,0.1193125825375318,True,-0.8975190789641183,-0.0900681287221479,-1.933360557264762,-1.7623098833321034,-1.1708144120707829,False,,207894.0,76.0,76.0,30.0,6500000.0,CDM,FIFA 21,"Aug 24, 2020",210001.0
GER-Bundesliga,Tobias Strobl,Gladbach,1819,"MF,DF",28,2293,25.5,0.0,0.16,0.16,0.35,0.08,0.0,0.0,0.9411764705882352,1.0196078431372548,0.0392156862745098,2019,,,,,,,,,,,,,,,,,,,,True,-1.0867863625538807,-0.6644499335561377,-1.8636080976127416,,-1.20494813124092,False,,207894.0,75.0,75.0,28.0,5500000.0,CDM,FIFA 19,"Aug 21, 2018",190002.0
GER-Bundesliga,Kevin Akpoguma,Hoffenheim,2021,"DF,MF",25,1184,13.2,0.08,0.0,0.08,0.15,0.15,0.5,0.6060606060606061,1.0606060606060606,1.1363636363636365,0.0,2021,D M S,1184.0,0.0835450980812311,0.0835450980812311,0.3715801052749157,1.0,1.0,2.0,2.0,2.555944200605154,2.1743557937443256,0.0063505564419854,0.0282451093536675,0.034595665795653,0.152027027027027,0.1689189189189189,0.9164549019187688,0.069662957071528,0.0417725490406155,True,-0.7508574176543024,-0.4819578195289611,-1.7008523584246942,-1.9397759917850783,-1.218360896848259,False,,211856.0,73.0,77.0,25.0,3800000.0,CB,FIFA 21,"Aug 24, 2020",210001.0
GER-Bundesliga,Denis Huseinbasic,Köln,2526,MF,24,726,8.1,0.0,0.0,0.0,0.74,0.0,0.0,0.1234567901234568,0.9876543209876544,0.9876543209876544,0.0,2026,,,,,,,,,,,,,,,,,,,,True,-1.0183563922965593,-0.5934303380474961,-2.049614656684796,,-1.2204671290096172,False,,269922.0,72.0,77.0,23.0,3500000.0,CM,FC 26,"Aug 7, 2025",260001.0
GER-Bundesliga,Janik Haberer,Union Berlin,2425,MF,30,1696,18.8,0.0,0.0,0.0,0.8,0.16,0.0,0.7978723404255319,0.7978723404255319,1.1170212765957446,0.1595744680851063,2025,D M S,1723.0,0.579868745058775,0.579868745058775,0.9658870846033096,0.0,0.0,7.0,15.0,3.881269328296185,3.2138795107603073,0.0302891393240219,0.050452604535286,0.0807417438593079,0.3656413232733604,0.4062681369704005,-0.579868745058775,-0.0302891393240219,0.0386579163372516,True,-0.6445394803057657,-0.8834230846681375,-1.6776015385406873,-1.720354939639803,-1.2314797607885983,False,,211879.0,74.0,74.0,30.0,4000000.0,CM,FC 25,"Aug 7, 2024",250001.0
ENG-Premier League,Nicolás González,Manchester City,2425,MF,22,760,8.4,0.12,0.0,0.12,1.07,0.24,0.11,0.119047619047619,0.5952380952380952,1.5476190476190474,0.0,2025,,,,,,,,,,,,,,,,,,,,False,-1.0208003198057494,-1.193054489858738,-1.4915949794686332,,-1.2351499297110402,False,,,,,,,,,,
GER-Bundesliga,Mahmoud Dahoud,Frankfurt,2526,"MF,FW",29,716,8.0,0.25,0.38,0.63,2.14,0.25,0.12,1.0,0.25,2.0,0.0,2026,,,,,,,,,,,,,,,,,,,,True,-0.5325036034695765,-1.7205889964522236,-1.4683441595846265,,-1.2404789198354755,False,,218339.0,73.0,73.0,29.0,3000000.0,CM,FC 26,"Aug 7, 2025",260001.0
GER-Bundesliga,Kevin Akpoguma,Hoffenheim,2324,DF,28,1097,12.2,0.0,0.0,0.0,0.16,0.0,0.0,0.3278688524590164,1.1475409836065575,1.2295081967213115,0.0,2024,D M S,1080.0,0.6730638053268194,0.6730638053268194,0.2466843258589506,0.0,0.0,5.0,2.0,3.8935156539082527,3.0096214525401592,0.0560886504439016,0.0205570271549125,0.0766456775988141,0.4166666666666667,0.4629629629629629,-0.6730638053268194,-0.0560886504439016,0.3365319026634097,True,-0.9050543103950924,-0.3491185635390291,-2.049614656684796,-1.7398314196842075,-1.2609047375757814,False,,211856.0,74.0,76.0,28.0,4200000.0,CB,FC 24,"Aug 11, 2023",240001.0
GER-Bundesliga,Kevin Akpoguma,Hoffenheim,2425,DF,29,2220,24.7,0.0,0.0,0.0,0.2,0.04,0.0,0.4858299595141701,0.931174089068826,0.97165991902834,0.0404858299595141,2025,D S,2207.0,0.1071487292647361,0.1071487292647361,0.5916964765638113,0.0,0.0,8.0,5.0,5.370522538200021,4.812750459648669,0.0043694542971573,0.02412899088842,0.0284984451855773,0.3262347077480743,0.3624830086089715,-0.1071487292647361,-0.0043694542971573,0.0214297458529472,True,-0.8174991921485508,-0.6797338824377418,-1.9566113771487688,-1.968767806855022,-1.355653064647521,False,,211856.0,74.0,74.0,29.0,3500000.0,CB,FC 25,"Aug 7, 2024",250001.0
GER-Bundesliga,Kevin Akpoguma,Hoffenheim,2223,DF,27,1950,21.7,0.0,0.0,0.0,0.37,0.05,0.0,0.3686635944700461,0.8755760368663594,1.5207373271889402,0.0,2023,D S,1966.0,0.4143489804118871,0.4143489804118871,0.6481539979577065,0.0,0.0,5.0,8.0,3.9068340938538313,3.155833002179861,0.0189681628876245,0.0296713427345847,0.0486395056222092,0.2288911495422177,0.254323499491353,-0.4143489804118871,-0.0189681628876245,0.0517936225514858,True,-0.8824424882370866,-0.764689428887387,-1.933360557264762,-1.872998613507081,-1.3633727719740791,False,,211856.0,75.0,77.0,27.0,6000000.0,CB,FIFA 23,"Sep 1, 2022",230001.0
ENG-Premier League,Weston McKennie,Leeds United,2223,MF,23,1437,16.0,0.0,0.06,0.06,0.81,0.13,0.0,0.5625,0.3125,1.25,0.0625,2023,,,,,,,,,,,,,,,,,,,,False,-0.7750023105689596,-1.6250870599137477,-1.7473539981927078,,-1.3824811228918048,False,,,,,,,,,,
GER-Bundesliga,Kevin Akpoguma,Hoffenheim,1920,DF,24,1142,12.7,0.0,0.0,0.0,0.16,0.0,0.0,0.2362204724409449,1.0236220472440944,0.6299212598425197,0.0787401574803149,2020,D F S,1131.0,0.0852595986798405,0.0852595986798405,0.0870886966586113,0.0,0.0,2.0,2.0,2.902340345084667,2.815251335501671,0.0067845834493241,0.0069301350126215,0.0137147184619457,0.1591511936339522,0.1768346595932802,-0.0852595986798405,-0.0067845834493241,0.0426297993399202,True,-0.955853427337116,-0.5384705378814832,-2.049614656684796,-2.039063290424673,-1.3957504780820171,False,,211856.0,75.0,81.0,24.0,8000000.0,CB,FIFA 20,"Aug 20, 2019",200001.0
GER-Bundesliga,Danny da Costa,Mainz 05,2425,DF,31,2006,22.3,0.0,0.04,0.04,0.22,0.04,0.0,0.9865470852017936,0.179372197309417,0.852017937219731,0.0,2025,D,2022.0,0.0709243584424257,0.0709243584424257,0.7302904175594449,0.0,0.0,10.0,5.0,5.446860525757074,4.76142206043005,0.0031568705538171,0.0325055081999752,0.0356623787537924,0.4451038575667656,0.4945598417408506,-0.0709243584424257,-0.0031568705538171,0.0141848716884851,True,-0.5399603222016524,-1.828510467338752,-1.9566113771487688,-1.934703853708922,-1.564946505099524,False,,202429.0,73.0,73.0,30.0,2600000.0,RB,FC 25,"Aug 7, 2024",250001.0
FRA-Ligue 1,Christopher Nkunku,Paris Saint-Germain,1819,"MF,FW",20,1156,12.8,0.23,0.16,0.39,,,,,,,,2019,,,,,,,,,,,,,,,,,,,,False,,,,,,,,232411.0,76.0,84.0,20.0,11500000.0,CM,FIFA 19,"Aug 21, 2018",190002.0
FRA-Ligue 1,Eric Maxim Choupo-Moting,Paris Saint-Germain,1819,FW,29,802,8.9,0.34,0.0,0.34,,,,,,,,2019,,,,,,,,,,,,,,,,,,,,False,,,,,,,,,,,,,,,,
FRA-Ligue 1,Moussa Diaby,Paris Saint-Germain,1819,MF,19,1141,12.7,0.16,0.47,0.63,,,,,,,,2019,,,,,,,,,,,,,,,,,,,,False,,,,,,,,241852.0,65.0,82.0,18.0,1100000.0,RW,FIFA 19,"Aug 21, 2018",190002.0
GER-Bundesliga,Ante Rebić,Eintracht Frankfurt,1819,"FW,MF",24,1978,22.0,0.41,0.18,0.59,,,,,,,,2019,,,,,,,,,,,,,,,,,,,,True,,,,,,,,220018.0,79.0,82.0,24.0,16000000.0,ST,FIFA 19,"Aug 21, 2018",190002.0
GER-Bundesliga,Luka Jović,Eintracht Frankfurt,1819,"FW,MF",20,2243,24.9,0.64,0.2,0.84,,,,,,,,2019,,,,,,,,,,,,,,,,,,,,True,,,,,,,,232432.0,75.0,83.0,20.0,10000000.0,ST,FIFA 19,"Aug 21, 2018",190002.0
GER-Bundesliga,Mijat Gaćinović,Eintracht Frankfurt,1819,MF,23,1626,18.1,0.0,0.06,0.06,,,,,,,,2019,,,,,,,,,,,,,,,,,,,,True,,,,,,,,230564.0,75.0,81.0,23.0,9000000.0,CM,FIFA 19,"Aug 21, 2018",190002.0
